分類,素材包,檔案,寬,高,原始路徑
"06_特效動畫","RTP基本素材","06_特效動畫\RTP基本素材\Absorb.png","960","960","NewData\img\animations\Absorb.png"
"06_特效動畫","RTP基本素材","06_特效動畫\RTP基本素材\ArrowSpecial.png","960","576","NewData\img\animations\ArrowSpecial.png"
"06_特效動畫","RTP基本素材","06_特效動畫\RTP基本素材\Blow.png","960","384","NewData\img\animations\Blow.png"
"06_特效動畫","RTP基本素材","06_特效動畫\RTP基本素材\Breath.png","960","576","NewData\img\animations\Breath.png"
"06_特效動畫","RTP基本素材","06_特效動畫\RTP基本素材\Claw.png","960","384","NewData\img\animations\Claw.png"
"06_特效動畫","RTP基本素材","06_特效動畫\RTP基本素材\ClawPhoton.png","960","384","NewData\img\animations\ClawPhoton.png"
"06_特效動畫","RTP基本素材","06_特效動畫\RTP基本素材\ClawSpecial1.png","960","960","NewData\img\animations\ClawSpecial1.png"
"06_特效動畫","RTP基本素材","06_特效動畫\RTP基本素材\ClawSpecial2.png","960","576","NewData\img\animations\ClawSpecial2.png"
"06_特效動畫","RTP基本素材","06_特效動畫\RTP基本素材\Cure1.png","960","1152","NewData\img\animations\Cure1.png"
"06_特效動畫","RTP基本素材","06_特效動畫\RTP基本素材\Cure2.png","960","1152","NewData\img\animations\Cure2.png"
"06_特效動畫","RTP基本素材","06_特效動畫\RTP基本素材\Cure3.png","960","1152","NewData\img\animations\Cure3.png"
"06_特效動畫","RTP基本素材","06_特效動畫\RTP基本素材\Cure4.png","960","576","NewData\img\animations\Cure4.png"
"06_特效動畫","RTP基本素材","06_特效動畫\RTP基本素材\Curse.png","960","768","NewData\img\animations\Curse.png"
"06_特效動畫","RTP基本素材","06_特效動畫\RTP基本素材\Darkness1.png","960","768","NewData\img\animations\Darkness1.png"
"06_特效動畫","RTP基本素材","06_特效動畫\RTP基本素材\Darkness2.png","960","960","NewData\img\animations\Darkness2.png"
"06_特效動畫","RTP基本素材","06_特效動畫\RTP基本素材\Darkness3.png","960","384","NewData\img\animations\Darkness3.png"
"06_特效動畫","RTP基本素材","06_特效動畫\RTP基本素材\Darkness4.png","960","1152","NewData\img\animations\Darkness4.png"
"06_特效動畫","RTP基本素材","06_特效動畫\RTP基本素材\Darkness5.png","960","960","NewData\img\animations\Darkness5.png"
"06_特效動畫","RTP基本素材","06_特效動畫\RTP基本素材\Earth1.png","960","960","NewData\img\animations\Earth1.png"
"06_特效動畫","RTP基本素材","06_特效動畫\RTP基本素材\Earth2.png","960","768","NewData\img\animations\Earth2.png"
"06_特效動畫","RTP基本素材","06_特效動畫\RTP基本素材\Earth3.png","960","384","NewData\img\animations\Earth3.png"
"06_特效動畫","RTP基本素材","06_特效動畫\RTP基本素材\Earth4.png","960","384","NewData\img\animations\Earth4.png"
"06_特效動畫","RTP基本素材","06_特效動畫\RTP基本素材\Earth5.png","960","1152","NewData\img\animations\Earth5.png"
"06_特效動畫","RTP基本素材","06_特效動畫\RTP基本素材\Explosion1.png","960","576","NewData\img\animations\Explosion1.png"
"06_特效動畫","RTP基本素材","06_特效動畫\RTP基本素材\Explosion2.png","960","1152","NewData\img\animations\Explosion2.png"
"06_特效動畫","RTP基本素材","06_特效動畫\RTP基本素材\Fire1.png","960","1152","NewData\img\animations\Fire1.png"
"06_特效動畫","RTP基本素材","06_特效動畫\RTP基本素材\Fire2.png","960","384","NewData\img\animations\Fire2.png"
"06_特效動畫","RTP基本素材","06_特效動畫\RTP基本素材\Fire3.png","960","1152","NewData\img\animations\Fire3.png"
"06_特效動畫","RTP基本素材","06_特效動畫\RTP基本素材\Flash.png","960","576","NewData\img\animations\Flash.png"
"06_特效動畫","RTP基本素材","06_特效動畫\RTP基本素材\Gun1.png","960","960","NewData\img\animations\Gun1.png"
"06_特效動畫","RTP基本素材","06_特效動畫\RTP基本素材\Gun2.png","960","960","NewData\img\animations\Gun2.png"
"06_特效動畫","RTP基本素材","06_特效動畫\RTP基本素材\Gun3.png","960","768","NewData\img\animations\Gun3.png"
"06_特效動畫","RTP基本素材","06_特效動畫\RTP基本素材\Hit1.png","768","192","NewData\img\animations\Hit1.png"
"06_特效動畫","RTP基本素材","06_特效動畫\RTP基本素材\Hit2.png","576","192","NewData\img\animations\Hit2.png"
"06_特效動畫","RTP基本素材","06_特效動畫\RTP基本素材\HitFire.png","960","384","NewData\img\animations\HitFire.png"
"06_特效動畫","RTP基本素材","06_特效動畫\RTP基本素材\HitIce.png","960","384","NewData\img\animations\HitIce.png"
"06_特效動畫","RTP基本素材","06_特效動畫\RTP基本素材\HitPhoton.png","960","192","NewData\img\animations\HitPhoton.png"
"06_特效動畫","RTP基本素材","06_特效動畫\RTP基本素材\HitSpecial1.png","960","384","NewData\img\animations\HitSpecial1.png"
"06_特效動畫","RTP基本素材","06_特效動畫\RTP基本素材\HitSpecial2.png","960","384","NewData\img\animations\HitSpecial2.png"
"06_特效動畫","RTP基本素材","06_特效動畫\RTP基本素材\HitThunder.png","960","384","NewData\img\animations\HitThunder.png"
"06_特效動畫","RTP基本素材","06_特效動畫\RTP基本素材\Holy1.png","960","1152","NewData\img\animations\Holy1.png"
"06_特效動畫","RTP基本素材","06_特效動畫\RTP基本素材\Holy2.png","960","1152","NewData\img\animations\Holy2.png"
"06_特效動畫","RTP基本素材","06_特效動畫\RTP基本素材\Holy3.png","960","576","NewData\img\animations\Holy3.png"
"06_特效動畫","RTP基本素材","06_特效動畫\RTP基本素材\Holy4.png","960","960","NewData\img\animations\Holy4.png"
"06_特效動畫","RTP基本素材","06_特效動畫\RTP基本素材\Holy5.png","960","1152","NewData\img\animations\Holy5.png"
"06_特效動畫","RTP基本素材","06_特效動畫\RTP基本素材\Howl.png","960","384","NewData\img\animations\Howl.png"
"06_特效動畫","RTP基本素材","06_特效動畫\RTP基本素材\Ice1.png","960","576","NewData\img\animations\Ice1.png"
"06_特效動畫","RTP基本素材","06_特效動畫\RTP基本素材\Ice2.png","960","960","NewData\img\animations\Ice2.png"
"06_特效動畫","RTP基本素材","06_特效動畫\RTP基本素材\Ice3.png","960","384","NewData\img\animations\Ice3.png"
"06_特效動畫","RTP基本素材","06_特效動畫\RTP基本素材\Ice4.png","960","192","NewData\img\animations\Ice4.png"
"06_特效動畫","RTP基本素材","06_特效動畫\RTP基本素材\Ice5.png","960","960","NewData\img\animations\Ice5.png"
"06_特效動畫","RTP基本素材","06_特效動畫\RTP基本素材\Laser1.png","960","960","NewData\img\animations\Laser1.png"
"06_特效動畫","RTP基本素材","06_特效動畫\RTP基本素材\Laser2.png","960","960","NewData\img\animations\Laser2.png"
"06_特效動畫","RTP基本素材","06_特效動畫\RTP基本素材\Light1.png","960","1152","NewData\img\animations\Light1.png"
"06_特效動畫","RTP基本素材","06_特效動畫\RTP基本素材\Light2.png","960","1152","NewData\img\animations\Light2.png"
"06_特效動畫","RTP基本素材","06_特效動畫\RTP基本素材\Light3.png","960","1152","NewData\img\animations\Light3.png"
"06_特效動畫","RTP基本素材","06_特效動畫\RTP基本素材\Light4.png","960","1152","NewData\img\animations\Light4.png"
"06_特效動畫","RTP基本素材","06_特效動畫\RTP基本素材\Magic1.png","960","576","NewData\img\animations\Magic1.png"
"06_特效動畫","RTP基本素材","06_特效動畫\RTP基本素材\Magic2.png","960","768","NewData\img\animations\Magic2.png"
"06_特效動畫","RTP基本素材","06_特效動畫\RTP基本素材\Meteor.png","960","960","NewData\img\animations\Meteor.png"
"06_特效動畫","RTP基本素材","06_特效動畫\RTP基本素材\Mist.png","960","192","NewData\img\animations\Mist.png"
"06_特效動畫","RTP基本素材","06_特效動畫\RTP基本素材\Pollen.png","960","576","NewData\img\animations\Pollen.png"
"06_特效動畫","RTP基本素材","06_特效動畫\RTP基本素材\PreSpecial1.png","960","1152","NewData\img\animations\PreSpecial1.png"
"06_特效動畫","RTP基本素材","06_特效動畫\RTP基本素材\PreSpecial2.png","960","1152","NewData\img\animations\PreSpecial2.png"
"06_特效動畫","RTP基本素材","06_特效動畫\RTP基本素材\PreSpecial3.png","960","1152","NewData\img\animations\PreSpecial3.png"
"06_特效動畫","RTP基本素材","06_特效動畫\RTP基本素材\Recovery1.png","960","1152","NewData\img\animations\Recovery1.png"
"06_特效動畫","RTP基本素材","06_特效動畫\RTP基本素材\Recovery2.png","960","768","NewData\img\animations\Recovery2.png"
"06_特效動畫","RTP基本素材","06_特效動畫\RTP基本素材\Recovery3.png","960","960","NewData\img\animations\Recovery3.png"
"06_特效動畫","RTP基本素材","06_特效動畫\RTP基本素材\Recovery4.png","960","768","NewData\img\animations\Recovery4.png"
"06_特效動畫","RTP基本素材","06_特效動畫\RTP基本素材\Recovery5.png","960","1152","NewData\img\animations\Recovery5.png"
"06_特效動畫","RTP基本素材","06_特效動畫\RTP基本素材\Revival1.png","960","960","NewData\img\animations\Revival1.png"
"06_特效動畫","RTP基本素材","06_特效動畫\RTP基本素材\Revival2.png","960","1152","NewData\img\animations\Revival2.png"
"06_特效動畫","RTP基本素材","06_特效動畫\RTP基本素材\Slash.png","960","192","NewData\img\animations\Slash.png"
"06_特效動畫","RTP基本素材","06_特效動畫\RTP基本素材\SlashFire.png","960","576","NewData\img\animations\SlashFire.png"
"06_特效動畫","RTP基本素材","06_特效動畫\RTP基本素材\SlashIce.png","960","576","NewData\img\animations\SlashIce.png"
"06_特效動畫","RTP基本素材","06_特效動畫\RTP基本素材\SlashPhoton.png","768","192","NewData\img\animations\SlashPhoton.png"
"06_特效動畫","RTP基本素材","06_特效動畫\RTP基本素材\SlashSpecial1.png","960","768","NewData\img\animations\SlashSpecial1.png"
"06_特效動畫","RTP基本素材","06_特效動畫\RTP基本素材\SlashSpecial2.png","960","768","NewData\img\animations\SlashSpecial2.png"
"06_特效動畫","RTP基本素材","06_特效動畫\RTP基本素材\SlashSpecial3.png","960","1152","NewData\img\animations\SlashSpecial3.png"
"06_特效動畫","RTP基本素材","06_特效動畫\RTP基本素材\SlashThunder.png","960","576","NewData\img\animations\SlashThunder.png"
"06_特效動畫","RTP基本素材","06_特效動畫\RTP基本素材\Song.png","960","576","NewData\img\animations\Song.png"
"06_特效動畫","RTP基本素材","06_特效動畫\RTP基本素材\Sonic.png","960","384","NewData\img\animations\Sonic.png"
"06_特效動畫","RTP基本素材","06_特效動畫\RTP基本素材\Special1.png","960","384","NewData\img\animations\Special1.png"
"06_特效動畫","RTP基本素材","06_特效動畫\RTP基本素材\Special2.png","960","1152","NewData\img\animations\Special2.png"
"06_特效動畫","RTP基本素材","06_特效動畫\RTP基本素材\Special3.png","960","768","NewData\img\animations\Special3.png"
"06_特效動畫","RTP基本素材","06_特效動畫\RTP基本素材\StateChaos.png","960","960","NewData\img\animations\StateChaos.png"
"06_特效動畫","RTP基本素材","06_特效動畫\RTP基本素材\StateDark.png","960","768","NewData\img\animations\StateDark.png"
"06_特效動畫","RTP基本素材","06_特效動畫\RTP基本素材\StateDeath.png","960","768","NewData\img\animations\StateDeath.png"
"06_特效動畫","RTP基本素材","06_特效動畫\RTP基本素材\StateDown1.png","960","576","NewData\img\animations\StateDown1.png"
"06_特效動畫","RTP基本素材","06_特效動畫\RTP基本素材\StateDown2.png","960","960","NewData\img\animations\StateDown2.png"
"06_特效動畫","RTP基本素材","06_特效動畫\RTP基本素材\StateDown3.png","960","1152","NewData\img\animations\StateDown3.png"
"06_特效動畫","RTP基本素材","06_特效動畫\RTP基本素材\StateParalys.png","960","960","NewData\img\animations\StateParalys.png"
"06_特效動畫","RTP基本素材","06_特效動畫\RTP基本素材\StatePoison.png","960","576","NewData\img\animations\StatePoison.png"
"06_特效動畫","RTP基本素材","06_特效動畫\RTP基本素材\StateSilent.png","960","768","NewData\img\animations\StateSilent.png"
"06_特效動畫","RTP基本素材","06_特效動畫\RTP基本素材\StateSleep.png","960","960","NewData\img\animations\StateSleep.png"
"06_特效動畫","RTP基本素材","06_特效動畫\RTP基本素材\StateUp1.png","960","768","NewData\img\animations\StateUp1.png"
"06_特效動畫","RTP基本素材","06_特效動畫\RTP基本素材\StateUp2.png","960","960","NewData\img\animations\StateUp2.png"
"06_特效動畫","RTP基本素材","06_特效動畫\RTP基本素材\Stick.png","960","384","NewData\img\animations\Stick.png"
"06_特效動畫","RTP基本素材","06_特效動畫\RTP基本素材\StickPhoton.png","960","384","NewData\img\animations\StickPhoton.png"
"06_特效動畫","RTP基本素材","06_特效動畫\RTP基本素材\StickSpecial1.png","960","384","NewData\img\animations\StickSpecial1.png"
"06_特效動畫","RTP基本素材","06_特效動畫\RTP基本素材\StickSpecial2.png","960","384","NewData\img\animations\StickSpecial2.png"
"06_特效動畫","RTP基本素材","06_特效動畫\RTP基本素材\StickSpecial3.png","960","576","NewData\img\animations\StickSpecial3.png"
"06_特效動畫","RTP基本素材","06_特效動畫\RTP基本素材\Thunder1.png","960","576","NewData\img\animations\Thunder1.png"
"06_特效動畫","RTP基本素材","06_特效動畫\RTP基本素材\Thunder2.png","960","384","NewData\img\animations\Thunder2.png"
"06_特效動畫","RTP基本素材","06_特效動畫\RTP基本素材\Thunder3.png","960","192","NewData\img\animations\Thunder3.png"
"06_特效動畫","RTP基本素材","06_特效動畫\RTP基本素材\Thunder4.png","960","576","NewData\img\animations\Thunder4.png"
"06_特效動畫","RTP基本素材","06_特效動畫\RTP基本素材\Thunder5.png","960","960","NewData\img\animations\Thunder5.png"
"06_特效動畫","RTP基本素材","06_特效動畫\RTP基本素材\Water1.png","960","960","NewData\img\animations\Water1.png"
"06_特效動畫","RTP基本素材","06_特效動畫\RTP基本素材\Water2.png","960","1152","NewData\img\animations\Water2.png"
"06_特效動畫","RTP基本素材","06_特效動畫\RTP基本素材\Water3.png","960","576","NewData\img\animations\Water3.png"
"06_特效動畫","RTP基本素材","06_特效動畫\RTP基本素材\Water4.png","960","192","NewData\img\animations\Water4.png"
"06_特效動畫","RTP基本素材","06_特效動畫\RTP基本素材\Water5.png","960","768","NewData\img\animations\Water5.png"
"06_特效動畫","RTP基本素材","06_特效動畫\RTP基本素材\Wind1.png","960","960","NewData\img\animations\Wind1.png"
"06_特效動畫","RTP基本素材","06_特效動畫\RTP基本素材\Wind2.png","960","576","NewData\img\animations\Wind2.png"
"06_特效動畫","RTP基本素材","06_特效動畫\RTP基本素材\Wind3.png","960","576","NewData\img\animations\Wind3.png"
"06_特效動畫","RTP基本素材","06_特效動畫\RTP基本素材\Wind4.png","960","384","NewData\img\animations\Wind4.png"
"06_特效動畫","RTP基本素材","06_特效動畫\RTP基本素材\Wind5.png","960","1152","NewData\img\animations\Wind5.png"
"07_戰鬥背景\地面","RTP基本素材","07_戰鬥背景\地面\RTP基本素材\Castle1.png","1000","740","NewData\img\battlebacks1\Castle1.png"
"07_戰鬥背景\地面","RTP基本素材","07_戰鬥背景\地面\RTP基本素材\Castle2.png","1000","740","NewData\img\battlebacks1\Castle2.png"
"07_戰鬥背景\地面","RTP基本素材","07_戰鬥背景\地面\RTP基本素材\Clouds.png","1000","740","NewData\img\battlebacks1\Clouds.png"
"07_戰鬥背景\地面","RTP基本素材","07_戰鬥背景\地面\RTP基本素材\Cobblestones1.png","1000","740","NewData\img\battlebacks1\Cobblestones1.png"
"07_戰鬥背景\地面","RTP基本素材","07_戰鬥背景\地面\RTP基本素材\Cobblestones2.png","1000","740","NewData\img\battlebacks1\Cobblestones2.png"
"07_戰鬥背景\地面","RTP基本素材","07_戰鬥背景\地面\RTP基本素材\Cobblestones3.png","1000","740","NewData\img\battlebacks1\Cobblestones3.png"
"07_戰鬥背景\地面","RTP基本素材","07_戰鬥背景\地面\RTP基本素材\Cobblestones4.png","1000","740","NewData\img\battlebacks1\Cobblestones4.png"
"07_戰鬥背景\地面","RTP基本素材","07_戰鬥背景\地面\RTP基本素材\Cobblestones5.png","1000","740","NewData\img\battlebacks1\Cobblestones5.png"
"07_戰鬥背景\地面","RTP基本素材","07_戰鬥背景\地面\RTP基本素材\CobblestonesPool.png","1000","740","NewData\img\battlebacks1\CobblestonesPool.png"
"07_戰鬥背景\地面","RTP基本素材","07_戰鬥背景\地面\RTP基本素材\Crystal.png","1000","740","NewData\img\battlebacks1\Crystal.png"
"07_戰鬥背景\地面","RTP基本素材","07_戰鬥背景\地面\RTP基本素材\DarkSpace.png","1000","740","NewData\img\battlebacks1\DarkSpace.png"
"07_戰鬥背景\地面","RTP基本素材","07_戰鬥背景\地面\RTP基本素材\DecorativeTile.png","1000","740","NewData\img\battlebacks1\DecorativeTile.png"
"07_戰鬥背景\地面","RTP基本素材","07_戰鬥背景\地面\RTP基本素材\DemonCastle1.png","1000","740","NewData\img\battlebacks1\DemonCastle1.png"
"07_戰鬥背景\地面","RTP基本素材","07_戰鬥背景\地面\RTP基本素材\DemonCastle2.png","1000","740","NewData\img\battlebacks1\DemonCastle2.png"
"07_戰鬥背景\地面","RTP基本素材","07_戰鬥背景\地面\RTP基本素材\DemonicWorld.png","1000","740","NewData\img\battlebacks1\DemonicWorld.png"
"07_戰鬥背景\地面","RTP基本素材","07_戰鬥背景\地面\RTP基本素材\Desert.png","1000","740","NewData\img\battlebacks1\Desert.png"
"07_戰鬥背景\地面","RTP基本素材","07_戰鬥背景\地面\RTP基本素材\Dirt1.png","1000","740","NewData\img\battlebacks1\Dirt1.png"
"07_戰鬥背景\地面","RTP基本素材","07_戰鬥背景\地面\RTP基本素材\Dirt2.png","1000","740","NewData\img\battlebacks1\Dirt2.png"
"07_戰鬥背景\地面","RTP基本素材","07_戰鬥背景\地面\RTP基本素材\DirtField.png","1000","740","NewData\img\battlebacks1\DirtField.png"
"07_戰鬥背景\地面","RTP基本素材","07_戰鬥背景\地面\RTP基本素材\FaceTile.png","1000","740","NewData\img\battlebacks1\FaceTile.png"
"07_戰鬥背景\地面","RTP基本素材","07_戰鬥背景\地面\RTP基本素材\Factory.png","1000","740","NewData\img\battlebacks1\Factory.png"
"07_戰鬥背景\地面","RTP基本素材","07_戰鬥背景\地面\RTP基本素材\GrassMaze.png","1000","740","NewData\img\battlebacks1\GrassMaze.png"
"07_戰鬥背景\地面","RTP基本素材","07_戰鬥背景\地面\RTP基本素材\GrassMazePool.png","1000","740","NewData\img\battlebacks1\GrassMazePool.png"
"07_戰鬥背景\地面","RTP基本素材","07_戰鬥背景\地面\RTP基本素材\Grassland.png","1000","740","NewData\img\battlebacks1\Grassland.png"
"07_戰鬥背景\地面","RTP基本素材","07_戰鬥背景\地面\RTP基本素材\IceCave.png","1000","740","NewData\img\battlebacks1\IceCave.png"
"07_戰鬥背景\地面","RTP基本素材","07_戰鬥背景\地面\RTP基本素材\InBody.png","1000","740","NewData\img\battlebacks1\InBody.png"
"07_戰鬥背景\地面","RTP基本素材","07_戰鬥背景\地面\RTP基本素材\Lava1.png","1000","740","NewData\img\battlebacks1\Lava1.png"
"07_戰鬥背景\地面","RTP基本素材","07_戰鬥背景\地面\RTP基本素材\Lava2.png","1000","740","NewData\img\battlebacks1\Lava2.png"
"07_戰鬥背景\地面","RTP基本素材","07_戰鬥背景\地面\RTP基本素材\LavaCave.png","1000","740","NewData\img\battlebacks1\LavaCave.png"
"07_戰鬥背景\地面","RTP基本素材","07_戰鬥背景\地面\RTP基本素材\Meadow.png","1000","740","NewData\img\battlebacks1\Meadow.png"
"07_戰鬥背景\地面","RTP基本素材","07_戰鬥背景\地面\RTP基本素材\PoisonSwamp.png","1000","740","NewData\img\battlebacks1\PoisonSwamp.png"
"07_戰鬥背景\地面","RTP基本素材","07_戰鬥背景\地面\RTP基本素材\Road1.png","1000","740","NewData\img\battlebacks1\Road1.png"
"07_戰鬥背景\地面","RTP基本素材","07_戰鬥背景\地面\RTP基本素材\Road2.png","1000","740","NewData\img\battlebacks1\Road2.png"
"07_戰鬥背景\地面","RTP基本素材","07_戰鬥背景\地面\RTP基本素材\Road3.png","1000","740","NewData\img\battlebacks1\Road3.png"
"07_戰鬥背景\地面","RTP基本素材","07_戰鬥背景\地面\RTP基本素材\RockCave.png","1000","740","NewData\img\battlebacks1\RockCave.png"
"07_戰鬥背景\地面","RTP基本素材","07_戰鬥背景\地面\RTP基本素材\Ruins1.png","1000","740","NewData\img\battlebacks1\Ruins1.png"
"07_戰鬥背景\地面","RTP基本素材","07_戰鬥背景\地面\RTP基本素材\Ruins2.png","1000","740","NewData\img\battlebacks1\Ruins2.png"
"07_戰鬥背景\地面","RTP基本素材","07_戰鬥背景\地面\RTP基本素材\Ruins3.png","1000","740","NewData\img\battlebacks1\Ruins3.png"
"07_戰鬥背景\地面","RTP基本素材","07_戰鬥背景\地面\RTP基本素材\Ruins4.png","1000","740","NewData\img\battlebacks1\Ruins4.png"
"07_戰鬥背景\地面","RTP基本素材","07_戰鬥背景\地面\RTP基本素材\Ruins5.png","1000","740","NewData\img\battlebacks1\Ruins5.png"
"07_戰鬥背景\地面","RTP基本素材","07_戰鬥背景\地面\RTP基本素材\Sand.png","1000","740","NewData\img\battlebacks1\Sand.png"
"07_戰鬥背景\地面","RTP基本素材","07_戰鬥背景\地面\RTP基本素材\Ship.png","1000","740","NewData\img\battlebacks1\Ship.png"
"07_戰鬥背景\地面","RTP基本素材","07_戰鬥背景\地面\RTP基本素材\Sky.png","1000","740","NewData\img\battlebacks1\Sky.png"
"07_戰鬥背景\地面","RTP基本素材","07_戰鬥背景\地面\RTP基本素材\Snowfield.png","1000","740","NewData\img\battlebacks1\Snowfield.png"
"07_戰鬥背景\地面","RTP基本素材","07_戰鬥背景\地面\RTP基本素材\Tent.png","1000","740","NewData\img\battlebacks1\Tent.png"
"07_戰鬥背景\地面","RTP基本素材","07_戰鬥背景\地面\RTP基本素材\Translucent.png","1000","740","NewData\img\battlebacks1\Translucent.png"
"07_戰鬥背景\地面","RTP基本素材","07_戰鬥背景\地面\RTP基本素材\Wasteland.png","1000","740","NewData\img\battlebacks1\Wasteland.png"
"07_戰鬥背景\地面","RTP基本素材","07_戰鬥背景\地面\RTP基本素材\WireMesh.png","1000","740","NewData\img\battlebacks1\WireMesh.png"
"07_戰鬥背景\地面","RTP基本素材","07_戰鬥背景\地面\RTP基本素材\Wood1.png","1000","740","NewData\img\battlebacks1\Wood1.png"
"07_戰鬥背景\地面","RTP基本素材","07_戰鬥背景\地面\RTP基本素材\Wood2.png","1000","740","NewData\img\battlebacks1\Wood2.png"
"07_戰鬥背景\牆景","RTP基本素材","07_戰鬥背景\牆景\RTP基本素材\Brick.png","1000","740","NewData\img\battlebacks2\Brick.png"
"07_戰鬥背景\牆景","RTP基本素材","07_戰鬥背景\牆景\RTP基本素材\Bridge.png","1000","740","NewData\img\battlebacks2\Bridge.png"
"07_戰鬥背景\牆景","RTP基本素材","07_戰鬥背景\牆景\RTP基本素材\Castle1.png","1000","740","NewData\img\battlebacks2\Castle1.png"
"07_戰鬥背景\牆景","RTP基本素材","07_戰鬥背景\牆景\RTP基本素材\Castle2.png","1000","740","NewData\img\battlebacks2\Castle2.png"
"07_戰鬥背景\牆景","RTP基本素材","07_戰鬥背景\牆景\RTP基本素材\Castle3.png","1000","740","NewData\img\battlebacks2\Castle3.png"
"07_戰鬥背景\牆景","RTP基本素材","07_戰鬥背景\牆景\RTP基本素材\Cliff.png","1000","740","NewData\img\battlebacks2\Cliff.png"
"07_戰鬥背景\牆景","RTP基本素材","07_戰鬥背景\牆景\RTP基本素材\Clouds.png","1000","740","NewData\img\battlebacks2\Clouds.png"
"07_戰鬥背景\牆景","RTP基本素材","07_戰鬥背景\牆景\RTP基本素材\Crystal.png","1000","740","NewData\img\battlebacks2\Crystal.png"
"07_戰鬥背景\牆景","RTP基本素材","07_戰鬥背景\牆景\RTP基本素材\DarkSpace.png","1000","740","NewData\img\battlebacks2\DarkSpace.png"
"07_戰鬥背景\牆景","RTP基本素材","07_戰鬥背景\牆景\RTP基本素材\DemonCastle1.png","1000","740","NewData\img\battlebacks2\DemonCastle1.png"
"07_戰鬥背景\牆景","RTP基本素材","07_戰鬥背景\牆景\RTP基本素材\DemonCastle2.png","1000","740","NewData\img\battlebacks2\DemonCastle2.png"
"07_戰鬥背景\牆景","RTP基本素材","07_戰鬥背景\牆景\RTP基本素材\DemonCastle3.png","1000","740","NewData\img\battlebacks2\DemonCastle3.png"
"07_戰鬥背景\牆景","RTP基本素材","07_戰鬥背景\牆景\RTP基本素材\DemonicWorld.png","1000","740","NewData\img\battlebacks2\DemonicWorld.png"
"07_戰鬥背景\牆景","RTP基本素材","07_戰鬥背景\牆景\RTP基本素材\Desert.png","1000","740","NewData\img\battlebacks2\Desert.png"
"07_戰鬥背景\牆景","RTP基本素材","07_戰鬥背景\牆景\RTP基本素材\DirtCave.png","1000","740","NewData\img\battlebacks2\DirtCave.png"
"07_戰鬥背景\牆景","RTP基本素材","07_戰鬥背景\牆景\RTP基本素材\Forest.png","1000","740","NewData\img\battlebacks2\Forest.png"
"07_戰鬥背景\牆景","RTP基本素材","07_戰鬥背景\牆景\RTP基本素材\Fort1.png","1000","740","NewData\img\battlebacks2\Fort1.png"
"07_戰鬥背景\牆景","RTP基本素材","07_戰鬥背景\牆景\RTP基本素材\Fort2.png","1000","740","NewData\img\battlebacks2\Fort2.png"
"07_戰鬥背景\牆景","RTP基本素材","07_戰鬥背景\牆景\RTP基本素材\GrassMaze.png","1000","740","NewData\img\battlebacks2\GrassMaze.png"
"07_戰鬥背景\牆景","RTP基本素材","07_戰鬥背景\牆景\RTP基本素材\Grassland.png","1000","740","NewData\img\battlebacks2\Grassland.png"
"07_戰鬥背景\牆景","RTP基本素材","07_戰鬥背景\牆景\RTP基本素材\IceCave.png","1000","740","NewData\img\battlebacks2\IceCave.png"
"07_戰鬥背景\牆景","RTP基本素材","07_戰鬥背景\牆景\RTP基本素材\IceMaze.png","1000","740","NewData\img\battlebacks2\IceMaze.png"
"07_戰鬥背景\牆景","RTP基本素材","07_戰鬥背景\牆景\RTP基本素材\InBody.png","1000","740","NewData\img\battlebacks2\InBody.png"
"07_戰鬥背景\牆景","RTP基本素材","07_戰鬥背景\牆景\RTP基本素材\Lava.png","1000","740","NewData\img\battlebacks2\Lava.png"
"07_戰鬥背景\牆景","RTP基本素材","07_戰鬥背景\牆景\RTP基本素材\LavaCave.png","1000","740","NewData\img\battlebacks2\LavaCave.png"
"07_戰鬥背景\牆景","RTP基本素材","07_戰鬥背景\牆景\RTP基本素材\Metal.png","1000","740","NewData\img\battlebacks2\Metal.png"
"07_戰鬥背景\牆景","RTP基本素材","07_戰鬥背景\牆景\RTP基本素材\Mine.png","1000","740","NewData\img\battlebacks2\Mine.png"
"07_戰鬥背景\牆景","RTP基本素材","07_戰鬥背景\牆景\RTP基本素材\PoisonSwamp.png","1000","740","NewData\img\battlebacks2\PoisonSwamp.png"
"07_戰鬥背景\牆景","RTP基本素材","07_戰鬥背景\牆景\RTP基本素材\Port.png","1000","740","NewData\img\battlebacks2\Port.png"
"07_戰鬥背景\牆景","RTP基本素材","07_戰鬥背景\牆景\RTP基本素材\RockCave.png","1000","740","NewData\img\battlebacks2\RockCave.png"
"07_戰鬥背景\牆景","RTP基本素材","07_戰鬥背景\牆景\RTP基本素材\Room1.png","1000","740","NewData\img\battlebacks2\Room1.png"
"07_戰鬥背景\牆景","RTP基本素材","07_戰鬥背景\牆景\RTP基本素材\Room2.png","1000","740","NewData\img\battlebacks2\Room2.png"
"07_戰鬥背景\牆景","RTP基本素材","07_戰鬥背景\牆景\RTP基本素材\Room3.png","1000","740","NewData\img\battlebacks2\Room3.png"
"07_戰鬥背景\牆景","RTP基本素材","07_戰鬥背景\牆景\RTP基本素材\Ruins1.png","1000","740","NewData\img\battlebacks2\Ruins1.png"
"07_戰鬥背景\牆景","RTP基本素材","07_戰鬥背景\牆景\RTP基本素材\Ruins2.png","1000","740","NewData\img\battlebacks2\Ruins2.png"
"07_戰鬥背景\牆景","RTP基本素材","07_戰鬥背景\牆景\RTP基本素材\Ship.png","1000","740","NewData\img\battlebacks2\Ship.png"
"07_戰鬥背景\牆景","RTP基本素材","07_戰鬥背景\牆景\RTP基本素材\Sky.png","1000","740","NewData\img\battlebacks2\Sky.png"
"07_戰鬥背景\牆景","RTP基本素材","07_戰鬥背景\牆景\RTP基本素材\Snowfield.png","1000","740","NewData\img\battlebacks2\Snowfield.png"
"07_戰鬥背景\牆景","RTP基本素材","07_戰鬥背景\牆景\RTP基本素材\Stone1.png","1000","740","NewData\img\battlebacks2\Stone1.png"
"07_戰鬥背景\牆景","RTP基本素材","07_戰鬥背景\牆景\RTP基本素材\Stone2.png","1000","740","NewData\img\battlebacks2\Stone2.png"
"07_戰鬥背景\牆景","RTP基本素材","07_戰鬥背景\牆景\RTP基本素材\Stone3.png","1000","740","NewData\img\battlebacks2\Stone3.png"
"07_戰鬥背景\牆景","RTP基本素材","07_戰鬥背景\牆景\RTP基本素材\Temple.png","1000","740","NewData\img\battlebacks2\Temple.png"
"07_戰鬥背景\牆景","RTP基本素材","07_戰鬥背景\牆景\RTP基本素材\Tent.png","1000","740","NewData\img\battlebacks2\Tent.png"
"07_戰鬥背景\牆景","RTP基本素材","07_戰鬥背景\牆景\RTP基本素材\Tower.png","1000","740","NewData\img\battlebacks2\Tower.png"
"07_戰鬥背景\牆景","RTP基本素材","07_戰鬥背景\牆景\RTP基本素材\Town1.png","1000","740","NewData\img\battlebacks2\Town1.png"
"07_戰鬥背景\牆景","RTP基本素材","07_戰鬥背景\牆景\RTP基本素材\Town2.png","1000","740","NewData\img\battlebacks2\Town2.png"
"07_戰鬥背景\牆景","RTP基本素材","07_戰鬥背景\牆景\RTP基本素材\Town3.png","1000","740","NewData\img\battlebacks2\Town3.png"
"07_戰鬥背景\牆景","RTP基本素材","07_戰鬥背景\牆景\RTP基本素材\Town4.png","1000","740","NewData\img\battlebacks2\Town4.png"
"07_戰鬥背景\牆景","RTP基本素材","07_戰鬥背景\牆景\RTP基本素材\Town5.png","1000","740","NewData\img\battlebacks2\Town5.png"
"07_戰鬥背景\牆景","RTP基本素材","07_戰鬥背景\牆景\RTP基本素材\Wasteland.png","1000","740","NewData\img\battlebacks2\Wasteland.png"
"04_角色_行走圖","RTP基本素材","04_角色_行走圖\RTP基本素材\!$Gate1.png","432","384","NewData\img\characters\!$Gate1.png"
"04_角色_行走圖","RTP基本素材","04_角色_行走圖\RTP基本素材\!$Gate2.png","432","384","NewData\img\characters\!$Gate2.png"
"04_角色_行走圖","RTP基本素材","04_角色_行走圖\RTP基本素材\!Chest.png","576","384","NewData\img\characters\!Chest.png"
"04_角色_行走圖","RTP基本素材","04_角色_行走圖\RTP基本素材\!Crystal.png","576","768","NewData\img\characters\!Crystal.png"
"04_角色_行走圖","RTP基本素材","04_角色_行走圖\RTP基本素材\!Door1.png","576","384","NewData\img\characters\!Door1.png"
"04_角色_行走圖","RTP基本素材","04_角色_行走圖\RTP基本素材\!Door2.png","576","384","NewData\img\characters\!Door2.png"
"04_角色_行走圖","RTP基本素材","04_角色_行走圖\RTP基本素材\!Flame.png","576","384","NewData\img\characters\!Flame.png"
"04_角色_行走圖","RTP基本素材","04_角色_行走圖\RTP基本素材\!Other1.png","576","384","NewData\img\characters\!Other1.png"
"04_角色_行走圖","RTP基本素材","04_角色_行走圖\RTP基本素材\!Other2.png","576","768","NewData\img\characters\!Other2.png"
"04_角色_行走圖","RTP基本素材","04_角色_行走圖\RTP基本素材\!SF_Door1.png","576","384","NewData\img\characters\!SF_Door1.png"
"04_角色_行走圖","RTP基本素材","04_角色_行走圖\RTP基本素材\!SF_Door2.png","576","384","NewData\img\characters\!SF_Door2.png"
"04_角色_行走圖","RTP基本素材","04_角色_行走圖\RTP基本素材\!Switch1.png","576","384","NewData\img\characters\!Switch1.png"
"04_角色_行走圖","RTP基本素材","04_角色_行走圖\RTP基本素材\!Switch2.png","576","384","NewData\img\characters\!Switch2.png"
"04_角色_行走圖","RTP基本素材","04_角色_行走圖\RTP基本素材\$BigMonster1.png","288","384","NewData\img\characters\$BigMonster1.png"
"04_角色_行走圖","RTP基本素材","04_角色_行走圖\RTP基本素材\$BigMonster2.png","360","480","NewData\img\characters\$BigMonster2.png"
"04_角色_行走圖","RTP基本素材","04_角色_行走圖\RTP基本素材\Actor1.png","576","384","NewData\img\characters\Actor1.png"
"04_角色_行走圖","RTP基本素材","04_角色_行走圖\RTP基本素材\Actor2.png","576","384","NewData\img\characters\Actor2.png"
"04_角色_行走圖","RTP基本素材","04_角色_行走圖\RTP基本素材\Actor3.png","576","384","NewData\img\characters\Actor3.png"
"04_角色_行走圖","RTP基本素材","04_角色_行走圖\RTP基本素材\Damage1.png","576","384","NewData\img\characters\Damage1.png"
"04_角色_行走圖","RTP基本素材","04_角色_行走圖\RTP基本素材\Damage2.png","576","384","NewData\img\characters\Damage2.png"
"04_角色_行走圖","RTP基本素材","04_角色_行走圖\RTP基本素材\Damage3.png","576","384","NewData\img\characters\Damage3.png"
"04_角色_行走圖","RTP基本素材","04_角色_行走圖\RTP基本素材\Evil.png","576","384","NewData\img\characters\Evil.png"
"04_角色_行走圖","RTP基本素材","04_角色_行走圖\RTP基本素材\Monster.png","576","384","NewData\img\characters\Monster.png"
"04_角色_行走圖","RTP基本素材","04_角色_行走圖\RTP基本素材\Nature.png","576","384","NewData\img\characters\Nature.png"
"04_角色_行走圖","RTP基本素材","04_角色_行走圖\RTP基本素材\People1.png","576","384","NewData\img\characters\People1.png"
"04_角色_行走圖","RTP基本素材","04_角色_行走圖\RTP基本素材\People2.png","576","384","NewData\img\characters\People2.png"
"04_角色_行走圖","RTP基本素材","04_角色_行走圖\RTP基本素材\People3.png","576","384","NewData\img\characters\People3.png"
"04_角色_行走圖","RTP基本素材","04_角色_行走圖\RTP基本素材\People4.png","576","384","NewData\img\characters\People4.png"
"04_角色_行走圖","RTP基本素材","04_角色_行走圖\RTP基本素材\Vehicle.png","576","384","NewData\img\characters\Vehicle.png"
"01_怪物_正面","RTP基本素材","01_怪物_正面\RTP基本素材\Actor1_3.png","254","225","NewData\img\enemies\Actor1_3.png"
"01_怪物_正面","RTP基本素材","01_怪物_正面\RTP基本素材\Actor1_4.png","275","262","NewData\img\enemies\Actor1_4.png"
"01_怪物_正面","RTP基本素材","01_怪物_正面\RTP基本素材\Actor1_5.png","234","307","NewData\img\enemies\Actor1_5.png"
"01_怪物_正面","RTP基本素材","01_怪物_正面\RTP基本素材\Actor1_6.png","254","238","NewData\img\enemies\Actor1_6.png"
"01_怪物_正面","RTP基本素材","01_怪物_正面\RTP基本素材\Actor1_7.png","302","272","NewData\img\enemies\Actor1_7.png"
"01_怪物_正面","RTP基本素材","01_怪物_正面\RTP基本素材\Actor2_1.png","227","253","NewData\img\enemies\Actor2_1.png"
"01_怪物_正面","RTP基本素材","01_怪物_正面\RTP基本素材\Actor2_2.png","241","254","NewData\img\enemies\Actor2_2.png"
"01_怪物_正面","RTP基本素材","01_怪物_正面\RTP基本素材\Actor2_3.png","223","281","NewData\img\enemies\Actor2_3.png"
"01_怪物_正面","RTP基本素材","01_怪物_正面\RTP基本素材\Actor2_4.png","160","249","NewData\img\enemies\Actor2_4.png"
"01_怪物_正面","RTP基本素材","01_怪物_正面\RTP基本素材\Actor2_5.png","263","283","NewData\img\enemies\Actor2_5.png"
"01_怪物_正面","RTP基本素材","01_怪物_正面\RTP基本素材\Actor2_6.png","237","278","NewData\img\enemies\Actor2_6.png"
"01_怪物_正面","RTP基本素材","01_怪物_正面\RTP基本素材\Actor3_1.png","241","267","NewData\img\enemies\Actor3_1.png"
"01_怪物_正面","RTP基本素材","01_怪物_正面\RTP基本素材\Actor3_2.png","280","247","NewData\img\enemies\Actor3_2.png"
"01_怪物_正面","RTP基本素材","01_怪物_正面\RTP基本素材\Actor3_5.png","275","196","NewData\img\enemies\Actor3_5.png"
"01_怪物_正面","RTP基本素材","01_怪物_正面\RTP基本素材\Actor3_6.png","227","257","NewData\img\enemies\Actor3_6.png"
"01_怪物_正面","RTP基本素材","01_怪物_正面\RTP基本素材\Angel.png","253","286","NewData\img\enemies\Angel.png"
"01_怪物_正面","RTP基本素材","01_怪物_正面\RTP基本素材\Assassin.png","161","176","NewData\img\enemies\Assassin.png"
"01_怪物_正面","RTP基本素材","01_怪物_正面\RTP基本素材\Bat.png","128","198","NewData\img\enemies\Bat.png"
"01_怪物_正面","RTP基本素材","01_怪物_正面\RTP基本素材\Behemoth.png","511","437","NewData\img\enemies\Behemoth.png"
"01_怪物_正面","RTP基本素材","01_怪物_正面\RTP基本素材\Captain.png","222","270","NewData\img\enemies\Captain.png"
"01_怪物_正面","RTP基本素材","01_怪物_正面\RTP基本素材\Cerberus.png","214","225","NewData\img\enemies\Cerberus.png"
"01_怪物_正面","RTP基本素材","01_怪物_正面\RTP基本素材\Chimera.png","425","418","NewData\img\enemies\Chimera.png"
"01_怪物_正面","RTP基本素材","01_怪物_正面\RTP基本素材\Cockatrice.png","127","132","NewData\img\enemies\Cockatrice.png"
"01_怪物_正面","RTP基本素材","01_怪物_正面\RTP基本素材\Darklord-final.png","777","435","NewData\img\enemies\Darklord-final.png"
"01_怪物_正面","RTP基本素材","01_怪物_正面\RTP基本素材\Darklord.png","499","438","NewData\img\enemies\Darklord.png"
"01_怪物_正面","RTP基本素材","01_怪物_正面\RTP基本素材\Death.png","398","426","NewData\img\enemies\Death.png"
"01_怪物_正面","RTP基本素材","01_怪物_正面\RTP基本素材\Demon.png","410","423","NewData\img\enemies\Demon.png"
"01_怪物_正面","RTP基本素材","01_怪物_正面\RTP基本素材\Dragon.png","420","436","NewData\img\enemies\Dragon.png"
"01_怪物_正面","RTP基本素材","01_怪物_正面\RTP基本素材\Earthspirit.png","153","193","NewData\img\enemies\Earthspirit.png"
"01_怪物_正面","RTP基本素材","01_怪物_正面\RTP基本素材\Evilgod.png","754","437","NewData\img\enemies\Evilgod.png"
"01_怪物_正面","RTP基本素材","01_怪物_正面\RTP基本素材\Fairy.png","119","216","NewData\img\enemies\Fairy.png"
"01_怪物_正面","RTP基本素材","01_怪物_正面\RTP基本素材\Fanatic.png","265","268","NewData\img\enemies\Fanatic.png"
"01_怪物_正面","RTP基本素材","01_怪物_正面\RTP基本素材\Firespirit.png","145","217","NewData\img\enemies\Firespirit.png"
"01_怪物_正面","RTP基本素材","01_怪物_正面\RTP基本素材\Gargoyle.png","421","432","NewData\img\enemies\Gargoyle.png"
"01_怪物_正面","RTP基本素材","01_怪物_正面\RTP基本素材\Garuda.png","483","367","NewData\img\enemies\Garuda.png"
"01_怪物_正面","RTP基本素材","01_怪物_正面\RTP基本素材\Gazer.png","183","217","NewData\img\enemies\Gazer.png"
"01_怪物_正面","RTP基本素材","01_怪物_正面\RTP基本素材\General_f.png","249","274","NewData\img\enemies\General_f.png"
"01_怪物_正面","RTP基本素材","01_怪物_正面\RTP基本素材\General_m.png","301","289","NewData\img\enemies\General_m.png"
"01_怪物_正面","RTP基本素材","01_怪物_正面\RTP基本素材\Ghost.png","211","235","NewData\img\enemies\Ghost.png"
"01_怪物_正面","RTP基本素材","01_怪物_正面\RTP基本素材\God.png","763","440","NewData\img\enemies\God.png"
"01_怪物_正面","RTP基本素材","01_怪物_正面\RTP基本素材\Goddess.png","343","264","NewData\img\enemies\Goddess.png"
"01_怪物_正面","RTP基本素材","01_怪物_正面\RTP基本素材\Hornet.png","94","176","NewData\img\enemies\Hornet.png"
"01_怪物_正面","RTP基本素材","01_怪物_正面\RTP基本素材\Imp.png","120","219","NewData\img\enemies\Imp.png"
"01_怪物_正面","RTP基本素材","01_怪物_正面\RTP基本素材\Irongiant.png","465","415","NewData\img\enemies\Irongiant.png"
"01_怪物_正面","RTP基本素材","01_怪物_正面\RTP基本素材\Jellyfish.png","128","136","NewData\img\enemies\Jellyfish.png"
"01_怪物_正面","RTP基本素材","01_怪物_正面\RTP基本素材\Lamia.png","421","417","NewData\img\enemies\Lamia.png"
"01_怪物_正面","RTP基本素材","01_怪物_正面\RTP基本素材\Mage.png","227","280","NewData\img\enemies\Mage.png"
"01_怪物_正面","RTP基本素材","01_怪物_正面\RTP基本素材\Mimic.png","130","125","NewData\img\enemies\Mimic.png"
"01_怪物_正面","RTP基本素材","01_怪物_正面\RTP基本素材\Minotaur.png","375","335","NewData\img\enemies\Minotaur.png"
"01_怪物_正面","RTP基本素材","01_怪物_正面\RTP基本素材\Ogre.png","469","417","NewData\img\enemies\Ogre.png"
"01_怪物_正面","RTP基本素材","01_怪物_正面\RTP基本素材\Orc.png","264","286","NewData\img\enemies\Orc.png"
"01_怪物_正面","RTP基本素材","01_怪物_正面\RTP基本素材\Plant.png","152","138","NewData\img\enemies\Plant.png"
"01_怪物_正面","RTP基本素材","01_怪物_正面\RTP基本素材\Puppet.png","206","222","NewData\img\enemies\Puppet.png"
"01_怪物_正面","RTP基本素材","01_怪物_正面\RTP基本素材\Rat.png","99","154","NewData\img\enemies\Rat.png"
"01_怪物_正面","RTP基本素材","01_怪物_正面\RTP基本素材\Rogue.png","195","245","NewData\img\enemies\Rogue.png"
"01_怪物_正面","RTP基本素材","01_怪物_正面\RTP基本素材\Sahuagin.png","132","140","NewData\img\enemies\Sahuagin.png"
"01_怪物_正面","RTP基本素材","01_怪物_正面\RTP基本素材\Scorpion.png","107","126","NewData\img\enemies\Scorpion.png"
"01_怪物_正面","RTP基本素材","01_怪物_正面\RTP基本素材\Skeleton.png","233","211","NewData\img\enemies\Skeleton.png"
"01_怪物_正面","RTP基本素材","01_怪物_正面\RTP基本素材\Slime.png","127","106","NewData\img\enemies\Slime.png"
"01_怪物_正面","RTP基本素材","01_怪物_正面\RTP基本素材\Snake.png","137","135","NewData\img\enemies\Snake.png"
"01_怪物_正面","RTP基本素材","01_怪物_正面\RTP基本素材\Soldier.png","276","227","NewData\img\enemies\Soldier.png"
"01_怪物_正面","RTP基本素材","01_怪物_正面\RTP基本素材\Spider.png","144","109","NewData\img\enemies\Spider.png"
"01_怪物_正面","RTP基本素材","01_怪物_正面\RTP基本素材\Succubus.png","240","270","NewData\img\enemies\Succubus.png"
"01_怪物_正面","RTP基本素材","01_怪物_正面\RTP基本素材\Swordsman.png","311","218","NewData\img\enemies\Swordsman.png"
"01_怪物_正面","RTP基本素材","01_怪物_正面\RTP基本素材\Vampire.png","264","257","NewData\img\enemies\Vampire.png"
"01_怪物_正面","RTP基本素材","01_怪物_正面\RTP基本素材\Waterspirit.png","181","187","NewData\img\enemies\Waterspirit.png"
"01_怪物_正面","RTP基本素材","01_怪物_正面\RTP基本素材\Werewolf.png","201","197","NewData\img\enemies\Werewolf.png"
"01_怪物_正面","RTP基本素材","01_怪物_正面\RTP基本素材\Willowisp.png","121","126","NewData\img\enemies\Willowisp.png"
"01_怪物_正面","RTP基本素材","01_怪物_正面\RTP基本素材\Windspirit.png","180","188","NewData\img\enemies\Windspirit.png"
"01_怪物_正面","RTP基本素材","01_怪物_正面\RTP基本素材\Zombie.png","177","137","NewData\img\enemies\Zombie.png"
"05_角色_頭像","RTP基本素材","05_角色_頭像\RTP基本素材\Actor1.png","576","288","NewData\img\faces\Actor1.png"
"05_角色_頭像","RTP基本素材","05_角色_頭像\RTP基本素材\Actor2.png","576","288","NewData\img\faces\Actor2.png"
"05_角色_頭像","RTP基本素材","05_角色_頭像\RTP基本素材\Actor3.png","576","288","NewData\img\faces\Actor3.png"
"05_角色_頭像","RTP基本素材","05_角色_頭像\RTP基本素材\Evil.png","576","288","NewData\img\faces\Evil.png"
"05_角色_頭像","RTP基本素材","05_角色_頭像\RTP基本素材\Monster.png","576","288","NewData\img\faces\Monster.png"
"05_角色_頭像","RTP基本素材","05_角色_頭像\RTP基本素材\Nature.png","576","288","NewData\img\faces\Nature.png"
"05_角色_頭像","RTP基本素材","05_角色_頭像\RTP基本素材\People1.png","576","288","NewData\img\faces\People1.png"
"05_角色_頭像","RTP基本素材","05_角色_頭像\RTP基本素材\People2.png","576","288","NewData\img\faces\People2.png"
"05_角色_頭像","RTP基本素材","05_角色_頭像\RTP基本素材\People3.png","576","288","NewData\img\faces\People3.png"
"05_角色_頭像","RTP基本素材","05_角色_頭像\RTP基本素材\People4.png","576","288","NewData\img\faces\People4.png"
"08_遠景","RTP基本素材","08_遠景\RTP基本素材\BlueSky.png","816","816","NewData\img\parallaxes\BlueSky.png"
"08_遠景","RTP基本素材","08_遠景\RTP基本素材\CloudySky1.png","816","816","NewData\img\parallaxes\CloudySky1.png"
"08_遠景","RTP基本素材","08_遠景\RTP基本素材\CloudySky2.png","816","816","NewData\img\parallaxes\CloudySky2.png"
"08_遠景","RTP基本素材","08_遠景\RTP基本素材\DarkSpace1.png","816","816","NewData\img\parallaxes\DarkSpace1.png"
"08_遠景","RTP基本素材","08_遠景\RTP基本素材\DarkSpace2.png","816","816","NewData\img\parallaxes\DarkSpace2.png"
"08_遠景","RTP基本素材","08_遠景\RTP基本素材\Mountains1.png","816","816","NewData\img\parallaxes\Mountains1.png"
"08_遠景","RTP基本素材","08_遠景\RTP基本素材\Mountains2.png","816","816","NewData\img\parallaxes\Mountains2.png"
"08_遠景","RTP基本素材","08_遠景\RTP基本素材\Mountains3.png","816","816","NewData\img\parallaxes\Mountains3.png"
"08_遠景","RTP基本素材","08_遠景\RTP基本素材\Mountains4.png","816","816","NewData\img\parallaxes\Mountains4.png"
"08_遠景","RTP基本素材","08_遠景\RTP基本素材\Mountains5.png","816","816","NewData\img\parallaxes\Mountains5.png"
"08_遠景","RTP基本素材","08_遠景\RTP基本素材\Ocean1.png","816","816","NewData\img\parallaxes\Ocean1.png"
"08_遠景","RTP基本素材","08_遠景\RTP基本素材\Ocean2.png","816","816","NewData\img\parallaxes\Ocean2.png"
"08_遠景","RTP基本素材","08_遠景\RTP基本素材\SeaofClouds.png","816","816","NewData\img\parallaxes\SeaofClouds.png"
"08_遠景","RTP基本素材","08_遠景\RTP基本素材\StarlitSky.png","816","816","NewData\img\parallaxes\StarlitSky.png"
"08_遠景","RTP基本素材","08_遠景\RTP基本素材\Sunset.png","816","816","NewData\img\parallaxes\Sunset.png"
"03_角色_側面戰鬥","RTP基本素材","03_角色_側面戰鬥\RTP基本素材\Actor1_1.png","576","384","NewData\img\sv_actors\Actor1_1.png"
"03_角色_側面戰鬥","RTP基本素材","03_角色_側面戰鬥\RTP基本素材\Actor1_2.png","576","384","NewData\img\sv_actors\Actor1_2.png"
"03_角色_側面戰鬥","RTP基本素材","03_角色_側面戰鬥\RTP基本素材\Actor1_3.png","576","384","NewData\img\sv_actors\Actor1_3.png"
"03_角色_側面戰鬥","RTP基本素材","03_角色_側面戰鬥\RTP基本素材\Actor1_4.png","576","384","NewData\img\sv_actors\Actor1_4.png"
"03_角色_側面戰鬥","RTP基本素材","03_角色_側面戰鬥\RTP基本素材\Actor1_5.png","576","384","NewData\img\sv_actors\Actor1_5.png"
"03_角色_側面戰鬥","RTP基本素材","03_角色_側面戰鬥\RTP基本素材\Actor1_6.png","576","384","NewData\img\sv_actors\Actor1_6.png"
"03_角色_側面戰鬥","RTP基本素材","03_角色_側面戰鬥\RTP基本素材\Actor1_7.png","576","384","NewData\img\sv_actors\Actor1_7.png"
"03_角色_側面戰鬥","RTP基本素材","03_角色_側面戰鬥\RTP基本素材\Actor1_8.png","576","384","NewData\img\sv_actors\Actor1_8.png"
"03_角色_側面戰鬥","RTP基本素材","03_角色_側面戰鬥\RTP基本素材\Actor2_1.png","576","384","NewData\img\sv_actors\Actor2_1.png"
"03_角色_側面戰鬥","RTP基本素材","03_角色_側面戰鬥\RTP基本素材\Actor2_2.png","576","384","NewData\img\sv_actors\Actor2_2.png"
"03_角色_側面戰鬥","RTP基本素材","03_角色_側面戰鬥\RTP基本素材\Actor2_3.png","576","384","NewData\img\sv_actors\Actor2_3.png"
"03_角色_側面戰鬥","RTP基本素材","03_角色_側面戰鬥\RTP基本素材\Actor2_4.png","576","384","NewData\img\sv_actors\Actor2_4.png"
"03_角色_側面戰鬥","RTP基本素材","03_角色_側面戰鬥\RTP基本素材\Actor2_5.png","576","384","NewData\img\sv_actors\Actor2_5.png"
"03_角色_側面戰鬥","RTP基本素材","03_角色_側面戰鬥\RTP基本素材\Actor2_6.png","576","384","NewData\img\sv_actors\Actor2_6.png"
"03_角色_側面戰鬥","RTP基本素材","03_角色_側面戰鬥\RTP基本素材\Actor2_7.png","576","384","NewData\img\sv_actors\Actor2_7.png"
"03_角色_側面戰鬥","RTP基本素材","03_角色_側面戰鬥\RTP基本素材\Actor2_8.png","576","384","NewData\img\sv_actors\Actor2_8.png"
"03_角色_側面戰鬥","RTP基本素材","03_角色_側面戰鬥\RTP基本素材\Actor3_5.png","576","384","NewData\img\sv_actors\Actor3_5.png"
"03_角色_側面戰鬥","RTP基本素材","03_角色_側面戰鬥\RTP基本素材\Actor3_6.png","576","384","NewData\img\sv_actors\Actor3_6.png"
"03_角色_側面戰鬥","RTP基本素材","03_角色_側面戰鬥\RTP基本素材\Actor3_7.png","576","384","NewData\img\sv_actors\Actor3_7.png"
"03_角色_側面戰鬥","RTP基本素材","03_角色_側面戰鬥\RTP基本素材\Actor3_8.png","576","384","NewData\img\sv_actors\Actor3_8.png"
"02_怪物_側面戰鬥","RTP基本素材","02_怪物_側面戰鬥\RTP基本素材\Actor1_3.png","203","180","NewData\img\sv_enemies\Actor1_3.png"
"02_怪物_側面戰鬥","RTP基本素材","02_怪物_側面戰鬥\RTP基本素材\Actor1_4.png","220","210","NewData\img\sv_enemies\Actor1_4.png"
"02_怪物_側面戰鬥","RTP基本素材","02_怪物_側面戰鬥\RTP基本素材\Actor1_5.png","187","246","NewData\img\sv_enemies\Actor1_5.png"
"02_怪物_側面戰鬥","RTP基本素材","02_怪物_側面戰鬥\RTP基本素材\Actor1_6.png","203","190","NewData\img\sv_enemies\Actor1_6.png"
"02_怪物_側面戰鬥","RTP基本素材","02_怪物_側面戰鬥\RTP基本素材\Actor1_7.png","242","218","NewData\img\sv_enemies\Actor1_7.png"
"02_怪物_側面戰鬥","RTP基本素材","02_怪物_側面戰鬥\RTP基本素材\Actor2_1.png","182","202","NewData\img\sv_enemies\Actor2_1.png"
"02_怪物_側面戰鬥","RTP基本素材","02_怪物_側面戰鬥\RTP基本素材\Actor2_2.png","193","203","NewData\img\sv_enemies\Actor2_2.png"
"02_怪物_側面戰鬥","RTP基本素材","02_怪物_側面戰鬥\RTP基本素材\Actor2_3.png","178","225","NewData\img\sv_enemies\Actor2_3.png"
"02_怪物_側面戰鬥","RTP基本素材","02_怪物_側面戰鬥\RTP基本素材\Actor2_4.png","128","199","NewData\img\sv_enemies\Actor2_4.png"
"02_怪物_側面戰鬥","RTP基本素材","02_怪物_側面戰鬥\RTP基本素材\Actor2_5.png","210","226","NewData\img\sv_enemies\Actor2_5.png"
"02_怪物_側面戰鬥","RTP基本素材","02_怪物_側面戰鬥\RTP基本素材\Actor2_6.png","190","222","NewData\img\sv_enemies\Actor2_6.png"
"02_怪物_側面戰鬥","RTP基本素材","02_怪物_側面戰鬥\RTP基本素材\Actor3_1.png","193","214","NewData\img\sv_enemies\Actor3_1.png"
"02_怪物_側面戰鬥","RTP基本素材","02_怪物_側面戰鬥\RTP基本素材\Actor3_2.png","224","198","NewData\img\sv_enemies\Actor3_2.png"
"02_怪物_側面戰鬥","RTP基本素材","02_怪物_側面戰鬥\RTP基本素材\Actor3_5.png","220","157","NewData\img\sv_enemies\Actor3_5.png"
"02_怪物_側面戰鬥","RTP基本素材","02_怪物_側面戰鬥\RTP基本素材\Actor3_6.png","182","206","NewData\img\sv_enemies\Actor3_6.png"
"02_怪物_側面戰鬥","RTP基本素材","02_怪物_側面戰鬥\RTP基本素材\Angel.png","202","229","NewData\img\sv_enemies\Angel.png"
"02_怪物_側面戰鬥","RTP基本素材","02_怪物_側面戰鬥\RTP基本素材\Assassin.png","129","141","NewData\img\sv_enemies\Assassin.png"
"02_怪物_側面戰鬥","RTP基本素材","02_怪物_側面戰鬥\RTP基本素材\Bat.png","102","158","NewData\img\sv_enemies\Bat.png"
"02_怪物_側面戰鬥","RTP基本素材","02_怪物_側面戰鬥\RTP基本素材\Captain.png","178","216","NewData\img\sv_enemies\Captain.png"
"02_怪物_側面戰鬥","RTP基本素材","02_怪物_側面戰鬥\RTP基本素材\Cerberus.png","214","225","NewData\img\sv_enemies\Cerberus.png"
"02_怪物_側面戰鬥","RTP基本素材","02_怪物_側面戰鬥\RTP基本素材\Chimera.png","425","418","NewData\img\sv_enemies\Chimera.png"
"02_怪物_側面戰鬥","RTP基本素材","02_怪物_側面戰鬥\RTP基本素材\Cockatrice.png","102","106","NewData\img\sv_enemies\Cockatrice.png"
"02_怪物_側面戰鬥","RTP基本素材","02_怪物_側面戰鬥\RTP基本素材\Darklord-final.png","777","435","NewData\img\sv_enemies\Darklord-final.png"
"02_怪物_側面戰鬥","RTP基本素材","02_怪物_側面戰鬥\RTP基本素材\Darklord.png","399","350","NewData\img\sv_enemies\Darklord.png"
"02_怪物_側面戰鬥","RTP基本素材","02_怪物_側面戰鬥\RTP基本素材\Demon.png","328","338","NewData\img\sv_enemies\Demon.png"
"02_怪物_側面戰鬥","RTP基本素材","02_怪物_側面戰鬥\RTP基本素材\Dragon.png","420","436","NewData\img\sv_enemies\Dragon.png"
"02_怪物_側面戰鬥","RTP基本素材","02_怪物_側面戰鬥\RTP基本素材\Earthspirit.png","122","154","NewData\img\sv_enemies\Earthspirit.png"
"02_怪物_側面戰鬥","RTP基本素材","02_怪物_側面戰鬥\RTP基本素材\Evilgod.png","754","437","NewData\img\sv_enemies\Evilgod.png"
"02_怪物_側面戰鬥","RTP基本素材","02_怪物_側面戰鬥\RTP基本素材\Fairy.png","95","173","NewData\img\sv_enemies\Fairy.png"
"02_怪物_側面戰鬥","RTP基本素材","02_怪物_側面戰鬥\RTP基本素材\Fanatic.png","212","214","NewData\img\sv_enemies\Fanatic.png"
"02_怪物_側面戰鬥","RTP基本素材","02_怪物_側面戰鬥\RTP基本素材\Firespirit.png","116","174","NewData\img\sv_enemies\Firespirit.png"
"02_怪物_側面戰鬥","RTP基本素材","02_怪物_側面戰鬥\RTP基本素材\Gargoyle.png","421","432","NewData\img\sv_enemies\Gargoyle.png"
"02_怪物_側面戰鬥","RTP基本素材","02_怪物_側面戰鬥\RTP基本素材\Gazer.png","183","216","NewData\img\sv_enemies\Gazer.png"
"02_怪物_側面戰鬥","RTP基本素材","02_怪物_側面戰鬥\RTP基本素材\General_f.png","199","219","NewData\img\sv_enemies\General_f.png"
"02_怪物_側面戰鬥","RTP基本素材","02_怪物_側面戰鬥\RTP基本素材\General_m.png","241","231","NewData\img\sv_enemies\General_m.png"
"02_怪物_側面戰鬥","RTP基本素材","02_怪物_側面戰鬥\RTP基本素材\God.png","762","440","NewData\img\sv_enemies\God.png"
"02_怪物_側面戰鬥","RTP基本素材","02_怪物_側面戰鬥\RTP基本素材\Goddess.png","274","211","NewData\img\sv_enemies\Goddess.png"
"02_怪物_側面戰鬥","RTP基本素材","02_怪物_側面戰鬥\RTP基本素材\Hornet.png","75","141","NewData\img\sv_enemies\Hornet.png"
"02_怪物_側面戰鬥","RTP基本素材","02_怪物_側面戰鬥\RTP基本素材\Imp.png","96","175","NewData\img\sv_enemies\Imp.png"
"02_怪物_側面戰鬥","RTP基本素材","02_怪物_側面戰鬥\RTP基本素材\Irongiant.png","465","415","NewData\img\sv_enemies\Irongiant.png"
"02_怪物_側面戰鬥","RTP基本素材","02_怪物_側面戰鬥\RTP基本素材\Jellyfish.png","102","109","NewData\img\sv_enemies\Jellyfish.png"
"02_怪物_側面戰鬥","RTP基本素材","02_怪物_側面戰鬥\RTP基本素材\Lamia.png","337","334","NewData\img\sv_enemies\Lamia.png"
"02_怪物_側面戰鬥","RTP基本素材","02_怪物_側面戰鬥\RTP基本素材\Mage.png","182","224","NewData\img\sv_enemies\Mage.png"
"02_怪物_側面戰鬥","RTP基本素材","02_怪物_側面戰鬥\RTP基本素材\Mimic.png","104","100","NewData\img\sv_enemies\Mimic.png"
"02_怪物_側面戰鬥","RTP基本素材","02_怪物_側面戰鬥\RTP基本素材\Minotaur.png","375","335","NewData\img\sv_enemies\Minotaur.png"
"02_怪物_側面戰鬥","RTP基本素材","02_怪物_側面戰鬥\RTP基本素材\Ogre.png","469","417","NewData\img\sv_enemies\Ogre.png"
"02_怪物_側面戰鬥","RTP基本素材","02_怪物_側面戰鬥\RTP基本素材\Orc.png","264","286","NewData\img\sv_enemies\Orc.png"
"02_怪物_側面戰鬥","RTP基本素材","02_怪物_側面戰鬥\RTP基本素材\Plant.png","122","110","NewData\img\sv_enemies\Plant.png"
"02_怪物_側面戰鬥","RTP基本素材","02_怪物_側面戰鬥\RTP基本素材\Puppet.png","165","178","NewData\img\sv_enemies\Puppet.png"
"02_怪物_側面戰鬥","RTP基本素材","02_怪物_側面戰鬥\RTP基本素材\Rat.png","79","123","NewData\img\sv_enemies\Rat.png"
"02_怪物_側面戰鬥","RTP基本素材","02_怪物_側面戰鬥\RTP基本素材\Rogue.png","156","196","NewData\img\sv_enemies\Rogue.png"
"02_怪物_側面戰鬥","RTP基本素材","02_怪物_側面戰鬥\RTP基本素材\Sahuagin.png","132","140","NewData\img\sv_enemies\Sahuagin.png"
"02_怪物_側面戰鬥","RTP基本素材","02_怪物_側面戰鬥\RTP基本素材\Scorpion.png","94","110","NewData\img\sv_enemies\Scorpion.png"
"02_怪物_側面戰鬥","RTP基本素材","02_怪物_側面戰鬥\RTP基本素材\Skeleton.png","186","169","NewData\img\sv_enemies\Skeleton.png"
"02_怪物_側面戰鬥","RTP基本素材","02_怪物_側面戰鬥\RTP基本素材\Slime.png","102","85","NewData\img\sv_enemies\Slime.png"
"02_怪物_側面戰鬥","RTP基本素材","02_怪物_側面戰鬥\RTP基本素材\Snake.png","110","108","NewData\img\sv_enemies\Snake.png"
"02_怪物_側面戰鬥","RTP基本素材","02_怪物_側面戰鬥\RTP基本素材\Soldier.png","221","182","NewData\img\sv_enemies\Soldier.png"
"02_怪物_側面戰鬥","RTP基本素材","02_怪物_側面戰鬥\RTP基本素材\Spider.png","115","87","NewData\img\sv_enemies\Spider.png"
"02_怪物_側面戰鬥","RTP基本素材","02_怪物_側面戰鬥\RTP基本素材\Succubus.png","191","216","NewData\img\sv_enemies\Succubus.png"
"02_怪物_側面戰鬥","RTP基本素材","02_怪物_側面戰鬥\RTP基本素材\Swordsman.png","249","174","NewData\img\sv_enemies\Swordsman.png"
"02_怪物_側面戰鬥","RTP基本素材","02_怪物_側面戰鬥\RTP基本素材\Vampire.png","211","206","NewData\img\sv_enemies\Vampire.png"
"02_怪物_側面戰鬥","RTP基本素材","02_怪物_側面戰鬥\RTP基本素材\Waterspirit.png","145","150","NewData\img\sv_enemies\Waterspirit.png"
"02_怪物_側面戰鬥","RTP基本素材","02_怪物_側面戰鬥\RTP基本素材\Werewolf.png","201","197","NewData\img\sv_enemies\Werewolf.png"
"02_怪物_側面戰鬥","RTP基本素材","02_怪物_側面戰鬥\RTP基本素材\Willowisp.png","97","101","NewData\img\sv_enemies\Willowisp.png"
"02_怪物_側面戰鬥","RTP基本素材","02_怪物_側面戰鬥\RTP基本素材\Windspirit.png","144","150","NewData\img\sv_enemies\Windspirit.png"
"02_怪物_側面戰鬥","RTP基本素材","02_怪物_側面戰鬥\RTP基本素材\Zombie.png","142","110","NewData\img\sv_enemies\Zombie.png"
"11_介面與圖示","RTP基本素材","11_介面與圖示\RTP基本素材\Balloon.png","384","720","NewData\img\system\Balloon.png"
"11_介面與圖示","RTP基本素材","11_介面與圖示\RTP基本素材\ButtonSet.png","288","96","NewData\img\system\ButtonSet.png"
"11_介面與圖示","RTP基本素材","11_介面與圖示\RTP基本素材\Damage.png","240","160","NewData\img\system\Damage.png"
"11_介面與圖示","RTP基本素材","11_介面與圖示\RTP基本素材\GameOver.png","816","624","NewData\img\system\GameOver.png"
"11_介面與圖示","RTP基本素材","11_介面與圖示\RTP基本素材\IconSet.png","512","640","NewData\img\system\IconSet.png"
"11_介面與圖示","RTP基本素材","11_介面與圖示\RTP基本素材\Loading.png","400","100","NewData\img\system\Loading.png"
"11_介面與圖示","RTP基本素材","11_介面與圖示\RTP基本素材\MadeWithMv.png","816","624","NewData\img\system\MadeWithMv.png"
"11_介面與圖示","RTP基本素材","11_介面與圖示\RTP基本素材\Shadow1.png","48","48","NewData\img\system\Shadow1.png"
"11_介面與圖示","RTP基本素材","11_介面與圖示\RTP基本素材\Shadow2.png","82","38","NewData\img\system\Shadow2.png"
"11_介面與圖示","RTP基本素材","11_介面與圖示\RTP基本素材\States.png","768","960","NewData\img\system\States.png"
"11_介面與圖示","RTP基本素材","11_介面與圖示\RTP基本素材\Weapons1.png","576","384","NewData\img\system\Weapons1.png"
"11_介面與圖示","RTP基本素材","11_介面與圖示\RTP基本素材\Weapons2.png","576","384","NewData\img\system\Weapons2.png"
"11_介面與圖示","RTP基本素材","11_介面與圖示\RTP基本素材\Weapons3.png","288","384","NewData\img\system\Weapons3.png"
"11_介面與圖示","RTP基本素材","11_介面與圖示\RTP基本素材\Window.png","192","192","NewData\img\system\Window.png"
"09_地圖圖塊","RTP基本素材","09_地圖圖塊\RTP基本素材\Dungeon_A1.png","768","576","NewData\img\tilesets\Dungeon_A1.png"
"09_地圖圖塊","RTP基本素材","09_地圖圖塊\RTP基本素材\Dungeon_A2.png","768","576","NewData\img\tilesets\Dungeon_A2.png"
"09_地圖圖塊","RTP基本素材","09_地圖圖塊\RTP基本素材\Dungeon_A4.png","768","720","NewData\img\tilesets\Dungeon_A4.png"
"09_地圖圖塊","RTP基本素材","09_地圖圖塊\RTP基本素材\Dungeon_A5.png","384","768","NewData\img\tilesets\Dungeon_A5.png"
"09_地圖圖塊","RTP基本素材","09_地圖圖塊\RTP基本素材\Dungeon_B.png","768","768","NewData\img\tilesets\Dungeon_B.png"
"09_地圖圖塊","RTP基本素材","09_地圖圖塊\RTP基本素材\Dungeon_C.png","768","768","NewData\img\tilesets\Dungeon_C.png"
"09_地圖圖塊","RTP基本素材","09_地圖圖塊\RTP基本素材\Inside_A1.png","768","576","NewData\img\tilesets\Inside_A1.png"
"09_地圖圖塊","RTP基本素材","09_地圖圖塊\RTP基本素材\Inside_A2.png","768","576","NewData\img\tilesets\Inside_A2.png"
"09_地圖圖塊","RTP基本素材","09_地圖圖塊\RTP基本素材\Inside_A4.png","768","720","NewData\img\tilesets\Inside_A4.png"
"09_地圖圖塊","RTP基本素材","09_地圖圖塊\RTP基本素材\Inside_A5.png","384","768","NewData\img\tilesets\Inside_A5.png"
"09_地圖圖塊","RTP基本素材","09_地圖圖塊\RTP基本素材\Inside_B.png","768","768","NewData\img\tilesets\Inside_B.png"
"09_地圖圖塊","RTP基本素材","09_地圖圖塊\RTP基本素材\Inside_C.png","768","768","NewData\img\tilesets\Inside_C.png"
"09_地圖圖塊","RTP基本素材","09_地圖圖塊\RTP基本素材\Outside_A1.png","768","576","NewData\img\tilesets\Outside_A1.png"
"09_地圖圖塊","RTP基本素材","09_地圖圖塊\RTP基本素材\Outside_A2.png","768","576","NewData\img\tilesets\Outside_A2.png"
"09_地圖圖塊","RTP基本素材","09_地圖圖塊\RTP基本素材\Outside_A3.png","768","384","NewData\img\tilesets\Outside_A3.png"
"09_地圖圖塊","RTP基本素材","09_地圖圖塊\RTP基本素材\Outside_A4.png","768","720","NewData\img\tilesets\Outside_A4.png"
"09_地圖圖塊","RTP基本素材","09_地圖圖塊\RTP基本素材\Outside_A5.png","384","768","NewData\img\tilesets\Outside_A5.png"
"09_地圖圖塊","RTP基本素材","09_地圖圖塊\RTP基本素材\Outside_B.png","768","768","NewData\img\tilesets\Outside_B.png"
"09_地圖圖塊","RTP基本素材","09_地圖圖塊\RTP基本素材\Outside_C.png","768","768","NewData\img\tilesets\Outside_C.png"
"09_地圖圖塊","RTP基本素材","09_地圖圖塊\RTP基本素材\SF_Inside_A4.png","768","720","NewData\img\tilesets\SF_Inside_A4.png"
"09_地圖圖塊","RTP基本素材","09_地圖圖塊\RTP基本素材\SF_Inside_B.png","768","768","NewData\img\tilesets\SF_Inside_B.png"
"09_地圖圖塊","RTP基本素材","09_地圖圖塊\RTP基本素材\SF_Inside_C.png","768","768","NewData\img\tilesets\SF_Inside_C.png"
"09_地圖圖塊","RTP基本素材","09_地圖圖塊\RTP基本素材\SF_Outside_A3.png","768","384","NewData\img\tilesets\SF_Outside_A3.png"
"09_地圖圖塊","RTP基本素材","09_地圖圖塊\RTP基本素材\SF_Outside_A4.png","768","720","NewData\img\tilesets\SF_Outside_A4.png"
"09_地圖圖塊","RTP基本素材","09_地圖圖塊\RTP基本素材\SF_Outside_A5.png","384","768","NewData\img\tilesets\SF_Outside_A5.png"
"09_地圖圖塊","RTP基本素材","09_地圖圖塊\RTP基本素材\SF_Outside_B.png","768","768","NewData\img\tilesets\SF_Outside_B.png"
"09_地圖圖塊","RTP基本素材","09_地圖圖塊\RTP基本素材\SF_Outside_C.png","768","768","NewData\img\tilesets\SF_Outside_C.png"
"09_地圖圖塊","RTP基本素材","09_地圖圖塊\RTP基本素材\World_A1.png","768","576","NewData\img\tilesets\World_A1.png"
"09_地圖圖塊","RTP基本素材","09_地圖圖塊\RTP基本素材\World_A2.png","768","576","NewData\img\tilesets\World_A2.png"
"09_地圖圖塊","RTP基本素材","09_地圖圖塊\RTP基本素材\World_B.png","768","768","NewData\img\tilesets\World_B.png"
"09_地圖圖塊","RTP基本素材","09_地圖圖塊\RTP基本素材\World_C.png","768","768","NewData\img\tilesets\World_C.png"
"10_標題圖\背景","RTP基本素材","10_標題圖\背景\RTP基本素材\Book.png","816","624","NewData\img\titles1\Book.png"
"10_標題圖\背景","RTP基本素材","10_標題圖\背景\RTP基本素材\Castle.png","816","624","NewData\img\titles1\Castle.png"
"10_標題圖\背景","RTP基本素材","10_標題圖\背景\RTP基本素材\CrossedSwords.png","816","624","NewData\img\titles1\CrossedSwords.png"
"10_標題圖\背景","RTP基本素材","10_標題圖\背景\RTP基本素材\Crystal.png","816","624","NewData\img\titles1\Crystal.png"
"10_標題圖\背景","RTP基本素材","10_標題圖\背景\RTP基本素材\DemonCastle.png","816","624","NewData\img\titles1\DemonCastle.png"
"10_標題圖\背景","RTP基本素材","10_標題圖\背景\RTP基本素材\Devil.png","816","624","NewData\img\titles1\Devil.png"
"10_標題圖\背景","RTP基本素材","10_標題圖\背景\RTP基本素材\Dragon.png","816","624","NewData\img\titles1\Dragon.png"
"10_標題圖\背景","RTP基本素材","10_標題圖\背景\RTP基本素材\Fountain.png","816","624","NewData\img\titles1\Fountain.png"
"10_標題圖\背景","RTP基本素材","10_標題圖\背景\RTP基本素材\Gates.png","816","624","NewData\img\titles1\Gates.png"
"10_標題圖\背景","RTP基本素材","10_標題圖\背景\RTP基本素材\Hexagram.png","816","624","NewData\img\titles1\Hexagram.png"
"10_標題圖\背景","RTP基本素材","10_標題圖\背景\RTP基本素材\Island.png","816","624","NewData\img\titles1\Island.png"
"10_標題圖\背景","RTP基本素材","10_標題圖\背景\RTP基本素材\Night.png","816","624","NewData\img\titles1\Night.png"
"10_標題圖\背景","RTP基本素材","10_標題圖\背景\RTP基本素材\Plain.png","816","624","NewData\img\titles1\Plain.png"
"10_標題圖\背景","RTP基本素材","10_標題圖\背景\RTP基本素材\Sword.png","816","624","NewData\img\titles1\Sword.png"
"10_標題圖\背景","RTP基本素材","10_標題圖\背景\RTP基本素材\Tower1.png","816","624","NewData\img\titles1\Tower1.png"
"10_標題圖\背景","RTP基本素材","10_標題圖\背景\RTP基本素材\Tower2.png","816","624","NewData\img\titles1\Tower2.png"
"10_標題圖\背景","RTP基本素材","10_標題圖\背景\RTP基本素材\Universe.png","816","624","NewData\img\titles1\Universe.png"
"10_標題圖\背景","RTP基本素材","10_標題圖\背景\RTP基本素材\Volcano.png","816","624","NewData\img\titles1\Volcano.png"
"10_標題圖\背景","RTP基本素材","10_標題圖\背景\RTP基本素材\World.png","816","624","NewData\img\titles1\World.png"
"10_標題圖\背景","RTP基本素材","10_標題圖\背景\RTP基本素材\WorldMap.png","816","624","NewData\img\titles1\WorldMap.png"
"10_標題圖\外框","RTP基本素材","10_標題圖\外框\RTP基本素材\Floral.png","816","624","NewData\img\titles2\Floral.png"
"10_標題圖\外框","RTP基本素材","10_標題圖\外框\RTP基本素材\Medieval.png","816","624","NewData\img\titles2\Medieval.png"
"07_戰鬥背景\地面","追加素材BaseResource","07_戰鬥背景\地面\追加素材BaseResource\SF_Asphalt1.png","1000","740","dlc\BaseResource\img\battlebacks1\SF_Asphalt1.png"
"07_戰鬥背景\地面","追加素材BaseResource","07_戰鬥背景\地面\追加素材BaseResource\SF_Asphalt1_Damaged.png","1000","740","dlc\BaseResource\img\battlebacks1\SF_Asphalt1_Damaged.png"
"07_戰鬥背景\地面","追加素材BaseResource","07_戰鬥背景\地面\追加素材BaseResource\SF_Asphalt1_Night.png","1000","740","dlc\BaseResource\img\battlebacks1\SF_Asphalt1_Night.png"
"07_戰鬥背景\地面","追加素材BaseResource","07_戰鬥背景\地面\追加素材BaseResource\SF_Asphalt2.png","1000","740","dlc\BaseResource\img\battlebacks1\SF_Asphalt2.png"
"07_戰鬥背景\地面","追加素材BaseResource","07_戰鬥背景\地面\追加素材BaseResource\SF_Asphalt2_Damaged.png","1000","740","dlc\BaseResource\img\battlebacks1\SF_Asphalt2_Damaged.png"
"07_戰鬥背景\地面","追加素材BaseResource","07_戰鬥背景\地面\追加素材BaseResource\SF_Asphalt3.png","1000","740","dlc\BaseResource\img\battlebacks1\SF_Asphalt3.png"
"07_戰鬥背景\地面","追加素材BaseResource","07_戰鬥背景\地面\追加素材BaseResource\SF_Asphalt4.png","1000","740","dlc\BaseResource\img\battlebacks1\SF_Asphalt4.png"
"07_戰鬥背景\地面","追加素材BaseResource","07_戰鬥背景\地面\追加素材BaseResource\SF_Asphalt5.png","1000","740","dlc\BaseResource\img\battlebacks1\SF_Asphalt5.png"
"07_戰鬥背景\地面","追加素材BaseResource","07_戰鬥背景\地面\追加素材BaseResource\SF_Building.png","1000","740","dlc\BaseResource\img\battlebacks1\SF_Building.png"
"07_戰鬥背景\地面","追加素材BaseResource","07_戰鬥背景\地面\追加素材BaseResource\SF_Company.png","1000","740","dlc\BaseResource\img\battlebacks1\SF_Company.png"
"07_戰鬥背景\地面","追加素材BaseResource","07_戰鬥背景\地面\追加素材BaseResource\SF_Concrete.png","1000","740","dlc\BaseResource\img\battlebacks1\SF_Concrete.png"
"07_戰鬥背景\地面","追加素材BaseResource","07_戰鬥背景\地面\追加素材BaseResource\SF_Crater.png","1000","740","dlc\BaseResource\img\battlebacks1\SF_Crater.png"
"07_戰鬥背景\地面","追加素材BaseResource","07_戰鬥背景\地面\追加素材BaseResource\SF_CyberSpace.png","1000","740","dlc\BaseResource\img\battlebacks1\SF_CyberSpace.png"
"07_戰鬥背景\地面","追加素材BaseResource","07_戰鬥背景\地面\追加素材BaseResource\SF_Dirt.png","1000","740","dlc\BaseResource\img\battlebacks1\SF_Dirt.png"
"07_戰鬥背景\地面","追加素材BaseResource","07_戰鬥背景\地面\追加素材BaseResource\SF_Factory.png","1000","740","dlc\BaseResource\img\battlebacks1\SF_Factory.png"
"07_戰鬥背景\地面","追加素材BaseResource","07_戰鬥背景\地面\追加素材BaseResource\SF_Factory_Damaged.png","1000","740","dlc\BaseResource\img\battlebacks1\SF_Factory_Damaged.png"
"07_戰鬥背景\地面","追加素材BaseResource","07_戰鬥背景\地面\追加素材BaseResource\SF_Flooring.png","1000","740","dlc\BaseResource\img\battlebacks1\SF_Flooring.png"
"07_戰鬥背景\地面","追加素材BaseResource","07_戰鬥背景\地面\追加素材BaseResource\SF_Gothic1.png","1000","740","dlc\BaseResource\img\battlebacks1\SF_Gothic1.png"
"07_戰鬥背景\地面","追加素材BaseResource","07_戰鬥背景\地面\追加素材BaseResource\SF_Gothic2.png","1000","740","dlc\BaseResource\img\battlebacks1\SF_Gothic2.png"
"07_戰鬥背景\地面","追加素材BaseResource","07_戰鬥背景\地面\追加素材BaseResource\SF_InnerWorld.png","1000","740","dlc\BaseResource\img\battlebacks1\SF_InnerWorld.png"
"07_戰鬥背景\地面","追加素材BaseResource","07_戰鬥背景\地面\追加素材BaseResource\SF_MagicCircle.png","1000","740","dlc\BaseResource\img\battlebacks1\SF_MagicCircle.png"
"07_戰鬥背景\地面","追加素材BaseResource","07_戰鬥背景\地面\追加素材BaseResource\SF_Metal1.png","1000","740","dlc\BaseResource\img\battlebacks1\SF_Metal1.png"
"07_戰鬥背景\地面","追加素材BaseResource","07_戰鬥背景\地面\追加素材BaseResource\SF_Metal2.png","1000","740","dlc\BaseResource\img\battlebacks1\SF_Metal2.png"
"07_戰鬥背景\地面","追加素材BaseResource","07_戰鬥背景\地面\追加素材BaseResource\SF_Metal2_Damaged.png","1000","740","dlc\BaseResource\img\battlebacks1\SF_Metal2_Damaged.png"
"07_戰鬥背景\地面","追加素材BaseResource","07_戰鬥背景\地面\追加素材BaseResource\SF_MetalLattice.png","1000","740","dlc\BaseResource\img\battlebacks1\SF_MetalLattice.png"
"07_戰鬥背景\地面","追加素材BaseResource","07_戰鬥背景\地面\追加素材BaseResource\SF_Sewer.png","1000","740","dlc\BaseResource\img\battlebacks1\SF_Sewer.png"
"07_戰鬥背景\牆景","追加素材BaseResource","07_戰鬥背景\牆景\追加素材BaseResource\SF_Building1.png","1000","740","dlc\BaseResource\img\battlebacks2\SF_Building1.png"
"07_戰鬥背景\牆景","追加素材BaseResource","07_戰鬥背景\牆景\追加素材BaseResource\SF_Building2.png","1000","740","dlc\BaseResource\img\battlebacks2\SF_Building2.png"
"07_戰鬥背景\牆景","追加素材BaseResource","07_戰鬥背景\牆景\追加素材BaseResource\SF_City.png","1000","740","dlc\BaseResource\img\battlebacks2\SF_City.png"
"07_戰鬥背景\牆景","追加素材BaseResource","07_戰鬥背景\牆景\追加素材BaseResource\SF_Company.png","1000","740","dlc\BaseResource\img\battlebacks2\SF_Company.png"
"07_戰鬥背景\牆景","追加素材BaseResource","07_戰鬥背景\牆景\追加素材BaseResource\SF_ComputerRoom.png","1000","740","dlc\BaseResource\img\battlebacks2\SF_ComputerRoom.png"
"07_戰鬥背景\牆景","追加素材BaseResource","07_戰鬥背景\牆景\追加素材BaseResource\SF_CyberSpace.png","1000","740","dlc\BaseResource\img\battlebacks2\SF_CyberSpace.png"
"07_戰鬥背景\牆景","追加素材BaseResource","07_戰鬥背景\牆景\追加素材BaseResource\SF_DistantView1.png","1000","740","dlc\BaseResource\img\battlebacks2\SF_DistantView1.png"
"07_戰鬥背景\牆景","追加素材BaseResource","07_戰鬥背景\牆景\追加素材BaseResource\SF_DistantView2.png","1000","740","dlc\BaseResource\img\battlebacks2\SF_DistantView2.png"
"07_戰鬥背景\牆景","追加素材BaseResource","07_戰鬥背景\牆景\追加素材BaseResource\SF_DistantView3.png","1000","740","dlc\BaseResource\img\battlebacks2\SF_DistantView3.png"
"07_戰鬥背景\牆景","追加素材BaseResource","07_戰鬥背景\牆景\追加素材BaseResource\SF_DistantView3_Night.png","1000","740","dlc\BaseResource\img\battlebacks2\SF_DistantView3_Night.png"
"07_戰鬥背景\牆景","追加素材BaseResource","07_戰鬥背景\牆景\追加素材BaseResource\SF_Factory.png","1000","740","dlc\BaseResource\img\battlebacks2\SF_Factory.png"
"07_戰鬥背景\牆景","追加素材BaseResource","07_戰鬥背景\牆景\追加素材BaseResource\SF_GothicEntrance.png","1000","740","dlc\BaseResource\img\battlebacks2\SF_GothicEntrance.png"
"07_戰鬥背景\牆景","追加素材BaseResource","07_戰鬥背景\牆景\追加素材BaseResource\SF_GothicRoom.png","1000","740","dlc\BaseResource\img\battlebacks2\SF_GothicRoom.png"
"07_戰鬥背景\牆景","追加素材BaseResource","07_戰鬥背景\牆景\追加素材BaseResource\SF_Hospital.png","1000","740","dlc\BaseResource\img\battlebacks2\SF_Hospital.png"
"07_戰鬥背景\牆景","追加素材BaseResource","07_戰鬥背景\牆景\追加素材BaseResource\SF_InnerWorld.png","1000","740","dlc\BaseResource\img\battlebacks2\SF_InnerWorld.png"
"07_戰鬥背景\牆景","追加素材BaseResource","07_戰鬥背景\牆景\追加素材BaseResource\SF_Laboratory.png","1000","740","dlc\BaseResource\img\battlebacks2\SF_Laboratory.png"
"07_戰鬥背景\牆景","追加素材BaseResource","07_戰鬥背景\牆景\追加素材BaseResource\SF_Metal.png","1000","740","dlc\BaseResource\img\battlebacks2\SF_Metal.png"
"07_戰鬥背景\牆景","追加素材BaseResource","07_戰鬥背景\牆景\追加素材BaseResource\SF_MilitaryBase.png","1000","740","dlc\BaseResource\img\battlebacks2\SF_MilitaryBase.png"
"07_戰鬥背景\牆景","追加素材BaseResource","07_戰鬥背景\牆景\追加素材BaseResource\SF_Park.png","1000","740","dlc\BaseResource\img\battlebacks2\SF_Park.png"
"07_戰鬥背景\牆景","追加素材BaseResource","07_戰鬥背景\牆景\追加素材BaseResource\SF_PresidentsOffice.png","1000","740","dlc\BaseResource\img\battlebacks2\SF_PresidentsOffice.png"
"07_戰鬥背景\牆景","追加素材BaseResource","07_戰鬥背景\牆景\追加素材BaseResource\SF_School1.png","1000","740","dlc\BaseResource\img\battlebacks2\SF_School1.png"
"07_戰鬥背景\牆景","追加素材BaseResource","07_戰鬥背景\牆景\追加素材BaseResource\SF_School2.png","1000","740","dlc\BaseResource\img\battlebacks2\SF_School2.png"
"07_戰鬥背景\牆景","追加素材BaseResource","07_戰鬥背景\牆景\追加素材BaseResource\SF_Scrap.png","1000","740","dlc\BaseResource\img\battlebacks2\SF_Scrap.png"
"07_戰鬥背景\牆景","追加素材BaseResource","07_戰鬥背景\牆景\追加素材BaseResource\SF_Sewer.png","1000","740","dlc\BaseResource\img\battlebacks2\SF_Sewer.png"
"07_戰鬥背景\牆景","追加素材BaseResource","07_戰鬥背景\牆景\追加素材BaseResource\SF_Slum.png","1000","740","dlc\BaseResource\img\battlebacks2\SF_Slum.png"
"07_戰鬥背景\牆景","追加素材BaseResource","07_戰鬥背景\牆景\追加素材BaseResource\SF_Town.png","1000","740","dlc\BaseResource\img\battlebacks2\SF_Town.png"
"07_戰鬥背景\牆景","追加素材BaseResource","07_戰鬥背景\牆景\追加素材BaseResource\SF_VacantLot.png","1000","740","dlc\BaseResource\img\battlebacks2\SF_VacantLot.png"
"07_戰鬥背景\牆景","追加素材BaseResource","07_戰鬥背景\牆景\追加素材BaseResource\SF_WarehouseDistrict.png","1000","740","dlc\BaseResource\img\battlebacks2\SF_WarehouseDistrict.png"
"04_角色_行走圖","追加素材BaseResource","04_角色_行走圖\追加素材BaseResource\!$SF_Gate1.png","432","384","dlc\BaseResource\img\characters\!$SF_Gate1.png"
"04_角色_行走圖","追加素材BaseResource","04_角色_行走圖\追加素材BaseResource\!$SF_Gate2.png","432","384","dlc\BaseResource\img\characters\!$SF_Gate2.png"
"04_角色_行走圖","追加素材BaseResource","04_角色_行走圖\追加素材BaseResource\!$SF_Gate3.png","432","384","dlc\BaseResource\img\characters\!$SF_Gate3.png"
"04_角色_行走圖","追加素材BaseResource","04_角色_行走圖\追加素材BaseResource\!SF_Chest.png","576","384","dlc\BaseResource\img\characters\!SF_Chest.png"
"04_角色_行走圖","追加素材BaseResource","04_角色_行走圖\追加素材BaseResource\!SF_Switch1.png","576","384","dlc\BaseResource\img\characters\!SF_Switch1.png"
"04_角色_行走圖","追加素材BaseResource","04_角色_行走圖\追加素材BaseResource\SF_Actor1.png","576","384","dlc\BaseResource\img\characters\SF_Actor1.png"
"04_角色_行走圖","追加素材BaseResource","04_角色_行走圖\追加素材BaseResource\SF_Actor2.png","576","384","dlc\BaseResource\img\characters\SF_Actor2.png"
"04_角色_行走圖","追加素材BaseResource","04_角色_行走圖\追加素材BaseResource\SF_Actor3.png","576","384","dlc\BaseResource\img\characters\SF_Actor3.png"
"04_角色_行走圖","追加素材BaseResource","04_角色_行走圖\追加素材BaseResource\SF_Damage1.png","576","384","dlc\BaseResource\img\characters\SF_Damage1.png"
"04_角色_行走圖","追加素材BaseResource","04_角色_行走圖\追加素材BaseResource\SF_Damage2.png","576","384","dlc\BaseResource\img\characters\SF_Damage2.png"
"04_角色_行走圖","追加素材BaseResource","04_角色_行走圖\追加素材BaseResource\SF_Monster.png","576","384","dlc\BaseResource\img\characters\SF_Monster.png"
"04_角色_行走圖","追加素材BaseResource","04_角色_行走圖\追加素材BaseResource\SF_People1.png","576","384","dlc\BaseResource\img\characters\SF_People1.png"
"04_角色_行走圖","追加素材BaseResource","04_角色_行走圖\追加素材BaseResource\SF_People2.png","576","384","dlc\BaseResource\img\characters\SF_People2.png"
"04_角色_行走圖","追加素材BaseResource","04_角色_行走圖\追加素材BaseResource\SF_People3.png","576","384","dlc\BaseResource\img\characters\SF_People3.png"
"04_角色_行走圖","追加素材BaseResource","04_角色_行走圖\追加素材BaseResource\SF_Vehicle.png","576","384","dlc\BaseResource\img\characters\SF_Vehicle.png"
"01_怪物_正面","追加素材BaseResource","01_怪物_正面\追加素材BaseResource\SF_Abomination.png","816","457","dlc\BaseResource\img\enemies\SF_Abomination.png"
"01_怪物_正面","追加素材BaseResource","01_怪物_正面\追加素材BaseResource\SF_Archangel.png","816","457","dlc\BaseResource\img\enemies\SF_Archangel.png"
"01_怪物_正面","追加素材BaseResource","01_怪物_正面\追加素材BaseResource\SF_ArmySoldier.png","306","320","dlc\BaseResource\img\enemies\SF_ArmySoldier.png"
"01_怪物_正面","追加素材BaseResource","01_怪物_正面\追加素材BaseResource\SF_Bodyguard.png","250","286","dlc\BaseResource\img\enemies\SF_Bodyguard.png"
"01_怪物_正面","追加素材BaseResource","01_怪物_正面\追加素材BaseResource\SF_Boss.png","303","303","dlc\BaseResource\img\enemies\SF_Boss.png"
"01_怪物_正面","追加素材BaseResource","01_怪物_正面\追加素材BaseResource\SF_Butcher.png","464","368","dlc\BaseResource\img\enemies\SF_Butcher.png"
"01_怪物_正面","追加素材BaseResource","01_怪物_正面\追加素材BaseResource\SF_Byakko.png","494","391","dlc\BaseResource\img\enemies\SF_Byakko.png"
"01_怪物_正面","追加素材BaseResource","01_怪物_正面\追加素材BaseResource\SF_CursedGirl.png","210","170","dlc\BaseResource\img\enemies\SF_CursedGirl.png"
"01_怪物_正面","追加素材BaseResource","01_怪物_正面\追加素材BaseResource\SF_DarkLord2000.png","494","391","dlc\BaseResource\img\enemies\SF_DarkLord2000.png"
"01_怪物_正面","追加素材BaseResource","01_怪物_正面\追加素材BaseResource\SF_Doll.png","171","184","dlc\BaseResource\img\enemies\SF_Doll.png"
"01_怪物_正面","追加素材BaseResource","01_怪物_正面\追加素材BaseResource\SF_DoomedSkull.png","270","309","dlc\BaseResource\img\enemies\SF_DoomedSkull.png"
"01_怪物_正面","追加素材BaseResource","01_怪物_正面\追加素材BaseResource\SF_Drone.png","150","257","dlc\BaseResource\img\enemies\SF_Drone.png"
"01_怪物_正面","追加素材BaseResource","01_怪物_正面\追加素材BaseResource\SF_EvilToy.png","159","164","dlc\BaseResource\img\enemies\SF_EvilToy.png"
"01_怪物_正面","追加素材BaseResource","01_怪物_正面\追加素材BaseResource\SF_FallenAngel.png","401","446","dlc\BaseResource\img\enemies\SF_FallenAngel.png"
"01_怪物_正面","追加素材BaseResource","01_怪物_正面\追加素材BaseResource\SF_Genbu.png","525","486","dlc\BaseResource\img\enemies\SF_Genbu.png"
"01_怪物_正面","追加素材BaseResource","01_怪物_正面\追加素材BaseResource\SF_GothicLolita.png","258","333","dlc\BaseResource\img\enemies\SF_GothicLolita.png"
"01_怪物_正面","追加素材BaseResource","01_怪物_正面\追加素材BaseResource\SF_Inugami.png","229","212","dlc\BaseResource\img\enemies\SF_Inugami.png"
"01_怪物_正面","追加素材BaseResource","01_怪物_正面\追加素材BaseResource\SF_KillerRobot.png","218","249","dlc\BaseResource\img\enemies\SF_KillerRobot.png"
"01_怪物_正面","追加素材BaseResource","01_怪物_正面\追加素材BaseResource\SF_Machine.png","308","360","dlc\BaseResource\img\enemies\SF_Machine.png"
"01_怪物_正面","追加素材BaseResource","01_怪物_正面\追加素材BaseResource\SF_MadDoctor.png","325","372","dlc\BaseResource\img\enemies\SF_MadDoctor.png"
"01_怪物_正面","追加素材BaseResource","01_怪物_正面\追加素材BaseResource\SF_MechaSuit.png","537","445","dlc\BaseResource\img\enemies\SF_MechaSuit.png"
"01_怪物_正面","追加素材BaseResource","01_怪物_正面\追加素材BaseResource\SF_Nurse.png","283","300","dlc\BaseResource\img\enemies\SF_Nurse.png"
"01_怪物_正面","追加素材BaseResource","01_怪物_正面\追加素材BaseResource\SF_Parasite.png","231","166","dlc\BaseResource\img\enemies\SF_Parasite.png"
"01_怪物_正面","追加素材BaseResource","01_怪物_正面\追加素材BaseResource\SF_Preacher.png","300","300","dlc\BaseResource\img\enemies\SF_Preacher.png"
"01_怪物_正面","追加素材BaseResource","01_怪物_正面\追加素材BaseResource\SF_Seiryu.png","480","480","dlc\BaseResource\img\enemies\SF_Seiryu.png"
"01_怪物_正面","追加素材BaseResource","01_怪物_正面\追加素材BaseResource\SF_SpecialPolice.png","318","303","dlc\BaseResource\img\enemies\SF_SpecialPolice.png"
"01_怪物_正面","追加素材BaseResource","01_怪物_正面\追加素材BaseResource\SF_SufferingSoul.png","171","188","dlc\BaseResource\img\enemies\SF_SufferingSoul.png"
"01_怪物_正面","追加素材BaseResource","01_怪物_正面\追加素材BaseResource\SF_Suzaku.png","546","400","dlc\BaseResource\img\enemies\SF_Suzaku.png"
"01_怪物_正面","追加素材BaseResource","01_怪物_正面\追加素材BaseResource\SF_SweetLolita.png","268","333","dlc\BaseResource\img\enemies\SF_SweetLolita.png"
"01_怪物_正面","追加素材BaseResource","01_怪物_正面\追加素材BaseResource\SF_TeddyBear.png","150","171","dlc\BaseResource\img\enemies\SF_TeddyBear.png"
"01_怪物_正面","追加素材BaseResource","01_怪物_正面\追加素材BaseResource\SF_Tengu.png","441","427","dlc\BaseResource\img\enemies\SF_Tengu.png"
"01_怪物_正面","追加素材BaseResource","01_怪物_正面\追加素材BaseResource\SF_Thug.png","245","331","dlc\BaseResource\img\enemies\SF_Thug.png"
"01_怪物_正面","追加素材BaseResource","01_怪物_正面\追加素材BaseResource\SF_UndeadSamurai.png","273","313","dlc\BaseResource\img\enemies\SF_UndeadSamurai.png"
"01_怪物_正面","追加素材BaseResource","01_怪物_正面\追加素材BaseResource\SF_Yakuza.png","286","286","dlc\BaseResource\img\enemies\SF_Yakuza.png"
"01_怪物_正面","追加素材BaseResource","01_怪物_正面\追加素材BaseResource\SF_Zombie.png","220","231","dlc\BaseResource\img\enemies\SF_Zombie.png"
"05_角色_頭像","追加素材BaseResource","05_角色_頭像\追加素材BaseResource\SF_Actor1.png","576","288","dlc\BaseResource\img\faces\SF_Actor1.png"
"05_角色_頭像","追加素材BaseResource","05_角色_頭像\追加素材BaseResource\SF_Actor2.png","576","288","dlc\BaseResource\img\faces\SF_Actor2.png"
"05_角色_頭像","追加素材BaseResource","05_角色_頭像\追加素材BaseResource\SF_Actor3.png","576","288","dlc\BaseResource\img\faces\SF_Actor3.png"
"05_角色_頭像","追加素材BaseResource","05_角色_頭像\追加素材BaseResource\SF_Others.png","576","288","dlc\BaseResource\img\faces\SF_Others.png"
"05_角色_頭像","追加素材BaseResource","05_角色_頭像\追加素材BaseResource\SF_People2.png","576","288","dlc\BaseResource\img\faces\SF_People2.png"
"03_角色_側面戰鬥","追加素材BaseResource","03_角色_側面戰鬥\追加素材BaseResource\SF_Actor1_1.png","576","384","dlc\BaseResource\img\sv_actors\SF_Actor1_1.png"
"03_角色_側面戰鬥","追加素材BaseResource","03_角色_側面戰鬥\追加素材BaseResource\SF_Actor1_2.png","576","384","dlc\BaseResource\img\sv_actors\SF_Actor1_2.png"
"03_角色_側面戰鬥","追加素材BaseResource","03_角色_側面戰鬥\追加素材BaseResource\SF_Actor1_3.png","576","384","dlc\BaseResource\img\sv_actors\SF_Actor1_3.png"
"03_角色_側面戰鬥","追加素材BaseResource","03_角色_側面戰鬥\追加素材BaseResource\SF_Actor1_4.png","576","384","dlc\BaseResource\img\sv_actors\SF_Actor1_4.png"
"03_角色_側面戰鬥","追加素材BaseResource","03_角色_側面戰鬥\追加素材BaseResource\SF_Actor1_5.png","576","384","dlc\BaseResource\img\sv_actors\SF_Actor1_5.png"
"03_角色_側面戰鬥","追加素材BaseResource","03_角色_側面戰鬥\追加素材BaseResource\SF_Actor1_6.png","576","384","dlc\BaseResource\img\sv_actors\SF_Actor1_6.png"
"03_角色_側面戰鬥","追加素材BaseResource","03_角色_側面戰鬥\追加素材BaseResource\SF_Actor1_7.png","576","384","dlc\BaseResource\img\sv_actors\SF_Actor1_7.png"
"03_角色_側面戰鬥","追加素材BaseResource","03_角色_側面戰鬥\追加素材BaseResource\SF_Actor1_8.png","576","384","dlc\BaseResource\img\sv_actors\SF_Actor1_8.png"
"03_角色_側面戰鬥","追加素材BaseResource","03_角色_側面戰鬥\追加素材BaseResource\SF_Actor2_1.png","576","384","dlc\BaseResource\img\sv_actors\SF_Actor2_1.png"
"03_角色_側面戰鬥","追加素材BaseResource","03_角色_側面戰鬥\追加素材BaseResource\SF_Actor2_2.png","576","384","dlc\BaseResource\img\sv_actors\SF_Actor2_2.png"
"03_角色_側面戰鬥","追加素材BaseResource","03_角色_側面戰鬥\追加素材BaseResource\SF_Actor2_3.png","576","384","dlc\BaseResource\img\sv_actors\SF_Actor2_3.png"
"03_角色_側面戰鬥","追加素材BaseResource","03_角色_側面戰鬥\追加素材BaseResource\SF_Actor2_4.png","576","384","dlc\BaseResource\img\sv_actors\SF_Actor2_4.png"
"03_角色_側面戰鬥","追加素材BaseResource","03_角色_側面戰鬥\追加素材BaseResource\SF_Actor2_5.png","576","384","dlc\BaseResource\img\sv_actors\SF_Actor2_5.png"
"03_角色_側面戰鬥","追加素材BaseResource","03_角色_側面戰鬥\追加素材BaseResource\SF_Actor2_6.png","576","384","dlc\BaseResource\img\sv_actors\SF_Actor2_6.png"
"03_角色_側面戰鬥","追加素材BaseResource","03_角色_側面戰鬥\追加素材BaseResource\SF_Actor2_7.png","576","384","dlc\BaseResource\img\sv_actors\SF_Actor2_7.png"
"03_角色_側面戰鬥","追加素材BaseResource","03_角色_側面戰鬥\追加素材BaseResource\SF_Actor2_8.png","576","384","dlc\BaseResource\img\sv_actors\SF_Actor2_8.png"
"03_角色_側面戰鬥","追加素材BaseResource","03_角色_側面戰鬥\追加素材BaseResource\SF_Actor3_1.png","576","384","dlc\BaseResource\img\sv_actors\SF_Actor3_1.png"
"03_角色_側面戰鬥","追加素材BaseResource","03_角色_側面戰鬥\追加素材BaseResource\SF_Actor3_2.png","576","384","dlc\BaseResource\img\sv_actors\SF_Actor3_2.png"
"03_角色_側面戰鬥","追加素材BaseResource","03_角色_側面戰鬥\追加素材BaseResource\SF_Actor3_5.png","576","384","dlc\BaseResource\img\sv_actors\SF_Actor3_5.png"
"03_角色_側面戰鬥","追加素材BaseResource","03_角色_側面戰鬥\追加素材BaseResource\SF_Actor3_7.png","576","384","dlc\BaseResource\img\sv_actors\SF_Actor3_7.png"
"03_角色_側面戰鬥","追加素材BaseResource","03_角色_側面戰鬥\追加素材BaseResource\SF_Actor3_8.png","576","384","dlc\BaseResource\img\sv_actors\SF_Actor3_8.png"
"02_怪物_側面戰鬥","追加素材BaseResource","02_怪物_側面戰鬥\追加素材BaseResource\SF_Abomination.png","816","457","dlc\BaseResource\img\sv_enemies\SF_Abomination.png"
"02_怪物_側面戰鬥","追加素材BaseResource","02_怪物_側面戰鬥\追加素材BaseResource\SF_Archangel.png","653","366","dlc\BaseResource\img\sv_enemies\SF_Archangel.png"
"02_怪物_側面戰鬥","追加素材BaseResource","02_怪物_側面戰鬥\追加素材BaseResource\SF_ArmySoldier.png","245","256","dlc\BaseResource\img\sv_enemies\SF_ArmySoldier.png"
"02_怪物_側面戰鬥","追加素材BaseResource","02_怪物_側面戰鬥\追加素材BaseResource\SF_Boss.png","242","242","dlc\BaseResource\img\sv_enemies\SF_Boss.png"
"02_怪物_側面戰鬥","追加素材BaseResource","02_怪物_側面戰鬥\追加素材BaseResource\SF_Butcher.png","464","368","dlc\BaseResource\img\sv_enemies\SF_Butcher.png"
"02_怪物_側面戰鬥","追加素材BaseResource","02_怪物_側面戰鬥\追加素材BaseResource\SF_CursedGirl.png","160","128","dlc\BaseResource\img\sv_enemies\SF_CursedGirl.png"
"02_怪物_側面戰鬥","追加素材BaseResource","02_怪物_側面戰鬥\追加素材BaseResource\SF_DarkLord2000.png","494","391","dlc\BaseResource\img\sv_enemies\SF_DarkLord2000.png"
"02_怪物_側面戰鬥","追加素材BaseResource","02_怪物_側面戰鬥\追加素材BaseResource\SF_Doll.png","122","133","dlc\BaseResource\img\sv_enemies\SF_Doll.png"
"02_怪物_側面戰鬥","追加素材BaseResource","02_怪物_側面戰鬥\追加素材BaseResource\SF_DoomedSkull.png","216","247","dlc\BaseResource\img\sv_enemies\SF_DoomedSkull.png"
"02_怪物_側面戰鬥","追加素材BaseResource","02_怪物_側面戰鬥\追加素材BaseResource\SF_Drone.png","150","257","dlc\BaseResource\img\sv_enemies\SF_Drone.png"
"02_怪物_側面戰鬥","追加素材BaseResource","02_怪物_側面戰鬥\追加素材BaseResource\SF_EvilToy.png","108","115","dlc\BaseResource\img\sv_enemies\SF_EvilToy.png"
"02_怪物_側面戰鬥","追加素材BaseResource","02_怪物_側面戰鬥\追加素材BaseResource\SF_FallenAngel.png","321","357","dlc\BaseResource\img\sv_enemies\SF_FallenAngel.png"
"02_怪物_側面戰鬥","追加素材BaseResource","02_怪物_側面戰鬥\追加素材BaseResource\SF_GothicLolita.png","216","266","dlc\BaseResource\img\sv_enemies\SF_GothicLolita.png"
"02_怪物_側面戰鬥","追加素材BaseResource","02_怪物_側面戰鬥\追加素材BaseResource\SF_Inugami.png","183","170","dlc\BaseResource\img\sv_enemies\SF_Inugami.png"
"02_怪物_側面戰鬥","追加素材BaseResource","02_怪物_側面戰鬥\追加素材BaseResource\SF_KillerRobot.png","200","229","dlc\BaseResource\img\sv_enemies\SF_KillerRobot.png"
"02_怪物_側面戰鬥","追加素材BaseResource","02_怪物_側面戰鬥\追加素材BaseResource\SF_MadDoctor.png","260","298","dlc\BaseResource\img\sv_enemies\SF_MadDoctor.png"
"02_怪物_側面戰鬥","追加素材BaseResource","02_怪物_側面戰鬥\追加素材BaseResource\SF_Nurse.png","226","240","dlc\BaseResource\img\sv_enemies\SF_Nurse.png"
"02_怪物_側面戰鬥","追加素材BaseResource","02_怪物_側面戰鬥\追加素材BaseResource\SF_Parasite.png","231","166","dlc\BaseResource\img\sv_enemies\SF_Parasite.png"
"02_怪物_側面戰鬥","追加素材BaseResource","02_怪物_側面戰鬥\追加素材BaseResource\SF_Preacher.png","300","300","dlc\BaseResource\img\sv_enemies\SF_Preacher.png"
"02_怪物_側面戰鬥","追加素材BaseResource","02_怪物_側面戰鬥\追加素材BaseResource\SF_SpecialPolice.png","245","234","dlc\BaseResource\img\sv_enemies\SF_SpecialPolice.png"
"02_怪物_側面戰鬥","追加素材BaseResource","02_怪物_側面戰鬥\追加素材BaseResource\SF_SufferingSoul.png","171","180","dlc\BaseResource\img\sv_enemies\SF_SufferingSoul.png"
"02_怪物_側面戰鬥","追加素材BaseResource","02_怪物_側面戰鬥\追加素材BaseResource\SF_SweetLolita.png","206","266","dlc\BaseResource\img\sv_enemies\SF_SweetLolita.png"
"02_怪物_側面戰鬥","追加素材BaseResource","02_怪物_側面戰鬥\追加素材BaseResource\SF_TeddyBear.png","120","137","dlc\BaseResource\img\sv_enemies\SF_TeddyBear.png"
"02_怪物_側面戰鬥","追加素材BaseResource","02_怪物_側面戰鬥\追加素材BaseResource\SF_Tengu.png","441","427","dlc\BaseResource\img\sv_enemies\SF_Tengu.png"
"02_怪物_側面戰鬥","追加素材BaseResource","02_怪物_側面戰鬥\追加素材BaseResource\SF_Thug.png","196","265","dlc\BaseResource\img\sv_enemies\SF_Thug.png"
"02_怪物_側面戰鬥","追加素材BaseResource","02_怪物_側面戰鬥\追加素材BaseResource\SF_UndeadSamurai.png","218","250","dlc\BaseResource\img\sv_enemies\SF_UndeadSamurai.png"
"02_怪物_側面戰鬥","追加素材BaseResource","02_怪物_側面戰鬥\追加素材BaseResource\SF_Yakuza.png","229","229","dlc\BaseResource\img\sv_enemies\SF_Yakuza.png"
"02_怪物_側面戰鬥","追加素材BaseResource","02_怪物_側面戰鬥\追加素材BaseResource\SF_Zombie.png","176","185","dlc\BaseResource\img\sv_enemies\SF_Zombie.png"
"10_標題圖\背景","追加素材BaseResource","10_標題圖\背景\追加素材BaseResource\SF_City.png","816","624","dlc\BaseResource\img\titles1\SF_City.png"
"10_標題圖\背景","追加素材BaseResource","10_標題圖\背景\追加素材BaseResource\SF_Horror.png","816","624","dlc\BaseResource\img\titles1\SF_Horror.png"
"04_角色_行走圖","黑暗奇幻角色包","04_角色_行走圖\黑暗奇幻角色包\2_DF_Actor.png","576","384","dlc\DarkFantasyCharacterPack\img\characters\2_DF_Actor.png"
"04_角色_行走圖","黑暗奇幻角色包","04_角色_行走圖\黑暗奇幻角色包\2_DF_Damage.png","576","384","dlc\DarkFantasyCharacterPack\img\characters\2_DF_Damage.png"
"04_角色_行走圖","黑暗奇幻角色包","04_角色_行走圖\黑暗奇幻角色包\3_Actor1.png","768","512","dlc\DarkFantasyCharacterPack\img\characters\3_Actor1.png"
"04_角色_行走圖","黑暗奇幻角色包","04_角色_行走圖\黑暗奇幻角色包\3_Actor2.png","768","512","dlc\DarkFantasyCharacterPack\img\characters\3_Actor2.png"
"04_角色_行走圖","黑暗奇幻角色包","04_角色_行走圖\黑暗奇幻角色包\3_DF_Actor.png","768","512","dlc\DarkFantasyCharacterPack\img\characters\3_DF_Actor.png"
"04_角色_行走圖","黑暗奇幻角色包","04_角色_行走圖\黑暗奇幻角色包\3_Damage1.png","768","512","dlc\DarkFantasyCharacterPack\img\characters\3_Damage1.png"
"04_角色_行走圖","黑暗奇幻角色包","04_角色_行走圖\黑暗奇幻角色包\3_Damage2.png","768","512","dlc\DarkFantasyCharacterPack\img\characters\3_Damage2.png"
"04_角色_行走圖","黑暗奇幻角色包","04_角色_行走圖\黑暗奇幻角色包\3_People1.png","768","512","dlc\DarkFantasyCharacterPack\img\characters\3_People1.png"
"04_角色_行走圖","黑暗奇幻角色包","04_角色_行走圖\黑暗奇幻角色包\3_People2.png","768","512","dlc\DarkFantasyCharacterPack\img\characters\3_People2.png"
"04_角色_行走圖","黑暗奇幻角色包","04_角色_行走圖\黑暗奇幻角色包\3_SFActor.png","768","512","dlc\DarkFantasyCharacterPack\img\characters\3_SFActor.png"
"05_角色_頭像","黑暗奇幻角色包","05_角色_頭像\黑暗奇幻角色包\DF_Actor1.png","576","288","dlc\DarkFantasyCharacterPack\img\faces\DF_Actor1.png"
"12_立繪與插圖","黑暗奇幻角色包","12_立繪與插圖\黑暗奇幻角色包\DF_Actor1.png","532","471","dlc\DarkFantasyCharacterPack\img\pictures\DF_Actor1.png"
"12_立繪與插圖","黑暗奇幻角色包","12_立繪與插圖\黑暗奇幻角色包\DF_Actor2.png","494","471","dlc\DarkFantasyCharacterPack\img\pictures\DF_Actor2.png"
"12_立繪與插圖","黑暗奇幻角色包","12_立繪與插圖\黑暗奇幻角色包\DF_Actor3.png","456","441","dlc\DarkFantasyCharacterPack\img\pictures\DF_Actor3.png"
"12_立繪與插圖","黑暗奇幻角色包","12_立繪與插圖\黑暗奇幻角色包\DF_Actor4.png","380","418","dlc\DarkFantasyCharacterPack\img\pictures\DF_Actor4.png"
"12_立繪與插圖","黑暗奇幻角色包","12_立繪與插圖\黑暗奇幻角色包\DF_Actor5.png","418","418","dlc\DarkFantasyCharacterPack\img\pictures\DF_Actor5.png"
"12_立繪與插圖","黑暗奇幻角色包","12_立繪與插圖\黑暗奇幻角色包\DF_Actor6.png","380","418","dlc\DarkFantasyCharacterPack\img\pictures\DF_Actor6.png"
"12_立繪與插圖","黑暗奇幻角色包","12_立繪與插圖\黑暗奇幻角色包\DF_Actor7.png","532","479","dlc\DarkFantasyCharacterPack\img\pictures\DF_Actor7.png"
"12_立繪與插圖","黑暗奇幻角色包","12_立繪與插圖\黑暗奇幻角色包\DF_Actor8.png","456","441","dlc\DarkFantasyCharacterPack\img\pictures\DF_Actor8.png"
"03_角色_側面戰鬥","黑暗奇幻角色包","03_角色_側面戰鬥\黑暗奇幻角色包\2_DF_Actor1.png","576","384","dlc\DarkFantasyCharacterPack\img\sv_actors\2_DF_Actor1.png"
"03_角色_側面戰鬥","黑暗奇幻角色包","03_角色_側面戰鬥\黑暗奇幻角色包\2_DF_Actor2.png","576","384","dlc\DarkFantasyCharacterPack\img\sv_actors\2_DF_Actor2.png"
"03_角色_側面戰鬥","黑暗奇幻角色包","03_角色_側面戰鬥\黑暗奇幻角色包\2_DF_Actor3.png","576","384","dlc\DarkFantasyCharacterPack\img\sv_actors\2_DF_Actor3.png"
"03_角色_側面戰鬥","黑暗奇幻角色包","03_角色_側面戰鬥\黑暗奇幻角色包\2_DF_Actor4.png","576","384","dlc\DarkFantasyCharacterPack\img\sv_actors\2_DF_Actor4.png"
"03_角色_側面戰鬥","黑暗奇幻角色包","03_角色_側面戰鬥\黑暗奇幻角色包\2_DF_Actor5.png","576","384","dlc\DarkFantasyCharacterPack\img\sv_actors\2_DF_Actor5.png"
"03_角色_側面戰鬥","黑暗奇幻角色包","03_角色_側面戰鬥\黑暗奇幻角色包\2_DF_Actor6.png","576","384","dlc\DarkFantasyCharacterPack\img\sv_actors\2_DF_Actor6.png"
"03_角色_側面戰鬥","黑暗奇幻角色包","03_角色_側面戰鬥\黑暗奇幻角色包\2_DF_Actor7.png","576","384","dlc\DarkFantasyCharacterPack\img\sv_actors\2_DF_Actor7.png"
"03_角色_側面戰鬥","黑暗奇幻角色包","03_角色_側面戰鬥\黑暗奇幻角色包\2_DF_Actor8.png","576","384","dlc\DarkFantasyCharacterPack\img\sv_actors\2_DF_Actor8.png"
"03_角色_側面戰鬥","黑暗奇幻角色包","03_角色_側面戰鬥\黑暗奇幻角色包\3_Actor1_1.png","864","576","dlc\DarkFantasyCharacterPack\img\sv_actors\3_Actor1_1.png"
"03_角色_側面戰鬥","黑暗奇幻角色包","03_角色_側面戰鬥\黑暗奇幻角色包\3_Actor1_2.png","864","576","dlc\DarkFantasyCharacterPack\img\sv_actors\3_Actor1_2.png"
"03_角色_側面戰鬥","黑暗奇幻角色包","03_角色_側面戰鬥\黑暗奇幻角色包\3_Actor1_3.png","864","576","dlc\DarkFantasyCharacterPack\img\sv_actors\3_Actor1_3.png"
"03_角色_側面戰鬥","黑暗奇幻角色包","03_角色_側面戰鬥\黑暗奇幻角色包\3_Actor1_4.png","864","576","dlc\DarkFantasyCharacterPack\img\sv_actors\3_Actor1_4.png"
"03_角色_側面戰鬥","黑暗奇幻角色包","03_角色_側面戰鬥\黑暗奇幻角色包\3_Actor1_5.png","864","576","dlc\DarkFantasyCharacterPack\img\sv_actors\3_Actor1_5.png"
"03_角色_側面戰鬥","黑暗奇幻角色包","03_角色_側面戰鬥\黑暗奇幻角色包\3_Actor1_6.png","864","576","dlc\DarkFantasyCharacterPack\img\sv_actors\3_Actor1_6.png"
"03_角色_側面戰鬥","黑暗奇幻角色包","03_角色_側面戰鬥\黑暗奇幻角色包\3_Actor1_7.png","864","576","dlc\DarkFantasyCharacterPack\img\sv_actors\3_Actor1_7.png"
"03_角色_側面戰鬥","黑暗奇幻角色包","03_角色_側面戰鬥\黑暗奇幻角色包\3_Actor1_8.png","864","576","dlc\DarkFantasyCharacterPack\img\sv_actors\3_Actor1_8.png"
"03_角色_側面戰鬥","黑暗奇幻角色包","03_角色_側面戰鬥\黑暗奇幻角色包\3_Actor2_1.png","864","576","dlc\DarkFantasyCharacterPack\img\sv_actors\3_Actor2_1.png"
"03_角色_側面戰鬥","黑暗奇幻角色包","03_角色_側面戰鬥\黑暗奇幻角色包\3_Actor2_2.png","864","576","dlc\DarkFantasyCharacterPack\img\sv_actors\3_Actor2_2.png"
"03_角色_側面戰鬥","黑暗奇幻角色包","03_角色_側面戰鬥\黑暗奇幻角色包\3_Actor2_3.png","864","576","dlc\DarkFantasyCharacterPack\img\sv_actors\3_Actor2_3.png"
"03_角色_側面戰鬥","黑暗奇幻角色包","03_角色_側面戰鬥\黑暗奇幻角色包\3_Actor2_4.png","864","576","dlc\DarkFantasyCharacterPack\img\sv_actors\3_Actor2_4.png"
"03_角色_側面戰鬥","黑暗奇幻角色包","03_角色_側面戰鬥\黑暗奇幻角色包\3_Actor2_5.png","864","576","dlc\DarkFantasyCharacterPack\img\sv_actors\3_Actor2_5.png"
"03_角色_側面戰鬥","黑暗奇幻角色包","03_角色_側面戰鬥\黑暗奇幻角色包\3_Actor2_6.png","864","576","dlc\DarkFantasyCharacterPack\img\sv_actors\3_Actor2_6.png"
"03_角色_側面戰鬥","黑暗奇幻角色包","03_角色_側面戰鬥\黑暗奇幻角色包\3_Actor2_7.png","864","576","dlc\DarkFantasyCharacterPack\img\sv_actors\3_Actor2_7.png"
"03_角色_側面戰鬥","黑暗奇幻角色包","03_角色_側面戰鬥\黑暗奇幻角色包\3_Actor3_8.png","864","576","dlc\DarkFantasyCharacterPack\img\sv_actors\3_Actor3_8.png"
"03_角色_側面戰鬥","黑暗奇幻角色包","03_角色_側面戰鬥\黑暗奇幻角色包\3_DF_Actor1_1.png","864","576","dlc\DarkFantasyCharacterPack\img\sv_actors\3_DF_Actor1_1.png"
"03_角色_側面戰鬥","黑暗奇幻角色包","03_角色_側面戰鬥\黑暗奇幻角色包\3_DF_Actor1_2.png","864","576","dlc\DarkFantasyCharacterPack\img\sv_actors\3_DF_Actor1_2.png"
"03_角色_側面戰鬥","黑暗奇幻角色包","03_角色_側面戰鬥\黑暗奇幻角色包\3_DF_Actor1_3.png","864","576","dlc\DarkFantasyCharacterPack\img\sv_actors\3_DF_Actor1_3.png"
"03_角色_側面戰鬥","黑暗奇幻角色包","03_角色_側面戰鬥\黑暗奇幻角色包\3_DF_Actor1_4.png","864","576","dlc\DarkFantasyCharacterPack\img\sv_actors\3_DF_Actor1_4.png"
"03_角色_側面戰鬥","黑暗奇幻角色包","03_角色_側面戰鬥\黑暗奇幻角色包\3_DF_Actor1_5.png","864","576","dlc\DarkFantasyCharacterPack\img\sv_actors\3_DF_Actor1_5.png"
"03_角色_側面戰鬥","黑暗奇幻角色包","03_角色_側面戰鬥\黑暗奇幻角色包\3_DF_Actor1_6.png","864","576","dlc\DarkFantasyCharacterPack\img\sv_actors\3_DF_Actor1_6.png"
"03_角色_側面戰鬥","黑暗奇幻角色包","03_角色_側面戰鬥\黑暗奇幻角色包\3_DF_Actor1_7.png","864","576","dlc\DarkFantasyCharacterPack\img\sv_actors\3_DF_Actor1_7.png"
"03_角色_側面戰鬥","黑暗奇幻角色包","03_角色_側面戰鬥\黑暗奇幻角色包\3_DF_Actor1_8.png","864","576","dlc\DarkFantasyCharacterPack\img\sv_actors\3_DF_Actor1_8.png"
"11_介面與圖示","黑暗奇幻角色包","11_介面與圖示\黑暗奇幻角色包\Weapons1.png","864","576","dlc\DarkFantasyCharacterPack\system\Weapons1.png"
"11_介面與圖示","黑暗奇幻角色包","11_介面與圖示\黑暗奇幻角色包\Weapons2.png","864","576","dlc\DarkFantasyCharacterPack\system\Weapons2.png"
"11_介面與圖示","黑暗奇幻角色包","11_介面與圖示\黑暗奇幻角色包\Weapons3.png","864","576","dlc\DarkFantasyCharacterPack\system\Weapons3.png"
"09_地圖圖塊","魔法與科幻包","09_地圖圖塊\魔法與科幻包\Magic_Inside_D.png","768","768","dlc\Magic_and_SFPack(for_v1.6)\Resource\img\tilesets\Magic_Inside_D.png"
"09_地圖圖塊","魔法與科幻包","09_地圖圖塊\魔法與科幻包\Magic_Inside_D2.png","768","768","dlc\Magic_and_SFPack(for_v1.6)\Resource\img\tilesets\Magic_Inside_D2.png"
"09_地圖圖塊","魔法與科幻包","09_地圖圖塊\魔法與科幻包\Magic_Outside_D.png","768","768","dlc\Magic_and_SFPack(for_v1.6)\Resource\img\tilesets\Magic_Outside_D.png"
"09_地圖圖塊","魔法與科幻包","09_地圖圖塊\魔法與科幻包\Sifi_Inside_D.png","768","768","dlc\Magic_and_SFPack(for_v1.6)\Resource\img\tilesets\Sifi_Inside_D.png"
"09_地圖圖塊","魔法與科幻包","09_地圖圖塊\魔法與科幻包\Sifi_Outside_D.png","768","768","dlc\Magic_and_SFPack(for_v1.6)\Resource\img\tilesets\Sifi_Outside_D.png"
"08_遠景","遠景素材包","08_遠景\遠景素材包\AncientForest.png","816","816","dlc\parallax_Resource_Pack\material\parallaxes\AncientForest.png"
"08_遠景","遠景素材包","08_遠景\遠景素材包\CyberSpaceBlueGreen.png","816","816","dlc\parallax_Resource_Pack\material\parallaxes\CyberSpaceBlueGreen.png"
"08_遠景","遠景素材包","08_遠景\遠景素材包\ForestAutumn.png","816","816","dlc\parallax_Resource_Pack\material\parallaxes\ForestAutumn.png"
"08_遠景","遠景素材包","08_遠景\遠景素材包\ForestNight.png","819","819","dlc\parallax_Resource_Pack\material\parallaxes\ForestNight.png"
"08_遠景","遠景素材包","08_遠景\遠景素材包\ForestSpiritual.png","816","816","dlc\parallax_Resource_Pack\material\parallaxes\ForestSpiritual.png"
"08_遠景","遠景素材包","08_遠景\遠景素材包\ForestSpring.png","816","816","dlc\parallax_Resource_Pack\material\parallaxes\ForestSpring.png"
"08_遠景","遠景素材包","08_遠景\遠景素材包\ForestSummer.png","816","816","dlc\parallax_Resource_Pack\material\parallaxes\ForestSummer.png"
"08_遠景","遠景素材包","08_遠景\遠景素材包\ForestWinter.png","816","816","dlc\parallax_Resource_Pack\material\parallaxes\ForestWinter.png"
"08_遠景","遠景素材包","08_遠景\遠景素材包\IrisOut.png","816","624","dlc\parallax_Resource_Pack\material\parallaxes\IrisOut.png"
"08_遠景","遠景素材包","08_遠景\遠景素材包\IronworksNight.png","816","816","dlc\parallax_Resource_Pack\material\parallaxes\IronworksNight.png"
"08_遠景","遠景素材包","08_遠景\遠景素材包\OfficeWindowsNight.png","816","816","dlc\parallax_Resource_Pack\material\parallaxes\OfficeWindowsNight.png"
"08_遠景","遠景素材包","08_遠景\遠景素材包\OfficeWindowsNoon.png","816","816","dlc\parallax_Resource_Pack\material\parallaxes\OfficeWindowsNoon.png"
"08_遠景","遠景素材包","08_遠景\遠景素材包\RuinsStoneStatueAlert.png","816","816","dlc\parallax_Resource_Pack\material\parallaxes\RuinsStoneStatueAlert.png"
"08_遠景","遠景素材包","08_遠景\遠景素材包\RuinsStoneStatueSuccess.png","816","816","dlc\parallax_Resource_Pack\material\parallaxes\RuinsStoneStatueSuccess.png"
"08_遠景","遠景素材包","08_遠景\遠景素材包\ShadowCitadel.png","816","816","dlc\parallax_Resource_Pack\material\parallaxes\ShadowCitadel.png"
"08_遠景","遠景素材包","08_遠景\遠景素材包\ShadowClouds.png","1626","816","dlc\parallax_Resource_Pack\material\parallaxes\ShadowClouds.png"
"08_遠景","遠景素材包","08_遠景\遠景素材包\ShadowForest.png","816","816","dlc\parallax_Resource_Pack\material\parallaxes\ShadowForest.png"
"08_遠景","遠景素材包","08_遠景\遠景素材包\ShadowSlanting.png","1350","816","dlc\parallax_Resource_Pack\material\parallaxes\ShadowSlanting.png"
"08_遠景","遠景素材包","08_遠景\遠景素材包\Smog.png","816","816","dlc\parallax_Resource_Pack\material\parallaxes\Smog.png"
"08_遠景","遠景素材包","08_遠景\遠景素材包\SunLightSmoke_LT.png","816","816","dlc\parallax_Resource_Pack\material\parallaxes\SunLightSmoke_LT.png"
"08_遠景","遠景素材包","08_遠景\遠景素材包\SunLightSmoke_T.png","816","816","dlc\parallax_Resource_Pack\material\parallaxes\SunLightSmoke_T.png"
"08_遠景","遠景素材包","08_遠景\遠景素材包\SunLightThin_LT.png","816","816","dlc\parallax_Resource_Pack\material\parallaxes\SunLightThin_LT.png"
"08_遠景","遠景素材包","08_遠景\遠景素材包\SunLightWide_LT.png","816","816","dlc\parallax_Resource_Pack\material\parallaxes\SunLightWide_LT.png"
"08_遠景","遠景素材包","08_遠景\遠景素材包\SunLight_T.png","816","816","dlc\parallax_Resource_Pack\material\parallaxes\SunLight_T.png"
"08_遠景","遠景素材包","08_遠景\遠景素材包\thePeepingWall.png","816","816","dlc\parallax_Resource_Pack\material\parallaxes\thePeepingWall.png"
"11_介面與圖示","遠景素材包","11_介面與圖示\遠景素材包\MadeWithMv.png","816","624","dlc\parallax_Resource_Pack\sample_project\img\system\MadeWithMv.png"
"04_角色_行走圖","三國志包","04_角色_行走圖\三國志包\Actor_sangoku01.png","576","384","dlc\Sangokushi\characters\Actor_sangoku01.png"
"04_角色_行走圖","三國志包","04_角色_行走圖\三國志包\Actor_sangoku02.png","576","384","dlc\Sangokushi\characters\Actor_sangoku02.png"
"04_角色_行走圖","三國志包","04_角色_行走圖\三國志包\Damage_sangoku.png","288","384","dlc\Sangokushi\characters\Damage_sangoku.png"
"05_角色_頭像","三國志包","05_角色_頭像\三國志包\Sangokushi1.png","576","288","dlc\Sangokushi\faces\Sangokushi1.png"
"05_角色_頭像","三國志包","05_角色_頭像\三國志包\Sangokushi2.png","576","288","dlc\Sangokushi\faces\Sangokushi2.png"
"12_立繪與插圖","三國志包","12_立繪與插圖\三國志包\Sangokushi_01ryubi_a.png","500","450","dlc\Sangokushi\pictures\Sangokushi_01ryubi_a.png"
"12_立繪與插圖","三國志包","12_立繪與插圖\三國志包\Sangokushi_01ryubi_b.png","500","450","dlc\Sangokushi\pictures\Sangokushi_01ryubi_b.png"
"12_立繪與插圖","三國志包","12_立繪與插圖\三國志包\Sangokushi_02kanu_a.png","500","450","dlc\Sangokushi\pictures\Sangokushi_02kanu_a.png"
"12_立繪與插圖","三國志包","12_立繪與插圖\三國志包\Sangokushi_02kanu_b.png","500","450","dlc\Sangokushi\pictures\Sangokushi_02kanu_b.png"
"12_立繪與插圖","三國志包","12_立繪與插圖\三國志包\Sangokushi_03chouhi_a.png","500","450","dlc\Sangokushi\pictures\Sangokushi_03chouhi_a.png"
"12_立繪與插圖","三國志包","12_立繪與插圖\三國志包\Sangokushi_03chouhi_b.png","500","450","dlc\Sangokushi\pictures\Sangokushi_03chouhi_b.png"
"12_立繪與插圖","三國志包","12_立繪與插圖\三國志包\Sangokushi_04chouun_a.png","500","450","dlc\Sangokushi\pictures\Sangokushi_04chouun_a.png"
"12_立繪與插圖","三國志包","12_立繪與插圖\三國志包\Sangokushi_04chouun_b.png","500","450","dlc\Sangokushi\pictures\Sangokushi_04chouun_b.png"
"12_立繪與插圖","三國志包","12_立繪與插圖\三國志包\Sangokushi_05shokatsuryo_a.png","500","450","dlc\Sangokushi\pictures\Sangokushi_05shokatsuryo_a.png"
"12_立繪與插圖","三國志包","12_立繪與插圖\三國志包\Sangokushi_05shokatsuryo_b.png","500","450","dlc\Sangokushi\pictures\Sangokushi_05shokatsuryo_b.png"
"12_立繪與插圖","三國志包","12_立繪與插圖\三國志包\Sangokushi_06kouchu_a.png","500","450","dlc\Sangokushi\pictures\Sangokushi_06kouchu_a.png"
"12_立繪與插圖","三國志包","12_立繪與插圖\三國志包\Sangokushi_06kouchu_b.png","500","450","dlc\Sangokushi\pictures\Sangokushi_06kouchu_b.png"
"12_立繪與插圖","三國志包","12_立繪與插圖\三國志包\Sangokushi_07bachou_a.png","500","450","dlc\Sangokushi\pictures\Sangokushi_07bachou_a.png"
"12_立繪與插圖","三國志包","12_立繪與插圖\三國志包\Sangokushi_07bachou_b.png","500","450","dlc\Sangokushi\pictures\Sangokushi_07bachou_b.png"
"12_立繪與插圖","三國志包","12_立繪與插圖\三國志包\Sangokushi_08sousou_a.png","500","450","dlc\Sangokushi\pictures\Sangokushi_08sousou_a.png"
"12_立繪與插圖","三國志包","12_立繪與插圖\三國志包\Sangokushi_08sousou_b.png","500","450","dlc\Sangokushi\pictures\Sangokushi_08sousou_b.png"
"12_立繪與插圖","三國志包","12_立繪與插圖\三國志包\Sangokushi_09sonken_a.png","500","450","dlc\Sangokushi\pictures\Sangokushi_09sonken_a.png"
"12_立繪與插圖","三國志包","12_立繪與插圖\三國志包\Sangokushi_09sonken_b].png","500","450","dlc\Sangokushi\pictures\Sangokushi_09sonken_b].png"
"12_立繪與插圖","三國志包","12_立繪與插圖\三國志包\Sangokushi_10ryofu_a.png","500","450","dlc\Sangokushi\pictures\Sangokushi_10ryofu_a.png"
"12_立繪與插圖","三國志包","12_立繪與插圖\三國志包\Sangokushi_10ryofu_b.png","500","450","dlc\Sangokushi\pictures\Sangokushi_10ryofu_b.png"
"03_角色_側面戰鬥","三國志包","03_角色_側面戰鬥\三國志包\Sangokushi01.png","576","384","dlc\Sangokushi\sv_actors\Sangokushi01.png"
"03_角色_側面戰鬥","三國志包","03_角色_側面戰鬥\三國志包\Sangokushi02.png","576","384","dlc\Sangokushi\sv_actors\Sangokushi02.png"
"03_角色_側面戰鬥","三國志包","03_角色_側面戰鬥\三國志包\Sangokushi03.png","576","384","dlc\Sangokushi\sv_actors\Sangokushi03.png"
"03_角色_側面戰鬥","三國志包","03_角色_側面戰鬥\三國志包\Sangokushi04.png","576","384","dlc\Sangokushi\sv_actors\Sangokushi04.png"
"03_角色_側面戰鬥","三國志包","03_角色_側面戰鬥\三國志包\Sangokushi05.png","576","384","dlc\Sangokushi\sv_actors\Sangokushi05.png"
"03_角色_側面戰鬥","三國志包","03_角色_側面戰鬥\三國志包\Sangokushi06.png","576","384","dlc\Sangokushi\sv_actors\Sangokushi06.png"
"03_角色_側面戰鬥","三國志包","03_角色_側面戰鬥\三國志包\Sangokushi07.png","576","384","dlc\Sangokushi\sv_actors\Sangokushi07.png"
"03_角色_側面戰鬥","三國志包","03_角色_側面戰鬥\三國志包\Sangokushi08.png","576","384","dlc\Sangokushi\sv_actors\Sangokushi08.png"
"03_角色_側面戰鬥","三國志包","03_角色_側面戰鬥\三國志包\Sangokushi09.png","576","384","dlc\Sangokushi\sv_actors\Sangokushi09.png"
"03_角色_側面戰鬥","三國志包","03_角色_側面戰鬥\三國志包\Sangokushi10.png","576","384","dlc\Sangokushi\sv_actors\Sangokushi10.png"
"12_立繪與插圖","ExtraAssets","12_立繪與插圖\ExtraAssets\SF_Actor1_1.png","380","418","dlc\ExtraAssets\pictures\SF_Actor1_1.png"
"12_立繪與插圖","ExtraAssets","12_立繪與插圖\ExtraAssets\SF_Actor1_2.png","380","418","dlc\ExtraAssets\pictures\SF_Actor1_2.png"
"12_立繪與插圖","ExtraAssets","12_立繪與插圖\ExtraAssets\SF_Actor1_3.png","380","418","dlc\ExtraAssets\pictures\SF_Actor1_3.png"
"12_立繪與插圖","ExtraAssets","12_立繪與插圖\ExtraAssets\SF_Actor1_4.png","380","418","dlc\ExtraAssets\pictures\SF_Actor1_4.png"
"12_立繪與插圖","ExtraAssets","12_立繪與插圖\ExtraAssets\SF_Actor1_5.png","380","418","dlc\ExtraAssets\pictures\SF_Actor1_5.png"
"12_立繪與插圖","ExtraAssets","12_立繪與插圖\ExtraAssets\SF_Actor1_6.png","380","418","dlc\ExtraAssets\pictures\SF_Actor1_6.png"
"12_立繪與插圖","ExtraAssets","12_立繪與插圖\ExtraAssets\SF_Actor1_7.png","380","418","dlc\ExtraAssets\pictures\SF_Actor1_7.png"
"12_立繪與插圖","ExtraAssets","12_立繪與插圖\ExtraAssets\SF_Actor1_8.png","380","418","dlc\ExtraAssets\pictures\SF_Actor1_8.png"
"12_立繪與插圖","ExtraAssets","12_立繪與插圖\ExtraAssets\SF_Actor2_1.png","380","418","dlc\ExtraAssets\pictures\SF_Actor2_1.png"
"12_立繪與插圖","ExtraAssets","12_立繪與插圖\ExtraAssets\SF_Actor2_2.png","380","418","dlc\ExtraAssets\pictures\SF_Actor2_2.png"
"12_立繪與插圖","ExtraAssets","12_立繪與插圖\ExtraAssets\SF_Actor2_3.png","380","418","dlc\ExtraAssets\pictures\SF_Actor2_3.png"
"12_立繪與插圖","ExtraAssets","12_立繪與插圖\ExtraAssets\SF_Actor2_4.png","380","418","dlc\ExtraAssets\pictures\SF_Actor2_4.png"
"12_立繪與插圖","ExtraAssets","12_立繪與插圖\ExtraAssets\SF_Actor2_5.png","380","418","dlc\ExtraAssets\pictures\SF_Actor2_5.png"
"12_立繪與插圖","ExtraAssets","12_立繪與插圖\ExtraAssets\SF_Actor2_6.png","380","418","dlc\ExtraAssets\pictures\SF_Actor2_6.png"
"12_立繪與插圖","ExtraAssets","12_立繪與插圖\ExtraAssets\SF_Actor3_3.png","380","418","dlc\ExtraAssets\pictures\SF_Actor3_3.png"
"12_立繪與插圖","ExtraAssets","12_立繪與插圖\ExtraAssets\SF_Actor3_4.png","380","418","dlc\ExtraAssets\pictures\SF_Actor3_4.png"
"12_立繪與插圖","ExtraAssets","12_立繪與插圖\ExtraAssets\SF_Actor3_8.png","380","418","dlc\ExtraAssets\pictures\SF_Actor3_8.png"
"01_怪物_正面","官方免費素材","01_怪物_正面\官方免費素材\Marimo\akamanto.png","356","516","dlc\RPG Maker Freebies\Marimo\MV Style\akamanto.png"
"01_怪物_正面","官方免費素材","01_怪物_正面\官方免費素材\Marimo\jorogumo.png","471","458","dlc\RPG Maker Freebies\Marimo\MV Style\jorogumo.png"
"01_怪物_正面","官方免費素材","01_怪物_正面\官方免費素材\Marimo\kamaitachi_01.png","249","213","dlc\RPG Maker Freebies\Marimo\MV Style\kamaitachi_01.png"
"01_怪物_正面","官方免費素材","01_怪物_正面\官方免費素材\Marimo\kamaitachi_02.png","242","242","dlc\RPG Maker Freebies\Marimo\MV Style\kamaitachi_02.png"
"01_怪物_正面","官方免費素材","01_怪物_正面\官方免費素材\Marimo\kamaitachi_03.png","180","235","dlc\RPG Maker Freebies\Marimo\MV Style\kamaitachi_03.png"
"01_怪物_正面","官方免費素材","01_怪物_正面\官方免費素材\Marimo\katakirauwa.png","260","306","dlc\RPG Maker Freebies\Marimo\MV Style\katakirauwa.png"
"01_怪物_正面","官方免費素材","01_怪物_正面\官方免費素材\Marimo\kekkai.png","375","258","dlc\RPG Maker Freebies\Marimo\MV Style\kekkai.png"
"01_怪物_正面","官方免費素材","01_怪物_正面\官方免費素材\Marimo\tsuchigumo.png","690","662","dlc\RPG Maker Freebies\Marimo\MV Style\tsuchigumo.png"
"99_角色產生器零件","官方免費素材","99_角色產生器零件\官方免費素材\SV_Clothing1_pXX.png","144","192","dlc\RPG Maker Freebies\RPG Maker MV Free Resources\Graphics\Character Gen Parts\SV_Clothing1_pXX.png"
"99_角色產生器零件","官方免費素材","99_角色產生器零件\官方免費素材\SV_Clothing1_pXX_c.png","144","192","dlc\RPG Maker Freebies\RPG Maker MV Free Resources\Graphics\Character Gen Parts\SV_Clothing1_pXX_c.png"
"99_角色產生器零件","官方免費素材","99_角色產生器零件\官方免費素材\TV_AccB_pXX.png","144","192","dlc\RPG Maker Freebies\RPG Maker MV Free Resources\Graphics\Character Gen Parts\TV_AccB_pXX.png"
"99_角色產生器零件","官方免費素材","99_角色產生器零件\官方免費素材\TV_AccB_pXX_c.png","144","192","dlc\RPG Maker Freebies\RPG Maker MV Free Resources\Graphics\Character Gen Parts\TV_AccB_pXX_c.png"
"99_角色產生器零件","官方免費素材","99_角色產生器零件\官方免費素材\TV_Clothing2_pXX.png","144","192","dlc\RPG Maker Freebies\RPG Maker MV Free Resources\Graphics\Character Gen Parts\TV_Clothing2_pXX.png"
"99_角色產生器零件","官方免費素材","99_角色產生器零件\官方免費素材\TV_Clothing2_pXX.png.png","144","192","dlc\RPG Maker Freebies\RPG Maker MV Free Resources\Graphics\Character Gen Parts\TV_Clothing2_pXX.png.png"
"99_角色產生器零件","官方免費素材","99_角色產生器零件\官方免費素材\TV_Clothing2_pXX_c.png","144","192","dlc\RPG Maker Freebies\RPG Maker MV Free Resources\Graphics\Character Gen Parts\TV_Clothing2_pXX_c.png"
"99_角色產生器零件","官方免費素材","99_角色產生器零件\官方免費素材\TV_FurClothes01.png","144","192","dlc\RPG Maker Freebies\RPG Maker MV Free Resources\Graphics\Character Gen Parts\TV_FurClothes01.png"
"99_角色產生器零件","官方免費素材","99_角色產生器零件\官方免費素材\TV_FurClothes01b.png","144","192","dlc\RPG Maker Freebies\RPG Maker MV Free Resources\Graphics\Character Gen Parts\TV_FurClothes01b.png"
"04_角色_行走圖","官方免費素材","04_角色_行走圖\官方免費素材\$MV_AnimalDown.png","144","192","dlc\RPG Maker Freebies\RPG Maker MV Free Resources\Graphics\Characters\$MV_AnimalDown.png"
"04_角色_行走圖","官方免費素材","04_角色_行走圖\官方免費素材\$dogebark.png","144","192","dlc\RPG Maker Freebies\RPG Maker MV Free Resources\Graphics\Characters\$dogebark.png"
"04_角色_行走圖","官方免費素材","04_角色_行走圖\官方免費素材\Damage95.png","576","384","dlc\RPG Maker Freebies\RPG Maker MV Free Resources\Graphics\Characters\Damage95.png"
"04_角色_行走圖","官方免費素材","04_角色_行走圖\官方免費素材\DamageAce.png","576","384","dlc\RPG Maker Freebies\RPG Maker MV Free Resources\Graphics\Characters\DamageAce.png"
"04_角色_行走圖","官方免費素材","04_角色_行走圖\官方免費素材\DamageXP.png","576","384","dlc\RPG Maker Freebies\RPG Maker MV Free Resources\Graphics\Characters\DamageXP.png"
"04_角色_行走圖","官方免費素材","04_角色_行走圖\官方免費素材\Damage_2k3.png","576","384","dlc\RPG Maker Freebies\RPG Maker MV Free Resources\Graphics\Characters\Damage_2k3.png"
"04_角色_行走圖","官方免費素材","04_角色_行走圖\官方免費素材\ExpandedSet.png","576","384","dlc\RPG Maker Freebies\RPG Maker MV Free Resources\Graphics\Characters\ExpandedSet.png"
"04_角色_行走圖","官方免費素材","04_角色_行走圖\官方免費素材\OriginalDesign.png","576","384","dlc\RPG Maker Freebies\RPG Maker MV Free Resources\Graphics\Characters\OriginalDesign.png"
"04_角色_行走圖","官方免費素材","04_角色_行走圖\官方免費素材\RTPRecreation_2k3.png","576","384","dlc\RPG Maker Freebies\RPG Maker MV Free Resources\Graphics\Characters\RTPRecreation_2k3.png"
"04_角色_行走圖","官方免費素材","04_角色_行走圖\官方免費素材\RTPRecreation_95.png","576","384","dlc\RPG Maker Freebies\RPG Maker MV Free Resources\Graphics\Characters\RTPRecreation_95.png"
"04_角色_行走圖","官方免費素材","04_角色_行走圖\官方免費素材\RTPRecreation_Ace.png","576","384","dlc\RPG Maker Freebies\RPG Maker MV Free Resources\Graphics\Characters\RTPRecreation_Ace.png"
"04_角色_行走圖","官方免費素材","04_角色_行走圖\官方免費素材\RTPRecreation_VX2.png","576","384","dlc\RPG Maker Freebies\RPG Maker MV Free Resources\Graphics\Characters\RTPRecreation_VX2.png"
"04_角色_行走圖","官方免費素材","04_角色_行走圖\官方免費素材\RTPRecreation_XP ver 3.png","576","384","dlc\RPG Maker Freebies\RPG Maker MV Free Resources\Graphics\Characters\RTPRecreation_XP ver 3.png"
"04_角色_行走圖","官方免費素材","04_角色_行走圖\官方免費素材\RTPRecreation_XP.png","576","384","dlc\RPG Maker Freebies\RPG Maker MV Free Resources\Graphics\Characters\RTPRecreation_XP.png"
"04_角色_行走圖","官方免費素材","04_角色_行走圖\官方免費素材\RTPRecreation_XP2.png","576","384","dlc\RPG Maker Freebies\RPG Maker MV Free Resources\Graphics\Characters\RTPRecreation_XP2.png"
"05_角色_頭像","官方免費素材","05_角色_頭像\官方免費素材\Harold-Emotes.png","576","288","dlc\RPG Maker Freebies\RPG Maker MV Free Resources\Graphics\Facesets\Harold-Emotes.png"
"99_角色產生器零件","官方免費素材","99_角色產生器零件\官方免費素材\Female\TVD_AccB_p95ANGEL.png","144","48","dlc\RPG Maker Freebies\RPG Maker MV Free Resources\Graphics\Generator Parts\Female\TVD_AccB_p95ANGEL.png"
"99_角色產生器零件","官方免費素材","99_角色產生器零件\官方免費素材\Female\TVD_AccB_p95ANGEL_c.png","144","48","dlc\RPG Maker Freebies\RPG Maker MV Free Resources\Graphics\Generator Parts\Female\TVD_AccB_p95ANGEL_c.png"
"99_角色產生器零件","官方免費素材","99_角色產生器零件\官方免費素材\Female\TVD_AccB_pCAROL.png","144","48","dlc\RPG Maker Freebies\RPG Maker MV Free Resources\Graphics\Generator Parts\Female\TVD_AccB_pCAROL.png"
"99_角色產生器零件","官方免費素材","99_角色產生器零件\官方免費素材\Female\TVD_AccB_pCAROL_c.png","144","48","dlc\RPG Maker Freebies\RPG Maker MV Free Resources\Graphics\Generator Parts\Female\TVD_AccB_pCAROL_c.png"
"99_角色產生器零件","官方免費素材","99_角色產生器零件\官方免費素材\Female\TVD_Clothing1_p95ANGEL.png","144","48","dlc\RPG Maker Freebies\RPG Maker MV Free Resources\Graphics\Generator Parts\Female\TVD_Clothing1_p95ANGEL.png"
"99_角色產生器零件","官方免費素材","99_角色產生器零件\官方免費素材\Female\TVD_Clothing1_p95ANGEL_c.png","144","48","dlc\RPG Maker Freebies\RPG Maker MV Free Resources\Graphics\Generator Parts\Female\TVD_Clothing1_p95ANGEL_c.png"
"99_角色產生器零件","官方免費素材","99_角色產生器零件\官方免費素材\Female\TVD_Clothing_pCAROL.png","144","48","dlc\RPG Maker Freebies\RPG Maker MV Free Resources\Graphics\Generator Parts\Female\TVD_Clothing_pCAROL.png"
"99_角色產生器零件","官方免費素材","99_角色產生器零件\官方免費素材\Female\TVD_Clothing_pCAROL_c.png","144","48","dlc\RPG Maker Freebies\RPG Maker MV Free Resources\Graphics\Generator Parts\Female\TVD_Clothing_pCAROL_c.png"
"99_角色產生器零件","官方免費素材","99_角色產生器零件\官方免費素材\Female\TV_AccB_p07.png","144","192","dlc\RPG Maker Freebies\RPG Maker MV Free Resources\Graphics\Generator Parts\Female\TV_AccB_p07.png"
"99_角色產生器零件","官方免費素材","99_角色產生器零件\官方免費素材\Female\TV_AccB_p07_c.png","144","192","dlc\RPG Maker Freebies\RPG Maker MV Free Resources\Graphics\Generator Parts\Female\TV_AccB_p07_c.png"
"99_角色產生器零件","官方免費素材","99_角色產生器零件\官方免費素材\Female\TV_AccB_p2-2.png","144","192","dlc\RPG Maker Freebies\RPG Maker MV Free Resources\Graphics\Generator Parts\Female\TV_AccB_p2-2.png"
"99_角色產生器零件","官方免費素材","99_角色產生器零件\官方免費素材\Female\TV_AccB_p2-2_c.png","144","192","dlc\RPG Maker Freebies\RPG Maker MV Free Resources\Graphics\Generator Parts\Female\TV_AccB_p2-2_c.png"
"99_角色產生器零件","官方免費素材","99_角色產生器零件\官方免費素材\Female\TV_AccB_p95ANGEL.png","144","192","dlc\RPG Maker Freebies\RPG Maker MV Free Resources\Graphics\Generator Parts\Female\TV_AccB_p95ANGEL.png"
"99_角色產生器零件","官方免費素材","99_角色產生器零件\官方免費素材\Female\TV_AccB_p95ANGEL_c.png","144","192","dlc\RPG Maker Freebies\RPG Maker MV Free Resources\Graphics\Generator Parts\Female\TV_AccB_p95ANGEL_c.png"
"99_角色產生器零件","官方免費素材","99_角色產生器零件\官方免費素材\Female\TV_AccB_pCAROL.png","144","192","dlc\RPG Maker Freebies\RPG Maker MV Free Resources\Graphics\Generator Parts\Female\TV_AccB_pCAROL.png"
"99_角色產生器零件","官方免費素材","99_角色產生器零件\官方免費素材\Female\TV_AccB_pCAROL_c.png","144","192","dlc\RPG Maker Freebies\RPG Maker MV Free Resources\Graphics\Generator Parts\Female\TV_AccB_pCAROL_c.png"
"99_角色產生器零件","官方免費素材","99_角色產生器零件\官方免費素材\Female\TV_Clothing1_p19.png","144","192","dlc\RPG Maker Freebies\RPG Maker MV Free Resources\Graphics\Generator Parts\Female\TV_Clothing1_p19.png"
"99_角色產生器零件","官方免費素材","99_角色產生器零件\官方免費素材\Female\TV_Clothing1_p19_c.png","144","192","dlc\RPG Maker Freebies\RPG Maker MV Free Resources\Graphics\Generator Parts\Female\TV_Clothing1_p19_c.png"
"99_角色產生器零件","官方免費素材","99_角色產生器零件\官方免費素材\Female\TV_Clothing1_p2-2.png","144","192","dlc\RPG Maker Freebies\RPG Maker MV Free Resources\Graphics\Generator Parts\Female\TV_Clothing1_p2-2.png"
"99_角色產生器零件","官方免費素材","99_角色產生器零件\官方免費素材\Female\TV_Clothing1_p2-2_c.png","144","192","dlc\RPG Maker Freebies\RPG Maker MV Free Resources\Graphics\Generator Parts\Female\TV_Clothing1_p2-2_c.png"
"99_角色產生器零件","官方免費素材","99_角色產生器零件\官方免費素材\Female\TV_Clothing1_pCAROL.png","144","192","dlc\RPG Maker Freebies\RPG Maker MV Free Resources\Graphics\Generator Parts\Female\TV_Clothing1_pCAROL.png"
"99_角色產生器零件","官方免費素材","99_角色產生器零件\官方免費素材\Female\TV_Clothing1_pCAROL_c.png","144","192","dlc\RPG Maker Freebies\RPG Maker MV Free Resources\Graphics\Generator Parts\Female\TV_Clothing1_pCAROL_c.png"
"99_角色產生器零件","官方免費素材","99_角色產生器零件\官方免費素材\Female\TV_Clothing_p95ANGEL.png","144","192","dlc\RPG Maker Freebies\RPG Maker MV Free Resources\Graphics\Generator Parts\Female\TV_Clothing_p95ANGEL.png"
"99_角色產生器零件","官方免費素材","99_角色產生器零件\官方免費素材\Female\TV_Clothing_p95ANGEL_c.png","144","192","dlc\RPG Maker Freebies\RPG Maker MV Free Resources\Graphics\Generator Parts\Female\TV_Clothing_p95ANGEL_c.png"
"99_角色產生器零件","官方免費素材","99_角色產生器零件\官方免費素材\Male\TVD_AccB_pMAGE.png","144","48","dlc\RPG Maker Freebies\RPG Maker MV Free Resources\Graphics\Generator Parts\Male\TVD_AccB_pMAGE.png"
"99_角色產生器零件","官方免費素材","99_角色產生器零件\官方免費素材\Male\TVD_AccB_pMAGE_c.png","144","48","dlc\RPG Maker Freebies\RPG Maker MV Free Resources\Graphics\Generator Parts\Male\TVD_AccB_pMAGE_c.png"
"99_角色產生器零件","官方免費素材","99_角色產生器零件\官方免費素材\Male\TVD_Clothing_pMAGE.png","144","48","dlc\RPG Maker Freebies\RPG Maker MV Free Resources\Graphics\Generator Parts\Male\TVD_Clothing_pMAGE.png"
"99_角色產生器零件","官方免費素材","99_角色產生器零件\官方免費素材\Male\TVD_Clothing_pMAGE_c.png","144","48","dlc\RPG Maker Freebies\RPG Maker MV Free Resources\Graphics\Generator Parts\Male\TVD_Clothing_pMAGE_c.png"
"99_角色產生器零件","官方免費素材","99_角色產生器零件\官方免費素材\Male\TV_AccA_p1-1.png","144","192","dlc\RPG Maker Freebies\RPG Maker MV Free Resources\Graphics\Generator Parts\Male\TV_AccA_p1-1.png"
"99_角色產生器零件","官方免費素材","99_角色產生器零件\官方免費素材\Male\TV_AccA_p1-1_c.png","144","192","dlc\RPG Maker Freebies\RPG Maker MV Free Resources\Graphics\Generator Parts\Male\TV_AccA_p1-1_c.png"
"99_角色產生器零件","官方免費素材","99_角色產生器零件\官方免費素材\Male\TV_AccA_p2-3.png","144","192","dlc\RPG Maker Freebies\RPG Maker MV Free Resources\Graphics\Generator Parts\Male\TV_AccA_p2-3.png"
"99_角色產生器零件","官方免費素材","99_角色產生器零件\官方免費素材\Male\TV_AccA_p2-3_c.png","144","192","dlc\RPG Maker Freebies\RPG Maker MV Free Resources\Graphics\Generator Parts\Male\TV_AccA_p2-3_c.png"
"99_角色產生器零件","官方免費素材","99_角色產生器零件\官方免費素材\Male\TV_AccB_pMAGE.png","144","192","dlc\RPG Maker Freebies\RPG Maker MV Free Resources\Graphics\Generator Parts\Male\TV_AccB_pMAGE.png"
"99_角色產生器零件","官方免費素材","99_角色產生器零件\官方免費素材\Male\TV_AccB_pMAGE_c.png","144","192","dlc\RPG Maker Freebies\RPG Maker MV Free Resources\Graphics\Generator Parts\Male\TV_AccB_pMAGE_c.png"
"99_角色產生器零件","官方免費素材","99_角色產生器零件\官方免費素材\Male\TV_Clothing1_p2-3.png","144","192","dlc\RPG Maker Freebies\RPG Maker MV Free Resources\Graphics\Generator Parts\Male\TV_Clothing1_p2-3.png"
"99_角色產生器零件","官方免費素材","99_角色產生器零件\官方免費素材\Male\TV_Clothing1_pMAGE.png","144","192","dlc\RPG Maker Freebies\RPG Maker MV Free Resources\Graphics\Generator Parts\Male\TV_Clothing1_pMAGE.png"
"99_角色產生器零件","官方免費素材","99_角色產生器零件\官方免費素材\Male\TV_Clothing1_pMAGE_c.png","144","192","dlc\RPG Maker Freebies\RPG Maker MV Free Resources\Graphics\Generator Parts\Male\TV_Clothing1_pMAGE_c.png"
"99_角色產生器零件","官方免費素材","99_角色產生器零件\官方免費素材\Male\TV_Clothing2_p1-1.png","144","192","dlc\RPG Maker Freebies\RPG Maker MV Free Resources\Graphics\Generator Parts\Male\TV_Clothing2_p1-1.png"
"99_角色產生器零件","官方免費素材","99_角色產生器零件\官方免費素材\Male\TV_Clothing2_p1-1_c.png","144","192","dlc\RPG Maker Freebies\RPG Maker MV Free Resources\Graphics\Generator Parts\Male\TV_Clothing2_p1-1_c.png"
"99_角色產生器零件","官方免費素材","99_角色產生器零件\官方免費素材\Male\TV_Clothing2_p2-3.png","144","192","dlc\RPG Maker Freebies\RPG Maker MV Free Resources\Graphics\Generator Parts\Male\TV_Clothing2_p2-3.png"
"99_角色產生器零件","官方免費素材","99_角色產生器零件\官方免費素材\Male\TV_Clothing2_p2-3_c.png","144","192","dlc\RPG Maker Freebies\RPG Maker MV Free Resources\Graphics\Generator Parts\Male\TV_Clothing2_p2-3_c.png"
"99_角色產生器零件","官方免費素材","99_角色產生器零件\官方免費素材\Male\TV_Clothing2_pMAGE.png","144","192","dlc\RPG Maker Freebies\RPG Maker MV Free Resources\Graphics\Generator Parts\Male\TV_Clothing2_pMAGE.png"
"99_角色產生器零件","官方免費素材","99_角色產生器零件\官方免費素材\Male\TV_Clothing2_pMAGE_c.png","144","192","dlc\RPG Maker Freebies\RPG Maker MV Free Resources\Graphics\Generator Parts\Male\TV_Clothing2_pMAGE_c.png"
"99_角色產生器零件","官方免費素材","99_角色產生器零件\官方免費素材\Male\TV_ClothingAluxes.png","144","192","dlc\RPG Maker Freebies\RPG Maker MV Free Resources\Graphics\Generator Parts\Male\TV_ClothingAluxes.png"
"99_角色產生器零件","官方免費素材","99_角色產生器零件\官方免費素材\Male\TV_ClothingEric.png","144","192","dlc\RPG Maker Freebies\RPG Maker MV Free Resources\Graphics\Generator Parts\Male\TV_ClothingEric.png"
"99_角色產生器零件","官方免費素材","99_角色產生器零件\官方免費素材\Male\TV_ClothingFess.png","144","192","dlc\RPG Maker Freebies\RPG Maker MV Free Resources\Graphics\Generator Parts\Male\TV_ClothingFess.png"
"99_角色產生器零件","官方免費素材","99_角色產生器零件\官方免費素材\Male\TV_ClothingFess2.png","144","192","dlc\RPG Maker Freebies\RPG Maker MV Free Resources\Graphics\Generator Parts\Male\TV_ClothingFess2.png"
"99_角色產生器零件","官方免費素材","99_角色產生器零件\官方免費素材\People 2-7\TV_AccA_p2-7.png","144","192","dlc\RPG Maker Freebies\RPG Maker MV Free Resources\Graphics\Generator Parts\People 2-7\TV_AccA_p2-7.png"
"99_角色產生器零件","官方免費素材","99_角色產生器零件\官方免費素材\People 2-7\TV_AccA_p2-7_c.png","144","192","dlc\RPG Maker Freebies\RPG Maker MV Free Resources\Graphics\Generator Parts\People 2-7\TV_AccA_p2-7_c.png"
"99_角色產生器零件","官方免費素材","99_角色產生器零件\官方免費素材\People 2-7\TV_Clothing1_p2-7.png","144","192","dlc\RPG Maker Freebies\RPG Maker MV Free Resources\Graphics\Generator Parts\People 2-7\TV_Clothing1_p2-7.png"
"99_角色產生器零件","官方免費素材","99_角色產生器零件\官方免費素材\People 2-7\TV_Clothing1_p2-7_c.png","144","192","dlc\RPG Maker Freebies\RPG Maker MV Free Resources\Graphics\Generator Parts\People 2-7\TV_Clothing1_p2-7_c.png"
"99_角色產生器零件","官方免費素材","99_角色產生器零件\官方免費素材\People 2-7\TV_Clothing2_p2-7.png","144","192","dlc\RPG Maker Freebies\RPG Maker MV Free Resources\Graphics\Generator Parts\People 2-7\TV_Clothing2_p2-7.png"
"99_角色產生器零件","官方免費素材","99_角色產生器零件\官方免費素材\People 2-7\TV_Clothing2_p2-7_c.png","144","192","dlc\RPG Maker Freebies\RPG Maker MV Free Resources\Graphics\Generator Parts\People 2-7\TV_Clothing2_p2-7_c.png"
"99_角色產生器零件","官方免費素材","99_角色產生器零件\官方免費素材\People 3-5\TV_AccA_p3-5.png","144","192","dlc\RPG Maker Freebies\RPG Maker MV Free Resources\Graphics\Generator Parts\People 3-5\TV_AccA_p3-5.png"
"99_角色產生器零件","官方免費素材","99_角色產生器零件\官方免費素材\People 3-5\TV_AccA_p3-5_c.png","144","192","dlc\RPG Maker Freebies\RPG Maker MV Free Resources\Graphics\Generator Parts\People 3-5\TV_AccA_p3-5_c.png"
"99_角色產生器零件","官方免費素材","99_角色產生器零件\官方免費素材\People 3-5\TV_Clothing1_p3-5.png","144","192","dlc\RPG Maker Freebies\RPG Maker MV Free Resources\Graphics\Generator Parts\People 3-5\TV_Clothing1_p3-5.png"
"99_角色產生器零件","官方免費素材","99_角色產生器零件\官方免費素材\People 3-5\TV_Clothing1_p3-5_c.png","144","192","dlc\RPG Maker Freebies\RPG Maker MV Free Resources\Graphics\Generator Parts\People 3-5\TV_Clothing1_p3-5_c.png"
"99_角色產生器零件","官方免費素材","99_角色產生器零件\官方免費素材\People 3-5\TV_Clothing2_p3-5.png","144","192","dlc\RPG Maker Freebies\RPG Maker MV Free Resources\Graphics\Generator Parts\People 3-5\TV_Clothing2_p3-5.png"
"99_角色產生器零件","官方免費素材","99_角色產生器零件\官方免費素材\People 3-5\TV_Clothing2_p3-5_c.png","144","192","dlc\RPG Maker Freebies\RPG Maker MV Free Resources\Graphics\Generator Parts\People 3-5\TV_Clothing2_p3-5_c.png"
"99_角色產生器零件","官方免費素材","99_角色產生器零件\官方免費素材\TVD\Actor 2-3\TVD_AccA_p2-3.png","144","48","dlc\RPG Maker Freebies\RPG Maker MV Free Resources\Graphics\Generator Parts\TVD\Actor 2-3\TVD_AccA_p2-3.png"
"99_角色產生器零件","官方免費素材","99_角色產生器零件\官方免費素材\TVD\Actor 2-3\TVD_AccA_p2-3_c.png","144","48","dlc\RPG Maker Freebies\RPG Maker MV Free Resources\Graphics\Generator Parts\TVD\Actor 2-3\TVD_AccA_p2-3_c.png"
"99_角色產生器零件","官方免費素材","99_角色產生器零件\官方免費素材\TVD\Actor 2-3\TVD_Clothing_p2-3.png","144","48","dlc\RPG Maker Freebies\RPG Maker MV Free Resources\Graphics\Generator Parts\TVD\Actor 2-3\TVD_Clothing_p2-3.png"
"99_角色產生器零件","官方免費素材","99_角色產生器零件\官方免費素材\TVD\Actor 2-3\TVD_Clothing_p2-3_c.png","144","48","dlc\RPG Maker Freebies\RPG Maker MV Free Resources\Graphics\Generator Parts\TVD\Actor 2-3\TVD_Clothing_p2-3_c.png"
"99_角色產生器零件","官方免費素材","99_角色產生器零件\官方免費素材\TVD\Evil 1-1\TVD_AccA_p1-1.png","144","48","dlc\RPG Maker Freebies\RPG Maker MV Free Resources\Graphics\Generator Parts\TVD\Evil 1-1\TVD_AccA_p1-1.png"
"99_角色產生器零件","官方免費素材","99_角色產生器零件\官方免費素材\TVD\Evil 1-1\TVD_AccA_p1-1_c.png","144","48","dlc\RPG Maker Freebies\RPG Maker MV Free Resources\Graphics\Generator Parts\TVD\Evil 1-1\TVD_AccA_p1-1_c.png"
"99_角色產生器零件","官方免費素材","99_角色產生器零件\官方免費素材\TVD\Evil 1-1\TVD_Clothing_p1-1.png","144","48","dlc\RPG Maker Freebies\RPG Maker MV Free Resources\Graphics\Generator Parts\TVD\Evil 1-1\TVD_Clothing_p1-1.png"
"99_角色產生器零件","官方免費素材","99_角色產生器零件\官方免費素材\TVD\Evil 1-1\TVD_Clothing_p1-1_c.png","144","48","dlc\RPG Maker Freebies\RPG Maker MV Free Resources\Graphics\Generator Parts\TVD\Evil 1-1\TVD_Clothing_p1-1_c.png"
"99_角色產生器零件","官方免費素材","99_角色產生器零件\官方免費素材\TVD\Mage08\TVD_Clothing_pMAGE.png","144","48","dlc\RPG Maker Freebies\RPG Maker MV Free Resources\Graphics\Generator Parts\TVD\Mage08\TVD_Clothing_pMAGE.png"
"99_角色產生器零件","官方免費素材","99_角色產生器零件\官方免費素材\TVD\Mage08\TVD_Clothing_pMAGE_c.png","144","48","dlc\RPG Maker Freebies\RPG Maker MV Free Resources\Graphics\Generator Parts\TVD\Mage08\TVD_Clothing_pMAGE_c.png"
"99_角色產生器零件","官方免費素材","99_角色產生器零件\官方免費素材\TVD\People 2-2\TVD_AccB_p2-2.png","144","48","dlc\RPG Maker Freebies\RPG Maker MV Free Resources\Graphics\Generator Parts\TVD\People 2-2\TVD_AccB_p2-2.png"
"99_角色產生器零件","官方免費素材","99_角色產生器零件\官方免費素材\TVD\People 2-2\TVD_AccB_p2-2_c.png","144","48","dlc\RPG Maker Freebies\RPG Maker MV Free Resources\Graphics\Generator Parts\TVD\People 2-2\TVD_AccB_p2-2_c.png"
"99_角色產生器零件","官方免費素材","99_角色產生器零件\官方免費素材\TVD\People 2-2\TVD_Clothing_p2-2.png","144","48","dlc\RPG Maker Freebies\RPG Maker MV Free Resources\Graphics\Generator Parts\TVD\People 2-2\TVD_Clothing_p2-2.png"
"99_角色產生器零件","官方免費素材","99_角色產生器零件\官方免費素材\TVD\People 2-2\TVD_Clothing_p2-2_c.png","144","48","dlc\RPG Maker Freebies\RPG Maker MV Free Resources\Graphics\Generator Parts\TVD\People 2-2\TVD_Clothing_p2-2_c.png"
"99_角色產生器零件","官方免費素材","99_角色產生器零件\官方免費素材\TVD\People 2-7\TVD_AccA_p2-7.png","144","48","dlc\RPG Maker Freebies\RPG Maker MV Free Resources\Graphics\Generator Parts\TVD\People 2-7\TVD_AccA_p2-7.png"
"99_角色產生器零件","官方免費素材","99_角色產生器零件\官方免費素材\TVD\People 2-7\TVD_AccA_p2-7_c.png","144","48","dlc\RPG Maker Freebies\RPG Maker MV Free Resources\Graphics\Generator Parts\TVD\People 2-7\TVD_AccA_p2-7_c.png"
"99_角色產生器零件","官方免費素材","99_角色產生器零件\官方免費素材\TVD\People 2-7\TVD_Clothing_p2-7.png","144","48","dlc\RPG Maker Freebies\RPG Maker MV Free Resources\Graphics\Generator Parts\TVD\People 2-7\TVD_Clothing_p2-7.png"
"99_角色產生器零件","官方免費素材","99_角色產生器零件\官方免費素材\TVD\People 2-7\TVD_Clothing_p2-7_c.png","144","48","dlc\RPG Maker Freebies\RPG Maker MV Free Resources\Graphics\Generator Parts\TVD\People 2-7\TVD_Clothing_p2-7_c.png"
"99_角色產生器零件","官方免費素材","99_角色產生器零件\官方免費素材\TVD\People 3-5\TVD_AccB_p3-5.png","144","48","dlc\RPG Maker Freebies\RPG Maker MV Free Resources\Graphics\Generator Parts\TVD\People 3-5\TVD_AccB_p3-5.png"
"99_角色產生器零件","官方免費素材","99_角色產生器零件\官方免費素材\TVD\People 3-5\TVD_AccB_p3-5_c.png","144","48","dlc\RPG Maker Freebies\RPG Maker MV Free Resources\Graphics\Generator Parts\TVD\People 3-5\TVD_AccB_p3-5_c.png"
"99_角色產生器零件","官方免費素材","99_角色產生器零件\官方免費素材\TVD\People 3-5\TVD_Clothing_p3-5.png","144","48","dlc\RPG Maker Freebies\RPG Maker MV Free Resources\Graphics\Generator Parts\TVD\People 3-5\TVD_Clothing_p3-5.png"
"99_角色產生器零件","官方免費素材","99_角色產生器零件\官方免費素材\TVD\People 3-5\TVD_Clothing_p3-5_c.png","144","48","dlc\RPG Maker Freebies\RPG Maker MV Free Resources\Graphics\Generator Parts\TVD\People 3-5\TVD_Clothing_p3-5_c.png"
"11_介面與圖示","官方免費素材","11_介面與圖示\官方免費素材\Icons.png","256","160","dlc\RPG Maker Freebies\RPG Maker MV Free Resources\Graphics\System\Icons.png"
"06_特效動畫","官方免費素材","06_特效動畫\官方免費素材\20160210_XHeartHeal by hadecynn.png","960","1344","dlc\RPG Maker Freebies\RPG Maker MV Free Resources\Graphics\animations\20160210_XHeartHeal by hadecynn.png"
"01_怪物_正面","官方免費素材","01_怪物_正面\官方免費素材\DrumAngel.png","360","406","dlc\RPG Maker Freebies\RPG Maker MV Free Resources\Graphics\enemies\DrumAngel.png"
"01_怪物_正面","官方免費素材","01_怪物_正面\官方免費素材\ViolinAngel.png","551","474","dlc\RPG Maker Freebies\RPG Maker MV Free Resources\Graphics\enemies\ViolinAngel.png"
"01_怪物_正面","官方免費素材","01_怪物_正面\官方免費素材\aluxes.png","319","302","dlc\RPG Maker Freebies\RPG Maker MV Free Resources\Graphics\enemies\aluxes.png"
"01_怪物_正面","官方免費素材","01_怪物_正面\官方免費素材\common_archer.png","237","383","dlc\RPG Maker Freebies\RPG Maker MV Free Resources\Graphics\enemies\common_archer.png"
"01_怪物_正面","官方免費素材","01_怪物_正面\官方免費素材\common_spearsman.png","234","357","dlc\RPG Maker Freebies\RPG Maker MV Free Resources\Graphics\enemies\common_spearsman.png"
"01_怪物_正面","官方免費素材","01_怪物_正面\官方免費素材\common_swordsman.png","206","375","dlc\RPG Maker Freebies\RPG Maker MV Free Resources\Graphics\enemies\common_swordsman.png"
"01_怪物_正面","官方免費素材","01_怪物_正面\官方免費素材\common_wizkid.png","245","344","dlc\RPG Maker Freebies\RPG Maker MV Free Resources\Graphics\enemies\common_wizkid.png"
"01_怪物_正面","官方免費素材","01_怪物_正面\官方免費素材\guitarangel.png","587","458","dlc\RPG Maker Freebies\RPG Maker MV Free Resources\Graphics\enemies\guitarangel.png"
"01_怪物_正面","官方免費素材","01_怪物_正面\官方免費素材\trumpetangel.png","244","261","dlc\RPG Maker Freebies\RPG Maker MV Free Resources\Graphics\enemies\trumpetangel.png"
"03_角色_側面戰鬥","官方免費素材","03_角色_側面戰鬥\官方免費素材\001-Fighter01.png","576","384","dlc\RPG Maker Freebies\RPG Maker MV Free Resources\Graphics\sv_actors\001-Fighter01.png"
"03_角色_側面戰鬥","官方免費素材","03_角色_側面戰鬥\官方免費素材\001-Fighter02.png","576","384","dlc\RPG Maker Freebies\RPG Maker MV Free Resources\Graphics\sv_actors\001-Fighter02.png"
"03_角色_側面戰鬥","官方免費素材","03_角色_側面戰鬥\官方免費素材\010-Lancer02.png","576","384","dlc\RPG Maker Freebies\RPG Maker MV Free Resources\Graphics\sv_actors\010-Lancer02.png"
"03_角色_側面戰鬥","官方免費素材","03_角色_側面戰鬥\官方免費素材\Estelle.png","576","384","dlc\RPG Maker Freebies\RPG Maker MV Free Resources\Graphics\sv_actors\Estelle.png"
"03_角色_側面戰鬥","官方免費素材","03_角色_側面戰鬥\官方免費素材\SV_KarateGuy.png","576","384","dlc\RPG Maker Freebies\RPG Maker MV Free Resources\Graphics\sv_actors\SV_KarateGuy.png"
"99_角色產生器零件","官方免費素材","99_角色產生器零件\官方免費素材\TVD\TVD_Clothing_pG1.png","144","48","dlc\RPG Maker Freebies\Thernz - RMXP Grappler 1\Generator\TVD\TVD_Clothing_pG1.png"
"99_角色產生器零件","官方免費素材","99_角色產生器零件\官方免費素材\TVD\TVD_Clothing_pG1_c.png","144","48","dlc\RPG Maker Freebies\Thernz - RMXP Grappler 1\Generator\TVD\TVD_Clothing_pG1_c.png"
"99_角色產生器零件","官方免費素材","99_角色產生器零件\官方免費素材\TV\TV_Clothing1_pG1.png","144","192","dlc\RPG Maker Freebies\Thernz - RMXP Grappler 1\Generator\TV\TV_Clothing1_pG1.png"
"99_角色產生器零件","官方免費素材","99_角色產生器零件\官方免費素材\TV\TV_Clothing1_pG1_c.png","144","192","dlc\RPG Maker Freebies\Thernz - RMXP Grappler 1\Generator\TV\TV_Clothing1_pG1_c.png"
"99_角色產生器零件","官方免費素材","99_角色產生器零件\官方免費素材\TV\TV_Clothing2_pG1.png","144","192","dlc\RPG Maker Freebies\Thernz - RMXP Grappler 1\Generator\TV\TV_Clothing2_pG1.png"
"99_角色產生器零件","官方免費素材","99_角色產生器零件\官方免費素材\TV\TV_Clothing2_pG1_c.png","144","192","dlc\RPG Maker Freebies\Thernz - RMXP Grappler 1\Generator\TV\TV_Clothing2_pG1_c.png"
"99_角色產生器零件","官方免費素材","99_角色產生器零件\官方免費素材\Thernz範例\TVD_sample.png","144","48","dlc\RPG Maker Freebies\Thernz - RMXP Grappler 1\TVD_sample.png"
"99_角色產生器零件","官方免費素材","99_角色產生器零件\官方免費素材\Thernz範例\TV_sample.png","144","192","dlc\RPG Maker Freebies\Thernz - RMXP Grappler 1\TV_sample.png"
"06_特效動畫","Kadokawa外掛範例","06_特效動畫\Kadokawa外掛範例\Capsuletoy.png","960","960","dlc\KadokawaPlugins_New\additional\img\animations\Capsuletoy.png"
"06_特效動畫","Kadokawa外掛範例","06_特效動畫\Kadokawa外掛範例\star1.png","192","192","dlc\KadokawaPlugins_New\additional\img\animations\star1.png"
"06_特效動畫","Kadokawa外掛範例","06_特效動畫\Kadokawa外掛範例\star2.png","192","192","dlc\KadokawaPlugins_New\additional\img\animations\star2.png"
"06_特效動畫","Kadokawa外掛範例","06_特效動畫\Kadokawa外掛範例\star3.png","192","192","dlc\KadokawaPlugins_New\additional\img\animations\star3.png"
"06_特效動畫","Kadokawa外掛範例","06_特效動畫\Kadokawa外掛範例\star4.png","192","192","dlc\KadokawaPlugins_New\additional\img\animations\star4.png"
"06_特效動畫","Kadokawa外掛範例","06_特效動畫\Kadokawa外掛範例\star5.png","192","192","dlc\KadokawaPlugins_New\additional\img\animations\star5.png"
"11_介面與圖示","Kadokawa外掛範例","11_介面與圖示\Kadokawa外掛範例\bet_line_1.png","680","40","dlc\KadokawaPlugins_New\img\slotmachine\bet_line_1.png"
"11_介面與圖示","Kadokawa外掛範例","11_介面與圖示\Kadokawa外掛範例\bet_line_2.png","680","40","dlc\KadokawaPlugins_New\img\slotmachine\bet_line_2.png"
"11_介面與圖示","Kadokawa外掛範例","11_介面與圖示\Kadokawa外掛範例\bet_line_3.png","680","40","dlc\KadokawaPlugins_New\img\slotmachine\bet_line_3.png"
"11_介面與圖示","Kadokawa外掛範例","11_介面與圖示\Kadokawa外掛範例\bg.png","816","624","dlc\KadokawaPlugins_New\img\slotmachine\bg.png"
"11_介面與圖示","Kadokawa外掛範例","11_介面與圖示\Kadokawa外掛範例\line_base.png","680","150","dlc\KadokawaPlugins_New\img\slotmachine\line_base.png"
"11_介面與圖示","Kadokawa外掛範例","11_介面與圖示\Kadokawa外掛範例\reel.png","696","54","dlc\KadokawaPlugins_New\img\slotmachine\reel.png"
"11_介面與圖示","Kadokawa外掛範例","11_介面與圖示\Kadokawa外掛範例\scale_x1.png","61","39","dlc\KadokawaPlugins_New\img\slotmachine\scale_x1.png"
"11_介面與圖示","Kadokawa外掛範例","11_介面與圖示\Kadokawa外掛範例\scale_x10.png","61","39","dlc\KadokawaPlugins_New\img\slotmachine\scale_x10.png"
"11_介面與圖示","Kadokawa外掛範例","11_介面與圖示\Kadokawa外掛範例\scale_x100.png","61","39","dlc\KadokawaPlugins_New\img\slotmachine\scale_x100.png"
"11_介面與圖示","Kadokawa外掛範例","11_介面與圖示\Kadokawa外掛範例\win_cursor.png","232","24","dlc\KadokawaPlugins_New\img\slotmachine\win_cursor.png"
"11_介面與圖示","Kadokawa外掛範例","11_介面與圖示\Kadokawa外掛範例\Window.png","192","288","dlc\KadokawaPlugins_New\img\system\Window.png"
"11_介面與圖示","Kadokawa外掛範例","11_介面與圖示\Kadokawa外掛範例\card01.png","340","425","dlc\KadokawaPlugins_New\samples\Gacha Sample\img\gacha\card01.png"
"11_介面與圖示","Kadokawa外掛範例","11_介面與圖示\Kadokawa外掛範例\card02.png","340","425","dlc\KadokawaPlugins_New\samples\Gacha Sample\img\gacha\card02.png"
"11_介面與圖示","Kadokawa外掛範例","11_介面與圖示\Kadokawa外掛範例\card03.png","340","425","dlc\KadokawaPlugins_New\samples\Gacha Sample\img\gacha\card03.png"
"11_介面與圖示","Kadokawa外掛範例","11_介面與圖示\Kadokawa外掛範例\card04.png","340","425","dlc\KadokawaPlugins_New\samples\Gacha Sample\img\gacha\card04.png"
"11_介面與圖示","Kadokawa外掛範例","11_介面與圖示\Kadokawa外掛範例\card05.png","340","425","dlc\KadokawaPlugins_New\samples\Gacha Sample\img\gacha\card05.png"
"09_地圖圖塊","Kadokawa外掛範例","09_地圖圖塊\Kadokawa外掛範例\Dungeon_B.png","768","768","dlc\KadokawaPlugins_New\samples\Gacha Sample\img\tilesets\Dungeon_B.png"
"09_地圖圖塊","Kadokawa外掛範例","09_地圖圖塊\Kadokawa外掛範例\Inside_B.png","768","768","dlc\KadokawaPlugins_New\samples\Gacha Sample\img\tilesets\Inside_B.png"
"09_地圖圖塊","Kadokawa外掛範例","09_地圖圖塊\Kadokawa外掛範例\Outside_C.png","768","768","dlc\KadokawaPlugins_New\samples\Gacha Sample\img\tilesets\Outside_C.png"
"09_地圖圖塊","Kadokawa外掛範例","09_地圖圖塊\Kadokawa外掛範例\SF_Inside_B.png","768","768","dlc\KadokawaPlugins_New\samples\Gacha Sample\img\tilesets\SF_Inside_B.png"
"12_立繪與插圖","特典桌布","12_立繪與插圖\特典桌布\wallpaper_1280_1024.png","1280","1024","dlc\Special_Wallpaper\wallpaper_1280_1024.png"
"12_立繪與插圖","特典桌布","12_立繪與插圖\特典桌布\wallpaper_1366_768.png","1366","768","dlc\Special_Wallpaper\wallpaper_1366_768.png"
"12_立繪與插圖","特典桌布","12_立繪與插圖\特典桌布\wallpaper_1920_1020.png","1920","1080","dlc\Special_Wallpaper\wallpaper_1920_1020.png"
"99_角色產生器零件","RTP基本素材","99_角色產生器零件\RTP基本素材\Face\Female\FG_AccA_p01_c1_m013.png","144","144","Generator\Face\Female\FG_AccA_p01_c1_m013.png"
"99_角色產生器零件","RTP基本素材","99_角色產生器零件\RTP基本素材\Face\Female\FG_AccA_p01_c2_m014.png","144","144","Generator\Face\Female\FG_AccA_p01_c2_m014.png"
"99_角色產生器零件","RTP基本素材","99_角色產生器零件\RTP基本素材\Face\Female\FG_AccA_p02_c1_m013.png","144","144","Generator\Face\Female\FG_AccA_p02_c1_m013.png"
"99_角色產生器零件","RTP基本素材","99_角色產生器零件\RTP基本素材\Face\Female\FG_AccA_p03_c1_m013.png","144","144","Generator\Face\Female\FG_AccA_p03_c1_m013.png"
"99_角色產生器零件","RTP基本素材","99_角色產生器零件\RTP基本素材\Face\Female\FG_AccA_p04_c1_m013.png","144","144","Generator\Face\Female\FG_AccA_p04_c1_m013.png"
"99_角色產生器零件","RTP基本素材","99_角色產生器零件\RTP基本素材\Face\Female\FG_AccA_p04_c2_m014.png","144","144","Generator\Face\Female\FG_AccA_p04_c2_m014.png"
"99_角色產生器零件","RTP基本素材","99_角色產生器零件\RTP基本素材\Face\Female\FG_AccA_p05_c1_m013.png","144","144","Generator\Face\Female\FG_AccA_p05_c1_m013.png"
"99_角色產生器零件","RTP基本素材","99_角色產生器零件\RTP基本素材\Face\Female\FG_AccA_p05_c2_m014.png","144","144","Generator\Face\Female\FG_AccA_p05_c2_m014.png"
"99_角色產生器零件","RTP基本素材","99_角色產生器零件\RTP基本素材\Face\Female\FG_AccA_p06_c1_m013.png","144","144","Generator\Face\Female\FG_AccA_p06_c1_m013.png"
"99_角色產生器零件","RTP基本素材","99_角色產生器零件\RTP基本素材\Face\Female\FG_AccA_p07_c1_m013.png","144","144","Generator\Face\Female\FG_AccA_p07_c1_m013.png"
"99_角色產生器零件","RTP基本素材","99_角色產生器零件\RTP基本素材\Face\Female\FG_AccB_p01_c1_m016.png","144","144","Generator\Face\Female\FG_AccB_p01_c1_m016.png"
"99_角色產生器零件","RTP基本素材","99_角色產生器零件\RTP基本素材\Face\Female\FG_AccB_p01_c2_m017.png","144","144","Generator\Face\Female\FG_AccB_p01_c2_m017.png"
"99_角色產生器零件","RTP基本素材","99_角色產生器零件\RTP基本素材\Face\Female\FG_AccB_p02_c1_m017.png","144","144","Generator\Face\Female\FG_AccB_p02_c1_m017.png"
"99_角色產生器零件","RTP基本素材","99_角色產生器零件\RTP基本素材\Face\Female\FG_AccB_p02_c2_m019.png","144","144","Generator\Face\Female\FG_AccB_p02_c2_m019.png"
"99_角色產生器零件","RTP基本素材","99_角色產生器零件\RTP基本素材\Face\Female\FG_AccB_p02_c3_m018.png","144","144","Generator\Face\Female\FG_AccB_p02_c3_m018.png"
"99_角色產生器零件","RTP基本素材","99_角色產生器零件\RTP基本素材\Face\Female\FG_AccB_p02_c4_m016.png","144","144","Generator\Face\Female\FG_AccB_p02_c4_m016.png"
"99_角色產生器零件","RTP基本素材","99_角色產生器零件\RTP基本素材\Face\Female\FG_AccB_p03_c1_m019.png","144","144","Generator\Face\Female\FG_AccB_p03_c1_m019.png"
"99_角色產生器零件","RTP基本素材","99_角色產生器零件\RTP基本素材\Face\Female\FG_AccB_p03_c2_m018.png","144","144","Generator\Face\Female\FG_AccB_p03_c2_m018.png"
"99_角色產生器零件","RTP基本素材","99_角色產生器零件\RTP基本素材\Face\Female\FG_AccB_p03_c3.png","144","144","Generator\Face\Female\FG_AccB_p03_c3.png"
"99_角色產生器零件","RTP基本素材","99_角色產生器零件\RTP基本素材\Face\Female\FG_AccB_p03_c4_m017.png","144","144","Generator\Face\Female\FG_AccB_p03_c4_m017.png"
"99_角色產生器零件","RTP基本素材","99_角色產生器零件\RTP基本素材\Face\Female\FG_AccB_p03_c5_m016.png","144","144","Generator\Face\Female\FG_AccB_p03_c5_m016.png"
"99_角色產生器零件","RTP基本素材","99_角色產生器零件\RTP基本素材\Face\Female\FG_AccB_p04_c1_m019.png","144","144","Generator\Face\Female\FG_AccB_p04_c1_m019.png"
"99_角色產生器零件","RTP基本素材","99_角色產生器零件\RTP基本素材\Face\Female\FG_AccB_p04_c2_m018.png","144","144","Generator\Face\Female\FG_AccB_p04_c2_m018.png"
"99_角色產生器零件","RTP基本素材","99_角色產生器零件\RTP基本素材\Face\Female\FG_AccB_p04_c3_m017.png","144","144","Generator\Face\Female\FG_AccB_p04_c3_m017.png"
"99_角色產生器零件","RTP基本素材","99_角色產生器零件\RTP基本素材\Face\Female\FG_AccB_p04_c4.png","144","144","Generator\Face\Female\FG_AccB_p04_c4.png"
"99_角色產生器零件","RTP基本素材","99_角色產生器零件\RTP基本素材\Face\Female\FG_AccB_p04_c5_m016.png","144","144","Generator\Face\Female\FG_AccB_p04_c5_m016.png"
"99_角色產生器零件","RTP基本素材","99_角色產生器零件\RTP基本素材\Face\Female\FG_AccB_p05_c1_m017.png","144","144","Generator\Face\Female\FG_AccB_p05_c1_m017.png"
"99_角色產生器零件","RTP基本素材","99_角色產生器零件\RTP基本素材\Face\Female\FG_AccB_p05_c2_m016.png","144","144","Generator\Face\Female\FG_AccB_p05_c2_m016.png"
"99_角色產生器零件","RTP基本素材","99_角色產生器零件\RTP基本素材\Face\Female\FG_AccB_p06_c1_m017.png","144","144","Generator\Face\Female\FG_AccB_p06_c1_m017.png"
"99_角色產生器零件","RTP基本素材","99_角色產生器零件\RTP基本素材\Face\Female\FG_AccB_p06_c2_m016.png","144","144","Generator\Face\Female\FG_AccB_p06_c2_m016.png"
"99_角色產生器零件","RTP基本素材","99_角色產生器零件\RTP基本素材\Face\Female\FG_AccB_p07_c1_m016.png","144","144","Generator\Face\Female\FG_AccB_p07_c1_m016.png"
"99_角色產生器零件","RTP基本素材","99_角色產生器零件\RTP基本素材\Face\Female\FG_AccB_p07_c2_m017.png","144","144","Generator\Face\Female\FG_AccB_p07_c2_m017.png"
"99_角色產生器零件","RTP基本素材","99_角色產生器零件\RTP基本素材\Face\Female\FG_AccB_p07_c3_m018.png","144","144","Generator\Face\Female\FG_AccB_p07_c3_m018.png"
"99_角色產生器零件","RTP基本素材","99_角色產生器零件\RTP基本素材\Face\Female\FG_AccB_p08_c1_m018.png","144","144","Generator\Face\Female\FG_AccB_p08_c1_m018.png"
"99_角色產生器零件","RTP基本素材","99_角色產生器零件\RTP基本素材\Face\Female\FG_AccB_p08_c2_m017.png","144","144","Generator\Face\Female\FG_AccB_p08_c2_m017.png"
"99_角色產生器零件","RTP基本素材","99_角色產生器零件\RTP基本素材\Face\Female\FG_AccB_p08_c3_m016.png","144","144","Generator\Face\Female\FG_AccB_p08_c3_m016.png"
"99_角色產生器零件","RTP基本素材","99_角色產生器零件\RTP基本素材\Face\Female\FG_AccB_p09_c1_m016.png","144","144","Generator\Face\Female\FG_AccB_p09_c1_m016.png"
"99_角色產生器零件","RTP基本素材","99_角色產生器零件\RTP基本素材\Face\Female\FG_AccB_p10_c1_m017.png","144","144","Generator\Face\Female\FG_AccB_p10_c1_m017.png"
"99_角色產生器零件","RTP基本素材","99_角色產生器零件\RTP基本素材\Face\Female\FG_AccB_p10_c2_m016.png","144","144","Generator\Face\Female\FG_AccB_p10_c2_m016.png"
"99_角色產生器零件","RTP基本素材","99_角色產生器零件\RTP基本素材\Face\Female\FG_BeastEars_p01_c1_m006.png","144","144","Generator\Face\Female\FG_BeastEars_p01_c1_m006.png"
"99_角色產生器零件","RTP基本素材","99_角色產生器零件\RTP基本素材\Face\Female\FG_BeastEars_p02_c1_m006.png","144","144","Generator\Face\Female\FG_BeastEars_p02_c1_m006.png"
"99_角色產生器零件","RTP基本素材","99_角色產生器零件\RTP基本素材\Face\Female\FG_BeastEars_p03_c1_m006.png","144","144","Generator\Face\Female\FG_BeastEars_p03_c1_m006.png"
"99_角色產生器零件","RTP基本素材","99_角色產生器零件\RTP基本素材\Face\Female\FG_BeastEars_p04_c1_m006.png","144","144","Generator\Face\Female\FG_BeastEars_p04_c1_m006.png"
"99_角色產生器零件","RTP基本素材","99_角色產生器零件\RTP基本素材\Face\Female\FG_BeastEars_p05_c1_m006.png","144","144","Generator\Face\Female\FG_BeastEars_p05_c1_m006.png"
"99_角色產生器零件","RTP基本素材","99_角色產生器零件\RTP基本素材\Face\Female\FG_BeastEars_p06_c1_m006.png","144","144","Generator\Face\Female\FG_BeastEars_p06_c1_m006.png"
"99_角色產生器零件","RTP基本素材","99_角色產生器零件\RTP基本素材\Face\Female\FG_Body_p01_c1_m001.png","144","144","Generator\Face\Female\FG_Body_p01_c1_m001.png"
"99_角色產生器零件","RTP基本素材","99_角色產生器零件\RTP基本素材\Face\Female\FG_Cloak1_p01_c1_m011.png","144","144","Generator\Face\Female\FG_Cloak1_p01_c1_m011.png"
"99_角色產生器零件","RTP基本素材","99_角色產生器零件\RTP基本素材\Face\Female\FG_Cloak1_p02_c1_m011.png","144","144","Generator\Face\Female\FG_Cloak1_p02_c1_m011.png"
"99_角色產生器零件","RTP基本素材","99_角色產生器零件\RTP基本素材\Face\Female\FG_Cloak1_p03_c1_m011.png","144","144","Generator\Face\Female\FG_Cloak1_p03_c1_m011.png"
"99_角色產生器零件","RTP基本素材","99_角色產生器零件\RTP基本素材\Face\Female\FG_Cloak1_p04_c1_m011.png","144","144","Generator\Face\Female\FG_Cloak1_p04_c1_m011.png"
"99_角色產生器零件","RTP基本素材","99_角色產生器零件\RTP基本素材\Face\Female\FG_Cloak2_p01_c1_m011.png","144","144","Generator\Face\Female\FG_Cloak2_p01_c1_m011.png"
"99_角色產生器零件","RTP基本素材","99_角色產生器零件\RTP基本素材\Face\Female\FG_Cloak2_p02_c1_m011.png","144","144","Generator\Face\Female\FG_Cloak2_p02_c1_m011.png"
"99_角色產生器零件","RTP基本素材","99_角色產生器零件\RTP基本素材\Face\Female\FG_Clothing1_p05_c1_m008.png","144","144","Generator\Face\Female\FG_Clothing1_p05_c1_m008.png"
"99_角色產生器零件","RTP基本素材","99_角色產生器零件\RTP基本素材\Face\Female\FG_Clothing1_p05_c2_m007.png","144","144","Generator\Face\Female\FG_Clothing1_p05_c2_m007.png"
"99_角色產生器零件","RTP基本素材","99_角色產生器零件\RTP基本素材\Face\Female\FG_Clothing2_p01_c3_m008.png","144","144","Generator\Face\Female\FG_Clothing2_p01_c3_m008.png"
"99_角色產生器零件","RTP基本素材","99_角色產生器零件\RTP基本素材\Face\Female\FG_Clothing2_p01_c4.png","144","144","Generator\Face\Female\FG_Clothing2_p01_c4.png"
"99_角色產生器零件","RTP基本素材","99_角色產生器零件\RTP基本素材\Face\Female\FG_Clothing2_p01_c5_m007.png","144","144","Generator\Face\Female\FG_Clothing2_p01_c5_m007.png"
"99_角色產生器零件","RTP基本素材","99_角色產生器零件\RTP基本素材\Face\Female\FG_Clothing2_p02_c3.png","144","144","Generator\Face\Female\FG_Clothing2_p02_c3.png"
"99_角色產生器零件","RTP基本素材","99_角色產生器零件\RTP基本素材\Face\Female\FG_Clothing2_p02_c4_m007.png","144","144","Generator\Face\Female\FG_Clothing2_p02_c4_m007.png"
"99_角色產生器零件","RTP基本素材","99_角色產生器零件\RTP基本素材\Face\Female\FG_Clothing2_p02_c5.png","144","144","Generator\Face\Female\FG_Clothing2_p02_c5.png"
"99_角色產生器零件","RTP基本素材","99_角色產生器零件\RTP基本素材\Face\Female\FG_Clothing2_p03_c3_m009.png","144","144","Generator\Face\Female\FG_Clothing2_p03_c3_m009.png"
"99_角色產生器零件","RTP基本素材","99_角色產生器零件\RTP基本素材\Face\Female\FG_Clothing2_p03_c4_m007.png","144","144","Generator\Face\Female\FG_Clothing2_p03_c4_m007.png"
"99_角色產生器零件","RTP基本素材","99_角色產生器零件\RTP基本素材\Face\Female\FG_Clothing2_p03_c5.png","144","144","Generator\Face\Female\FG_Clothing2_p03_c5.png"
"99_角色產生器零件","RTP基本素材","99_角色產生器零件\RTP基本素材\Face\Female\FG_Clothing2_p03_c6_m008.png","144","144","Generator\Face\Female\FG_Clothing2_p03_c6_m008.png"
"99_角色產生器零件","RTP基本素材","99_角色產生器零件\RTP基本素材\Face\Female\FG_Clothing2_p04_c3_m009.png","144","144","Generator\Face\Female\FG_Clothing2_p04_c3_m009.png"
"99_角色產生器零件","RTP基本素材","99_角色產生器零件\RTP基本素材\Face\Female\FG_Clothing2_p04_c4_m008.png","144","144","Generator\Face\Female\FG_Clothing2_p04_c4_m008.png"
"99_角色產生器零件","RTP基本素材","99_角色產生器零件\RTP基本素材\Face\Female\FG_Clothing2_p04_c5_m007.png","144","144","Generator\Face\Female\FG_Clothing2_p04_c5_m007.png"
"99_角色產生器零件","RTP基本素材","99_角色產生器零件\RTP基本素材\Face\Female\FG_Clothing2_p04_c6.png","144","144","Generator\Face\Female\FG_Clothing2_p04_c6.png"
"99_角色產生器零件","RTP基本素材","99_角色產生器零件\RTP基本素材\Face\Female\FG_Clothing2_p05_c3_m009.png","144","144","Generator\Face\Female\FG_Clothing2_p05_c3_m009.png"
"99_角色產生器零件","RTP基本素材","99_角色產生器零件\RTP基本素材\Face\Female\FG_Clothing2_p05_c4.png","144","144","Generator\Face\Female\FG_Clothing2_p05_c4.png"
"99_角色產生器零件","RTP基本素材","99_角色產生器零件\RTP基本素材\Face\Female\FG_Clothing2_p05_c5.png","144","144","Generator\Face\Female\FG_Clothing2_p05_c5.png"
"99_角色產生器零件","RTP基本素材","99_角色產生器零件\RTP基本素材\Face\Female\FG_Clothing2_p06_c3.png","144","144","Generator\Face\Female\FG_Clothing2_p06_c3.png"
"99_角色產生器零件","RTP基本素材","99_角色產生器零件\RTP基本素材\Face\Female\FG_Clothing2_p06_c4_m007.png","144","144","Generator\Face\Female\FG_Clothing2_p06_c4_m007.png"
"99_角色產生器零件","RTP基本素材","99_角色產生器零件\RTP基本素材\Face\Female\FG_Clothing2_p06_c5.png","144","144","Generator\Face\Female\FG_Clothing2_p06_c5.png"
"99_角色產生器零件","RTP基本素材","99_角色產生器零件\RTP基本素材\Face\Female\FG_Clothing2_p07_c3.png","144","144","Generator\Face\Female\FG_Clothing2_p07_c3.png"
"99_角色產生器零件","RTP基本素材","99_角色產生器零件\RTP基本素材\Face\Female\FG_Clothing2_p07_c4_m009.png","144","144","Generator\Face\Female\FG_Clothing2_p07_c4_m009.png"
"99_角色產生器零件","RTP基本素材","99_角色產生器零件\RTP基本素材\Face\Female\FG_Clothing2_p07_c5_m007.png","144","144","Generator\Face\Female\FG_Clothing2_p07_c5_m007.png"
"99_角色產生器零件","RTP基本素材","99_角色產生器零件\RTP基本素材\Face\Female\FG_Clothing2_p07_c6_m008.png","144","144","Generator\Face\Female\FG_Clothing2_p07_c6_m008.png"
"99_角色產生器零件","RTP基本素材","99_角色產生器零件\RTP基本素材\Face\Female\FG_Clothing2_p08_c3_m007.png","144","144","Generator\Face\Female\FG_Clothing2_p08_c3_m007.png"
"99_角色產生器零件","RTP基本素材","99_角色產生器零件\RTP基本素材\Face\Female\FG_Clothing2_p08_c4_m008.png","144","144","Generator\Face\Female\FG_Clothing2_p08_c4_m008.png"
"99_角色產生器零件","RTP基本素材","99_角色產生器零件\RTP基本素材\Face\Female\FG_Clothing2_p08_c5_m009.png","144","144","Generator\Face\Female\FG_Clothing2_p08_c5_m009.png"
"99_角色產生器零件","RTP基本素材","99_角色產生器零件\RTP基本素材\Face\Female\FG_Clothing2_p08_c6.png","144","144","Generator\Face\Female\FG_Clothing2_p08_c6.png"
"99_角色產生器零件","RTP基本素材","99_角色產生器零件\RTP基本素材\Face\Female\FG_Clothing2_p09_c3_m007.png","144","144","Generator\Face\Female\FG_Clothing2_p09_c3_m007.png"
"99_角色產生器零件","RTP基本素材","99_角色產生器零件\RTP基本素材\Face\Female\FG_Clothing2_p09_c4.png","144","144","Generator\Face\Female\FG_Clothing2_p09_c4.png"
"99_角色產生器零件","RTP基本素材","99_角色產生器零件\RTP基本素材\Face\Female\FG_Clothing2_p10_c3_m009.png","144","144","Generator\Face\Female\FG_Clothing2_p10_c3_m009.png"
"99_角色產生器零件","RTP基本素材","99_角色產生器零件\RTP基本素材\Face\Female\FG_Clothing2_p10_c4_m008.png","144","144","Generator\Face\Female\FG_Clothing2_p10_c4_m008.png"
"99_角色產生器零件","RTP基本素材","99_角色產生器零件\RTP基本素材\Face\Female\FG_Clothing2_p10_c5_m007.png","144","144","Generator\Face\Female\FG_Clothing2_p10_c5_m007.png"
"99_角色產生器零件","RTP基本素材","99_角色產生器零件\RTP基本素材\Face\Female\FG_Clothing2_p11_c3_m007.png","144","144","Generator\Face\Female\FG_Clothing2_p11_c3_m007.png"
"99_角色產生器零件","RTP基本素材","99_角色產生器零件\RTP基本素材\Face\Female\FG_Clothing2_p12_c3_m007.png","144","144","Generator\Face\Female\FG_Clothing2_p12_c3_m007.png"
"99_角色產生器零件","RTP基本素材","99_角色產生器零件\RTP基本素材\Face\Female\FG_Clothing2_p13_c3_m007.png","144","144","Generator\Face\Female\FG_Clothing2_p13_c3_m007.png"
"99_角色產生器零件","RTP基本素材","99_角色產生器零件\RTP基本素材\Face\Female\FG_Clothing2_p13_c4_m008.png","144","144","Generator\Face\Female\FG_Clothing2_p13_c4_m008.png"
"99_角色產生器零件","RTP基本素材","99_角色產生器零件\RTP基本素材\Face\Female\FG_Clothing2_p16_c3_m009.png","144","144","Generator\Face\Female\FG_Clothing2_p16_c3_m009.png"
"99_角色產生器零件","RTP基本素材","99_角色產生器零件\RTP基本素材\Face\Female\FG_Clothing2_p16_c4_m007.png","144","144","Generator\Face\Female\FG_Clothing2_p16_c4_m007.png"
"99_角色產生器零件","RTP基本素材","99_角色產生器零件\RTP基本素材\Face\Female\FG_Clothing2_p16_c5_m008.png","144","144","Generator\Face\Female\FG_Clothing2_p16_c5_m008.png"
"99_角色產生器零件","RTP基本素材","99_角色產生器零件\RTP基本素材\Face\Female\FG_Clothing2_p17_c1_m008.png","144","144","Generator\Face\Female\FG_Clothing2_p17_c1_m008.png"
"99_角色產生器零件","RTP基本素材","99_角色產生器零件\RTP基本素材\Face\Female\FG_Clothing2_p17_c2_m007.png","144","144","Generator\Face\Female\FG_Clothing2_p17_c2_m007.png"
"99_角色產生器零件","RTP基本素材","99_角色產生器零件\RTP基本素材\Face\Female\FG_Clothing2_p19_c1_m008.png","144","144","Generator\Face\Female\FG_Clothing2_p19_c1_m008.png"
"99_角色產生器零件","RTP基本素材","99_角色產生器零件\RTP基本素材\Face\Female\FG_Clothing2_p19_c2_m007.png","144","144","Generator\Face\Female\FG_Clothing2_p19_c2_m007.png"
"99_角色產生器零件","RTP基本素材","99_角色產生器零件\RTP基本素材\Face\Female\FG_Clothing2_p20_c1_m009.png","144","144","Generator\Face\Female\FG_Clothing2_p20_c1_m009.png"
"99_角色產生器零件","RTP基本素材","99_角色產生器零件\RTP基本素材\Face\Female\FG_Clothing2_p20_c2_m007.png","144","144","Generator\Face\Female\FG_Clothing2_p20_c2_m007.png"
"99_角色產生器零件","RTP基本素材","99_角色產生器零件\RTP基本素材\Face\Female\FG_Clothing2_p21_c1_m009.png","144","144","Generator\Face\Female\FG_Clothing2_p21_c1_m009.png"
"99_角色產生器零件","RTP基本素材","99_角色產生器零件\RTP基本素材\Face\Female\FG_Clothing2_p21_c2_m007.png","144","144","Generator\Face\Female\FG_Clothing2_p21_c2_m007.png"
"99_角色產生器零件","RTP基本素材","99_角色產生器零件\RTP基本素材\Face\Female\FG_Clothing2_p22_c1_m008.png","144","144","Generator\Face\Female\FG_Clothing2_p22_c1_m008.png"
"99_角色產生器零件","RTP基本素材","99_角色產生器零件\RTP基本素材\Face\Female\FG_Clothing2_p22_c2_m007.png","144","144","Generator\Face\Female\FG_Clothing2_p22_c2_m007.png"
"99_角色產生器零件","RTP基本素材","99_角色產生器零件\RTP基本素材\Face\Female\FG_Clothing2_p23_c1_m007.png","144","144","Generator\Face\Female\FG_Clothing2_p23_c1_m007.png"
"99_角色產生器零件","RTP基本素材","99_角色產生器零件\RTP基本素材\Face\Female\FG_Clothing2_p24_c1_m007.png","144","144","Generator\Face\Female\FG_Clothing2_p24_c1_m007.png"
"99_角色產生器零件","RTP基本素材","99_角色產生器零件\RTP基本素材\Face\Female\FG_Clothing2_p25_c1_m007.png","144","144","Generator\Face\Female\FG_Clothing2_p25_c1_m007.png"
"99_角色產生器零件","RTP基本素材","99_角色產生器零件\RTP基本素材\Face\Female\FG_Clothing2_p26_c1_m009.png","144","144","Generator\Face\Female\FG_Clothing2_p26_c1_m009.png"
"99_角色產生器零件","RTP基本素材","99_角色產生器零件\RTP基本素材\Face\Female\FG_Clothing2_p26_c2_m008.png","144","144","Generator\Face\Female\FG_Clothing2_p26_c2_m008.png"
"99_角色產生器零件","RTP基本素材","99_角色產生器零件\RTP基本素材\Face\Female\FG_Clothing2_p26_c3_m007.png","144","144","Generator\Face\Female\FG_Clothing2_p26_c3_m007.png"
"99_角色產生器零件","RTP基本素材","99_角色產生器零件\RTP基本素材\Face\Female\FG_Ears_p01_c1_m001.png","144","144","Generator\Face\Female\FG_Ears_p01_c1_m001.png"
"99_角色產生器零件","RTP基本素材","99_角色產生器零件\RTP基本素材\Face\Female\FG_Ears_p02_c1_m001.png","144","144","Generator\Face\Female\FG_Ears_p02_c1_m001.png"
"99_角色產生器零件","RTP基本素材","99_角色產生器零件\RTP基本素材\Face\Female\FG_Eyebrows_p01_c1_m003.png","144","144","Generator\Face\Female\FG_Eyebrows_p01_c1_m003.png"
"99_角色產生器零件","RTP基本素材","99_角色產生器零件\RTP基本素材\Face\Female\FG_Eyebrows_p01_c2_m001.png","144","144","Generator\Face\Female\FG_Eyebrows_p01_c2_m001.png"
"99_角色產生器零件","RTP基本素材","99_角色產生器零件\RTP基本素材\Face\Female\FG_Eyebrows_p02_c1_m003.png","144","144","Generator\Face\Female\FG_Eyebrows_p02_c1_m003.png"
"99_角色產生器零件","RTP基本素材","99_角色產生器零件\RTP基本素材\Face\Female\FG_Eyebrows_p02_c2_m001.png","144","144","Generator\Face\Female\FG_Eyebrows_p02_c2_m001.png"
"99_角色產生器零件","RTP基本素材","99_角色產生器零件\RTP基本素材\Face\Female\FG_Eyebrows_p03_c1_m003.png","144","144","Generator\Face\Female\FG_Eyebrows_p03_c1_m003.png"
"99_角色產生器零件","RTP基本素材","99_角色產生器零件\RTP基本素材\Face\Female\FG_Eyebrows_p03_c2_m001.png","144","144","Generator\Face\Female\FG_Eyebrows_p03_c2_m001.png"
"99_角色產生器零件","RTP基本素材","99_角色產生器零件\RTP基本素材\Face\Female\FG_Eyebrows_p04_c1_m003.png","144","144","Generator\Face\Female\FG_Eyebrows_p04_c1_m003.png"
"99_角色產生器零件","RTP基本素材","99_角色產生器零件\RTP基本素材\Face\Female\FG_Eyebrows_p04_c2_m001.png","144","144","Generator\Face\Female\FG_Eyebrows_p04_c2_m001.png"
"99_角色產生器零件","RTP基本素材","99_角色產生器零件\RTP基本素材\Face\Female\FG_Eyebrows_p05_c1_m003.png","144","144","Generator\Face\Female\FG_Eyebrows_p05_c1_m003.png"
"99_角色產生器零件","RTP基本素材","99_角色產生器零件\RTP基本素材\Face\Female\FG_Eyebrows_p05_c2_m001.png","144","144","Generator\Face\Female\FG_Eyebrows_p05_c2_m001.png"
"99_角色產生器零件","RTP基本素材","99_角色產生器零件\RTP基本素材\Face\Female\FG_Eyebrows_p06_c1_m003.png","144","144","Generator\Face\Female\FG_Eyebrows_p06_c1_m003.png"
"99_角色產生器零件","RTP基本素材","99_角色產生器零件\RTP基本素材\Face\Female\FG_Eyebrows_p06_c2_m001.png","144","144","Generator\Face\Female\FG_Eyebrows_p06_c2_m001.png"
"99_角色產生器零件","RTP基本素材","99_角色產生器零件\RTP基本素材\Face\Female\FG_Eyebrows_p07_c1_m003.png","144","144","Generator\Face\Female\FG_Eyebrows_p07_c1_m003.png"
"99_角色產生器零件","RTP基本素材","99_角色產生器零件\RTP基本素材\Face\Female\FG_Eyebrows_p07_c2_m001.png","144","144","Generator\Face\Female\FG_Eyebrows_p07_c2_m001.png"
"99_角色產生器零件","RTP基本素材","99_角色產生器零件\RTP基本素材\Face\Female\FG_Eyebrows_p08_c1_m003.png","144","144","Generator\Face\Female\FG_Eyebrows_p08_c1_m003.png"
"99_角色產生器零件","RTP基本素材","99_角色產生器零件\RTP基本素材\Face\Female\FG_Eyebrows_p08_c2_m001.png","144","144","Generator\Face\Female\FG_Eyebrows_p08_c2_m001.png"
"99_角色產生器零件","RTP基本素材","99_角色產生器零件\RTP基本素材\Face\Female\FG_Eyebrows_p09_c1_m003.png","144","144","Generator\Face\Female\FG_Eyebrows_p09_c1_m003.png"
"99_角色產生器零件","RTP基本素材","99_角色產生器零件\RTP基本素材\Face\Female\FG_Eyebrows_p09_c2_m001.png","144","144","Generator\Face\Female\FG_Eyebrows_p09_c2_m001.png"
"99_角色產生器零件","RTP基本素材","99_角色產生器零件\RTP基本素材\Face\Female\FG_Eyebrows_p10_c1_m003.png","144","144","Generator\Face\Female\FG_Eyebrows_p10_c1_m003.png"
"99_角色產生器零件","RTP基本素材","99_角色產生器零件\RTP基本素材\Face\Female\FG_Eyebrows_p10_c2_m001.png","144","144","Generator\Face\Female\FG_Eyebrows_p10_c2_m001.png"
"99_角色產生器零件","RTP基本素材","99_角色產生器零件\RTP基本素材\Face\Female\FG_Eyes_p01_c1_m002.png","144","144","Generator\Face\Female\FG_Eyes_p01_c1_m002.png"
"99_角色產生器零件","RTP基本素材","99_角色產生器零件\RTP基本素材\Face\Female\FG_Eyes_p01_c2.png","144","144","Generator\Face\Female\FG_Eyes_p01_c2.png"
"99_角色產生器零件","RTP基本素材","99_角色產生器零件\RTP基本素材\Face\Female\FG_Eyes_p02_c1_m002.png","144","144","Generator\Face\Female\FG_Eyes_p02_c1_m002.png"
"99_角色產生器零件","RTP基本素材","99_角色產生器零件\RTP基本素材\Face\Female\FG_Eyes_p02_c2.png","144","144","Generator\Face\Female\FG_Eyes_p02_c2.png"
"99_角色產生器零件","RTP基本素材","99_角色產生器零件\RTP基本素材\Face\Female\FG_Eyes_p03_c1_m002.png","144","144","Generator\Face\Female\FG_Eyes_p03_c1_m002.png"
"99_角色產生器零件","RTP基本素材","99_角色產生器零件\RTP基本素材\Face\Female\FG_Eyes_p03_c2.png","144","144","Generator\Face\Female\FG_Eyes_p03_c2.png"
"99_角色產生器零件","RTP基本素材","99_角色產生器零件\RTP基本素材\Face\Female\FG_Eyes_p04_c1_m002.png","144","144","Generator\Face\Female\FG_Eyes_p04_c1_m002.png"
"99_角色產生器零件","RTP基本素材","99_角色產生器零件\RTP基本素材\Face\Female\FG_Eyes_p04_c2.png","144","144","Generator\Face\Female\FG_Eyes_p04_c2.png"
"99_角色產生器零件","RTP基本素材","99_角色產生器零件\RTP基本素材\Face\Female\FG_Eyes_p05_c1_m002.png","144","144","Generator\Face\Female\FG_Eyes_p05_c1_m002.png"
"99_角色產生器零件","RTP基本素材","99_角色產生器零件\RTP基本素材\Face\Female\FG_Eyes_p05_c2.png","144","144","Generator\Face\Female\FG_Eyes_p05_c2.png"
"99_角色產生器零件","RTP基本素材","99_角色產生器零件\RTP基本素材\Face\Female\FG_Eyes_p06_c1_m002.png","144","144","Generator\Face\Female\FG_Eyes_p06_c1_m002.png"
"99_角色產生器零件","RTP基本素材","99_角色產生器零件\RTP基本素材\Face\Female\FG_Eyes_p06_c2.png","144","144","Generator\Face\Female\FG_Eyes_p06_c2.png"
"99_角色產生器零件","RTP基本素材","99_角色產生器零件\RTP基本素材\Face\Female\FG_Eyes_p07_c1_m002.png","144","144","Generator\Face\Female\FG_Eyes_p07_c1_m002.png"
"99_角色產生器零件","RTP基本素材","99_角色產生器零件\RTP基本素材\Face\Female\FG_Eyes_p07_c2.png","144","144","Generator\Face\Female\FG_Eyes_p07_c2.png"
"99_角色產生器零件","RTP基本素材","99_角色產生器零件\RTP基本素材\Face\Female\FG_Eyes_p08_c1_m002.png","144","144","Generator\Face\Female\FG_Eyes_p08_c1_m002.png"
"99_角色產生器零件","RTP基本素材","99_角色產生器零件\RTP基本素材\Face\Female\FG_Eyes_p08_c2.png","144","144","Generator\Face\Female\FG_Eyes_p08_c2.png"
"99_角色產生器零件","RTP基本素材","99_角色產生器零件\RTP基本素材\Face\Female\FG_Eyes_p09_c1_m002.png","144","144","Generator\Face\Female\FG_Eyes_p09_c1_m002.png"
"99_角色產生器零件","RTP基本素材","99_角色產生器零件\RTP基本素材\Face\Female\FG_Eyes_p09_c2.png","144","144","Generator\Face\Female\FG_Eyes_p09_c2.png"
"99_角色產生器零件","RTP基本素材","99_角色產生器零件\RTP基本素材\Face\Female\FG_Eyes_p10_c1_m002.png","144","144","Generator\Face\Female\FG_Eyes_p10_c1_m002.png"
"99_角色產生器零件","RTP基本素材","99_角色產生器零件\RTP基本素材\Face\Female\FG_Eyes_p10_c2.png","144","144","Generator\Face\Female\FG_Eyes_p10_c2.png"
"99_角色產生器零件","RTP基本素材","99_角色產生器零件\RTP基本素材\Face\Female\FG_Eyes_p11_c1_m002.png","144","144","Generator\Face\Female\FG_Eyes_p11_c1_m002.png"
"99_角色產生器零件","RTP基本素材","99_角色產生器零件\RTP基本素材\Face\Female\FG_Eyes_p11_c2.png","144","144","Generator\Face\Female\FG_Eyes_p11_c2.png"
"99_角色產生器零件","RTP基本素材","99_角色產生器零件\RTP基本素材\Face\Female\FG_Eyes_p12_c2.png","144","144","Generator\Face\Female\FG_Eyes_p12_c2.png"
"99_角色產生器零件","RTP基本素材","99_角色產生器零件\RTP基本素材\Face\Female\FG_Eyes_p13_c1_m002.png","144","144","Generator\Face\Female\FG_Eyes_p13_c1_m002.png"
"99_角色產生器零件","RTP基本素材","99_角色產生器零件\RTP基本素材\Face\Female\FG_Eyes_p13_c2.png","144","144","Generator\Face\Female\FG_Eyes_p13_c2.png"
"99_角色產生器零件","RTP基本素材","99_角色產生器零件\RTP基本素材\Face\Female\FG_Eyes_p14_c1_m002.png","144","144","Generator\Face\Female\FG_Eyes_p14_c1_m002.png"
"99_角色產生器零件","RTP基本素材","99_角色產生器零件\RTP基本素材\Face\Female\FG_Eyes_p14_c2.png","144","144","Generator\Face\Female\FG_Eyes_p14_c2.png"
"99_角色產生器零件","RTP基本素材","99_角色產生器零件\RTP基本素材\Face\Female\FG_Eyes_p15_c1_m002.png","144","144","Generator\Face\Female\FG_Eyes_p15_c1_m002.png"
"99_角色產生器零件","RTP基本素材","99_角色產生器零件\RTP基本素材\Face\Female\FG_Eyes_p15_c2.png","144","144","Generator\Face\Female\FG_Eyes_p15_c2.png"
"99_角色產生器零件","RTP基本素材","99_角色產生器零件\RTP基本素材\Face\Female\FG_Eyes_p16_c1_m002.png","144","144","Generator\Face\Female\FG_Eyes_p16_c1_m002.png"
"99_角色產生器零件","RTP基本素材","99_角色產生器零件\RTP基本素材\Face\Female\FG_Eyes_p16_c2.png","144","144","Generator\Face\Female\FG_Eyes_p16_c2.png"
"99_角色產生器零件","RTP基本素材","99_角色產生器零件\RTP基本素材\Face\Female\FG_Eyes_p17_c2.png","144","144","Generator\Face\Female\FG_Eyes_p17_c2.png"
"99_角色產生器零件","RTP基本素材","99_角色產生器零件\RTP基本素材\Face\Female\FG_Eyes_p18_c2.png","144","144","Generator\Face\Female\FG_Eyes_p18_c2.png"
"99_角色產生器零件","RTP基本素材","99_角色產生器零件\RTP基本素材\Face\Female\FG_Eyes_p19_c1_m002.png","144","144","Generator\Face\Female\FG_Eyes_p19_c1_m002.png"
"99_角色產生器零件","RTP基本素材","99_角色產生器零件\RTP基本素材\Face\Female\FG_Eyes_p19_c2.png","144","144","Generator\Face\Female\FG_Eyes_p19_c2.png"
"99_角色產生器零件","RTP基本素材","99_角色產生器零件\RTP基本素材\Face\Female\FG_Eyes_p20_c1_m002.png","144","144","Generator\Face\Female\FG_Eyes_p20_c1_m002.png"
"99_角色產生器零件","RTP基本素材","99_角色產生器零件\RTP基本素材\Face\Female\FG_Eyes_p20_c2.png","144","144","Generator\Face\Female\FG_Eyes_p20_c2.png"
"99_角色產生器零件","RTP基本素材","99_角色產生器零件\RTP基本素材\Face\Female\FG_Face_p01_c1_m001.png","144","144","Generator\Face\Female\FG_Face_p01_c1_m001.png"
"99_角色產生器零件","RTP基本素材","99_角色產生器零件\RTP基本素材\Face\Female\FG_Face_p02_c1_m001.png","144","144","Generator\Face\Female\FG_Face_p02_c1_m001.png"
"99_角色產生器零件","RTP基本素材","99_角色產生器零件\RTP基本素材\Face\Female\FG_Face_p03_c1_m001.png","144","144","Generator\Face\Female\FG_Face_p03_c1_m001.png"
"99_角色產生器零件","RTP基本素材","99_角色產生器零件\RTP基本素材\Face\Female\FG_Face_p04_c1_m001.png","144","144","Generator\Face\Female\FG_Face_p04_c1_m001.png"
"99_角色產生器零件","RTP基本素材","99_角色產生器零件\RTP基本素材\Face\Female\FG_Face_p05_c1_m001.png","144","144","Generator\Face\Female\FG_Face_p05_c1_m001.png"
"99_角色產生器零件","RTP基本素材","99_角色產生器零件\RTP基本素材\Face\Female\FG_Face_p06_c1_m001.png","144","144","Generator\Face\Female\FG_Face_p06_c1_m001.png"
"99_角色產生器零件","RTP基本素材","99_角色產生器零件\RTP基本素材\Face\Female\FG_Face_p07_c1_m001.png","144","144","Generator\Face\Female\FG_Face_p07_c1_m001.png"
"99_角色產生器零件","RTP基本素材","99_角色產生器零件\RTP基本素材\Face\Female\FG_FacialMark_p01_c1.png","144","144","Generator\Face\Female\FG_FacialMark_p01_c1.png"
"99_角色產生器零件","RTP基本素材","99_角色產生器零件\RTP基本素材\Face\Female\FG_FacialMark_p02_c1.png","144","144","Generator\Face\Female\FG_FacialMark_p02_c1.png"
"99_角色產生器零件","RTP基本素材","99_角色產生器零件\RTP基本素材\Face\Female\FG_FacialMark_p03_c1_m005.png","144","144","Generator\Face\Female\FG_FacialMark_p03_c1_m005.png"
"99_角色產生器零件","RTP基本素材","99_角色產生器零件\RTP基本素材\Face\Female\FG_FacialMark_p04_c1_m005.png","144","144","Generator\Face\Female\FG_FacialMark_p04_c1_m005.png"
"99_角色產生器零件","RTP基本素材","99_角色產生器零件\RTP基本素材\Face\Female\FG_FacialMark_p05_c1_m005.png","144","144","Generator\Face\Female\FG_FacialMark_p05_c1_m005.png"
"99_角色產生器零件","RTP基本素材","99_角色產生器零件\RTP基本素材\Face\Female\FG_FacialMark_p06_c1_m005.png","144","144","Generator\Face\Female\FG_FacialMark_p06_c1_m005.png"
"99_角色產生器零件","RTP基本素材","99_角色產生器零件\RTP基本素材\Face\Female\FG_FacialMark_p07_c1_m005.png","144","144","Generator\Face\Female\FG_FacialMark_p07_c1_m005.png"
"99_角色產生器零件","RTP基本素材","99_角色產生器零件\RTP基本素材\Face\Female\FG_FrontHair_p01_c1_m003.png","144","144","Generator\Face\Female\FG_FrontHair_p01_c1_m003.png"
"99_角色產生器零件","RTP基本素材","99_角色產生器零件\RTP基本素材\Face\Female\FG_FrontHair_p02_c1_m003.png","144","144","Generator\Face\Female\FG_FrontHair_p02_c1_m003.png"
"99_角色產生器零件","RTP基本素材","99_角色產生器零件\RTP基本素材\Face\Female\FG_FrontHair_p03_c1_m003.png","144","144","Generator\Face\Female\FG_FrontHair_p03_c1_m003.png"
"99_角色產生器零件","RTP基本素材","99_角色產生器零件\RTP基本素材\Face\Female\FG_FrontHair_p04_c1_m003.png","144","144","Generator\Face\Female\FG_FrontHair_p04_c1_m003.png"
"99_角色產生器零件","RTP基本素材","99_角色產生器零件\RTP基本素材\Face\Female\FG_FrontHair_p05_c1_m003.png","144","144","Generator\Face\Female\FG_FrontHair_p05_c1_m003.png"
"99_角色產生器零件","RTP基本素材","99_角色產生器零件\RTP基本素材\Face\Female\FG_FrontHair_p06_c1_m003.png","144","144","Generator\Face\Female\FG_FrontHair_p06_c1_m003.png"
"99_角色產生器零件","RTP基本素材","99_角色產生器零件\RTP基本素材\Face\Female\FG_FrontHair_p07_c1_m003.png","144","144","Generator\Face\Female\FG_FrontHair_p07_c1_m003.png"
"99_角色產生器零件","RTP基本素材","99_角色產生器零件\RTP基本素材\Face\Female\FG_FrontHair_p08_c1_m003.png","144","144","Generator\Face\Female\FG_FrontHair_p08_c1_m003.png"
"99_角色產生器零件","RTP基本素材","99_角色產生器零件\RTP基本素材\Face\Female\FG_FrontHair_p09_c1_m003.png","144","144","Generator\Face\Female\FG_FrontHair_p09_c1_m003.png"
"99_角色產生器零件","RTP基本素材","99_角色產生器零件\RTP基本素材\Face\Female\FG_FrontHair_p10_c1_m003.png","144","144","Generator\Face\Female\FG_FrontHair_p10_c1_m003.png"
"99_角色產生器零件","RTP基本素材","99_角色產生器零件\RTP基本素材\Face\Female\FG_FrontHair_p11_c1_m003.png","144","144","Generator\Face\Female\FG_FrontHair_p11_c1_m003.png"
"99_角色產生器零件","RTP基本素材","99_角色產生器零件\RTP基本素材\Face\Female\FG_FrontHair_p12_c1_m003.png","144","144","Generator\Face\Female\FG_FrontHair_p12_c1_m003.png"
"99_角色產生器零件","RTP基本素材","99_角色產生器零件\RTP基本素材\Face\Female\FG_FrontHair_p13_c1_m003.png","144","144","Generator\Face\Female\FG_FrontHair_p13_c1_m003.png"
"99_角色產生器零件","RTP基本素材","99_角色產生器零件\RTP基本素材\Face\Female\FG_FrontHair_p14_c1_m003.png","144","144","Generator\Face\Female\FG_FrontHair_p14_c1_m003.png"
"99_角色產生器零件","RTP基本素材","99_角色產生器零件\RTP基本素材\Face\Female\FG_FrontHair_p15_c1_m003.png","144","144","Generator\Face\Female\FG_FrontHair_p15_c1_m003.png"
"99_角色產生器零件","RTP基本素材","99_角色產生器零件\RTP基本素材\Face\Female\FG_Glasses_p01_c1_m020.png","144","144","Generator\Face\Female\FG_Glasses_p01_c1_m020.png"
"99_角色產生器零件","RTP基本素材","99_角色產生器零件\RTP基本素材\Face\Female\FG_Glasses_p02_c1_m020.png","144","144","Generator\Face\Female\FG_Glasses_p02_c1_m020.png"
"99_角色產生器零件","RTP基本素材","99_角色產生器零件\RTP基本素材\Face\Female\FG_Glasses_p03_c1_m020.png","144","144","Generator\Face\Female\FG_Glasses_p03_c1_m020.png"
"99_角色產生器零件","RTP基本素材","99_角色產生器零件\RTP基本素材\Face\Female\FG_Glasses_p04_c1_m020.png","144","144","Generator\Face\Female\FG_Glasses_p04_c1_m020.png"
"99_角色產生器零件","RTP基本素材","99_角色產生器零件\RTP基本素材\Face\Female\FG_Glasses_p05_c1_m020.png","144","144","Generator\Face\Female\FG_Glasses_p05_c1_m020.png"
"99_角色產生器零件","RTP基本素材","99_角色產生器零件\RTP基本素材\Face\Female\FG_Glasses_p06_c1_m020.png","144","144","Generator\Face\Female\FG_Glasses_p06_c1_m020.png"
"99_角色產生器零件","RTP基本素材","99_角色產生器零件\RTP基本素材\Face\Female\FG_Mouth_p01_c1_m001.png","144","144","Generator\Face\Female\FG_Mouth_p01_c1_m001.png"
"99_角色產生器零件","RTP基本素材","99_角色產生器零件\RTP基本素材\Face\Female\FG_Mouth_p02_c1_m001.png","144","144","Generator\Face\Female\FG_Mouth_p02_c1_m001.png"
"99_角色產生器零件","RTP基本素材","99_角色產生器零件\RTP基本素材\Face\Female\FG_Mouth_p03_c1_m001.png","144","144","Generator\Face\Female\FG_Mouth_p03_c1_m001.png"
"99_角色產生器零件","RTP基本素材","99_角色產生器零件\RTP基本素材\Face\Female\FG_Mouth_p03_c2.png","144","144","Generator\Face\Female\FG_Mouth_p03_c2.png"
"99_角色產生器零件","RTP基本素材","99_角色產生器零件\RTP基本素材\Face\Female\FG_Mouth_p03_c3.png","144","144","Generator\Face\Female\FG_Mouth_p03_c3.png"
"99_角色產生器零件","RTP基本素材","99_角色產生器零件\RTP基本素材\Face\Female\FG_Mouth_p04_c1_m001.png","144","144","Generator\Face\Female\FG_Mouth_p04_c1_m001.png"
"99_角色產生器零件","RTP基本素材","99_角色產生器零件\RTP基本素材\Face\Female\FG_Mouth_p04_c2.png","144","144","Generator\Face\Female\FG_Mouth_p04_c2.png"
"99_角色產生器零件","RTP基本素材","99_角色產生器零件\RTP基本素材\Face\Female\FG_Mouth_p04_c3.png","144","144","Generator\Face\Female\FG_Mouth_p04_c3.png"
"99_角色產生器零件","RTP基本素材","99_角色產生器零件\RTP基本素材\Face\Female\FG_Mouth_p05_c1_m001.png","144","144","Generator\Face\Female\FG_Mouth_p05_c1_m001.png"
"99_角色產生器零件","RTP基本素材","99_角色產生器零件\RTP基本素材\Face\Female\FG_Mouth_p06_c1_m001.png","144","144","Generator\Face\Female\FG_Mouth_p06_c1_m001.png"
"99_角色產生器零件","RTP基本素材","99_角色產生器零件\RTP基本素材\Face\Female\FG_Mouth_p06_c2.png","144","144","Generator\Face\Female\FG_Mouth_p06_c2.png"
"99_角色產生器零件","RTP基本素材","99_角色產生器零件\RTP基本素材\Face\Female\FG_Mouth_p06_c3.png","144","144","Generator\Face\Female\FG_Mouth_p06_c3.png"
"99_角色產生器零件","RTP基本素材","99_角色產生器零件\RTP基本素材\Face\Female\FG_Mouth_p07_c1_m001.png","144","144","Generator\Face\Female\FG_Mouth_p07_c1_m001.png"
"99_角色產生器零件","RTP基本素材","99_角色產生器零件\RTP基本素材\Face\Female\FG_Mouth_p07_c2.png","144","144","Generator\Face\Female\FG_Mouth_p07_c2.png"
"99_角色產生器零件","RTP基本素材","99_角色產生器零件\RTP基本素材\Face\Female\FG_Mouth_p08_c1_m001.png","144","144","Generator\Face\Female\FG_Mouth_p08_c1_m001.png"
"99_角色產生器零件","RTP基本素材","99_角色產生器零件\RTP基本素材\Face\Female\FG_Mouth_p09_c1_m001.png","144","144","Generator\Face\Female\FG_Mouth_p09_c1_m001.png"
"99_角色產生器零件","RTP基本素材","99_角色產生器零件\RTP基本素材\Face\Female\FG_Mouth_p10_c1_m001.png","144","144","Generator\Face\Female\FG_Mouth_p10_c1_m001.png"
"99_角色產生器零件","RTP基本素材","99_角色產生器零件\RTP基本素材\Face\Female\FG_Mouth_p10_c2.png","144","144","Generator\Face\Female\FG_Mouth_p10_c2.png"
"99_角色產生器零件","RTP基本素材","99_角色產生器零件\RTP基本素材\Face\Female\FG_Mouth_p10_c3.png","144","144","Generator\Face\Female\FG_Mouth_p10_c3.png"
"99_角色產生器零件","RTP基本素材","99_角色產生器零件\RTP基本素材\Face\Female\FG_Mouth_p11_c1_m001.png","144","144","Generator\Face\Female\FG_Mouth_p11_c1_m001.png"
"99_角色產生器零件","RTP基本素材","99_角色產生器零件\RTP基本素材\Face\Female\FG_Mouth_p12_c1_m001.png","144","144","Generator\Face\Female\FG_Mouth_p12_c1_m001.png"
"99_角色產生器零件","RTP基本素材","99_角色產生器零件\RTP基本素材\Face\Female\FG_Mouth_p13_c1_m001.png","144","144","Generator\Face\Female\FG_Mouth_p13_c1_m001.png"
"99_角色產生器零件","RTP基本素材","99_角色產生器零件\RTP基本素材\Face\Female\FG_Nose_p01_c1_m001.png","144","144","Generator\Face\Female\FG_Nose_p01_c1_m001.png"
"99_角色產生器零件","RTP基本素材","99_角色產生器零件\RTP基本素材\Face\Female\FG_Nose_p02_c1_m001.png","144","144","Generator\Face\Female\FG_Nose_p02_c1_m001.png"
"99_角色產生器零件","RTP基本素材","99_角色產生器零件\RTP基本素材\Face\Female\FG_Nose_p03_c1_m001.png","144","144","Generator\Face\Female\FG_Nose_p03_c1_m001.png"
"99_角色產生器零件","RTP基本素材","99_角色產生器零件\RTP基本素材\Face\Female\FG_Nose_p04_c1_m001.png","144","144","Generator\Face\Female\FG_Nose_p04_c1_m001.png"
"99_角色產生器零件","RTP基本素材","99_角色產生器零件\RTP基本素材\Face\Female\FG_Nose_p05_c1_m001.png","144","144","Generator\Face\Female\FG_Nose_p05_c1_m001.png"
"99_角色產生器零件","RTP基本素材","99_角色產生器零件\RTP基本素材\Face\Female\FG_Nose_p06_c1_m001.png","144","144","Generator\Face\Female\FG_Nose_p06_c1_m001.png"
"99_角色產生器零件","RTP基本素材","99_角色產生器零件\RTP基本素材\Face\Female\FG_Nose_p07_c1_m001.png","144","144","Generator\Face\Female\FG_Nose_p07_c1_m001.png"
"99_角色產生器零件","RTP基本素材","99_角色產生器零件\RTP基本素材\Face\Female\FG_Nose_p08_c1_m001.png","144","144","Generator\Face\Female\FG_Nose_p08_c1_m001.png"
"99_角色產生器零件","RTP基本素材","99_角色產生器零件\RTP基本素材\Face\Female\FG_Nose_p09_c1_m001.png","144","144","Generator\Face\Female\FG_Nose_p09_c1_m001.png"
"99_角色產生器零件","RTP基本素材","99_角色產生器零件\RTP基本素材\Face\Female\FG_Nose_p10_c1_m001.png","144","144","Generator\Face\Female\FG_Nose_p10_c1_m001.png"
"99_角色產生器零件","RTP基本素材","99_角色產生器零件\RTP基本素材\Face\Female\FG_Nose_p11_c1_m001.png","144","144","Generator\Face\Female\FG_Nose_p11_c1_m001.png"
"99_角色產生器零件","RTP基本素材","99_角色產生器零件\RTP基本素材\Face\Female\FG_Nose_p12_c1_m001.png","144","144","Generator\Face\Female\FG_Nose_p12_c1_m001.png"
"99_角色產生器零件","RTP基本素材","99_角色產生器零件\RTP基本素材\Face\Female\FG_Nose_p13_c1_m001.png","144","144","Generator\Face\Female\FG_Nose_p13_c1_m001.png"
"99_角色產生器零件","RTP基本素材","99_角色產生器零件\RTP基本素材\Face\Female\FG_RearHair1_p01_c1_m003.png","144","144","Generator\Face\Female\FG_RearHair1_p01_c1_m003.png"
"99_角色產生器零件","RTP基本素材","99_角色產生器零件\RTP基本素材\Face\Female\FG_RearHair1_p02_c1_m003.png","144","144","Generator\Face\Female\FG_RearHair1_p02_c1_m003.png"
"99_角色產生器零件","RTP基本素材","99_角色產生器零件\RTP基本素材\Face\Female\FG_RearHair1_p03_c1_m003.png","144","144","Generator\Face\Female\FG_RearHair1_p03_c1_m003.png"
"99_角色產生器零件","RTP基本素材","99_角色產生器零件\RTP基本素材\Face\Female\FG_RearHair1_p04_c1_m003.png","144","144","Generator\Face\Female\FG_RearHair1_p04_c1_m003.png"
"99_角色產生器零件","RTP基本素材","99_角色產生器零件\RTP基本素材\Face\Female\FG_RearHair1_p05_c1_m003.png","144","144","Generator\Face\Female\FG_RearHair1_p05_c1_m003.png"
"99_角色產生器零件","RTP基本素材","99_角色產生器零件\RTP基本素材\Face\Female\FG_RearHair1_p06_c1_m003.png","144","144","Generator\Face\Female\FG_RearHair1_p06_c1_m003.png"
"99_角色產生器零件","RTP基本素材","99_角色產生器零件\RTP基本素材\Face\Female\FG_RearHair1_p07_c1_m003.png","144","144","Generator\Face\Female\FG_RearHair1_p07_c1_m003.png"
"99_角色產生器零件","RTP基本素材","99_角色產生器零件\RTP基本素材\Face\Female\FG_RearHair1_p08_c1_m003.png","144","144","Generator\Face\Female\FG_RearHair1_p08_c1_m003.png"
"99_角色產生器零件","RTP基本素材","99_角色產生器零件\RTP基本素材\Face\Female\FG_RearHair1_p09_c1_m003.png","144","144","Generator\Face\Female\FG_RearHair1_p09_c1_m003.png"
"99_角色產生器零件","RTP基本素材","99_角色產生器零件\RTP基本素材\Face\Female\FG_RearHair1_p10_c1_m003.png","144","144","Generator\Face\Female\FG_RearHair1_p10_c1_m003.png"
"99_角色產生器零件","RTP基本素材","99_角色產生器零件\RTP基本素材\Face\Female\FG_RearHair1_p11_c1_m003.png","144","144","Generator\Face\Female\FG_RearHair1_p11_c1_m003.png"
"99_角色產生器零件","RTP基本素材","99_角色產生器零件\RTP基本素材\Face\Female\FG_RearHair1_p12_c1_m003.png","144","144","Generator\Face\Female\FG_RearHair1_p12_c1_m003.png"
"99_角色產生器零件","RTP基本素材","99_角色產生器零件\RTP基本素材\Face\Female\FG_RearHair1_p13_c1_m003.png","144","144","Generator\Face\Female\FG_RearHair1_p13_c1_m003.png"
"99_角色產生器零件","RTP基本素材","99_角色產生器零件\RTP基本素材\Face\Female\FG_RearHair1_p14_c1_m003.png","144","144","Generator\Face\Female\FG_RearHair1_p14_c1_m003.png"
"99_角色產生器零件","RTP基本素材","99_角色產生器零件\RTP基本素材\Face\Female\FG_RearHair1_p15_c1_m003.png","144","144","Generator\Face\Female\FG_RearHair1_p15_c1_m003.png"
"99_角色產生器零件","RTP基本素材","99_角色產生器零件\RTP基本素材\Face\Female\FG_RearHair1_p15_c2_m004.png","144","144","Generator\Face\Female\FG_RearHair1_p15_c2_m004.png"
"99_角色產生器零件","RTP基本素材","99_角色產生器零件\RTP基本素材\Face\Female\FG_RearHair1_p16_c1_m003.png","144","144","Generator\Face\Female\FG_RearHair1_p16_c1_m003.png"
"99_角色產生器零件","RTP基本素材","99_角色產生器零件\RTP基本素材\Face\Female\FG_RearHair1_p17_c1_m003.png","144","144","Generator\Face\Female\FG_RearHair1_p17_c1_m003.png"
"99_角色產生器零件","RTP基本素材","99_角色產生器零件\RTP基本素材\Face\Female\FG_RearHair1_p18_c1_m004.png","144","144","Generator\Face\Female\FG_RearHair1_p18_c1_m004.png"
"99_角色產生器零件","RTP基本素材","99_角色產生器零件\RTP基本素材\Face\Female\FG_RearHair1_p18_c2.png","144","144","Generator\Face\Female\FG_RearHair1_p18_c2.png"
"99_角色產生器零件","RTP基本素材","99_角色產生器零件\RTP基本素材\Face\Female\FG_RearHair1_p18_c3_m003.png","144","144","Generator\Face\Female\FG_RearHair1_p18_c3_m003.png"
"99_角色產生器零件","RTP基本素材","99_角色產生器零件\RTP基本素材\Face\Female\FG_RearHair1_p19_c1_m004.png","144","144","Generator\Face\Female\FG_RearHair1_p19_c1_m004.png"
"99_角色產生器零件","RTP基本素材","99_角色產生器零件\RTP基本素材\Face\Female\FG_RearHair1_p19_c2_m003.png","144","144","Generator\Face\Female\FG_RearHair1_p19_c2_m003.png"
"99_角色產生器零件","RTP基本素材","99_角色產生器零件\RTP基本素材\Face\Female\FG_RearHair1_p20_c1_m003.png","144","144","Generator\Face\Female\FG_RearHair1_p20_c1_m003.png"
"99_角色產生器零件","RTP基本素材","99_角色產生器零件\RTP基本素材\Face\Female\FG_RearHair2_p01_c1_m003.png","144","144","Generator\Face\Female\FG_RearHair2_p01_c1_m003.png"
"99_角色產生器零件","RTP基本素材","99_角色產生器零件\RTP基本素材\Face\Female\FG_RearHair2_p02_c1_m003.png","144","144","Generator\Face\Female\FG_RearHair2_p02_c1_m003.png"
"99_角色產生器零件","RTP基本素材","99_角色產生器零件\RTP基本素材\Face\Female\FG_RearHair2_p03_c1_m003.png","144","144","Generator\Face\Female\FG_RearHair2_p03_c1_m003.png"
"99_角色產生器零件","RTP基本素材","99_角色產生器零件\RTP基本素材\Face\Female\FG_RearHair2_p04_c1_m003.png","144","144","Generator\Face\Female\FG_RearHair2_p04_c1_m003.png"
"99_角色產生器零件","RTP基本素材","99_角色產生器零件\RTP基本素材\Face\Female\FG_RearHair2_p05_c1_m003.png","144","144","Generator\Face\Female\FG_RearHair2_p05_c1_m003.png"
"99_角色產生器零件","RTP基本素材","99_角色產生器零件\RTP基本素材\Face\Female\FG_RearHair2_p06_c1_m003.png","144","144","Generator\Face\Female\FG_RearHair2_p06_c1_m003.png"
"99_角色產生器零件","RTP基本素材","99_角色產生器零件\RTP基本素材\Face\Female\FG_RearHair2_p07_c1_m003.png","144","144","Generator\Face\Female\FG_RearHair2_p07_c1_m003.png"
"99_角色產生器零件","RTP基本素材","99_角色產生器零件\RTP基本素材\Face\Female\FG_RearHair2_p08_c1_m003.png","144","144","Generator\Face\Female\FG_RearHair2_p08_c1_m003.png"
"99_角色產生器零件","RTP基本素材","99_角色產生器零件\RTP基本素材\Face\Female\FG_RearHair2_p09_c1_m003.png","144","144","Generator\Face\Female\FG_RearHair2_p09_c1_m003.png"
"99_角色產生器零件","RTP基本素材","99_角色產生器零件\RTP基本素材\Face\Female\FG_RearHair2_p18_c1_m004.png","144","144","Generator\Face\Female\FG_RearHair2_p18_c1_m004.png"
"99_角色產生器零件","RTP基本素材","99_角色產生器零件\RTP基本素材\Face\Female\FG_RearHair2_p18_c2.png","144","144","Generator\Face\Female\FG_RearHair2_p18_c2.png"
"99_角色產生器零件","RTP基本素材","99_角色產生器零件\RTP基本素材\Face\Female\FG_RearHair2_p18_c3_m003.png","144","144","Generator\Face\Female\FG_RearHair2_p18_c3_m003.png"
"99_角色產生器零件","RTP基本素材","99_角色產生器零件\RTP基本素材\Face\Female\FG_RearHair2_p19_c1_m003.png","144","144","Generator\Face\Female\FG_RearHair2_p19_c1_m003.png"
"99_角色產生器零件","RTP基本素材","99_角色產生器零件\RTP基本素材\Face\Female\FG_RearHair2_p20_c1_m003.png","144","144","Generator\Face\Female\FG_RearHair2_p20_c1_m003.png"
"99_角色產生器零件","RTP基本素材","99_角色產生器零件\RTP基本素材\Face\Kid\FG_Body_p01_c1_m001.png","144","144","Generator\Face\Kid\FG_Body_p01_c1_m001.png"
"99_角色產生器零件","RTP基本素材","99_角色產生器零件\RTP基本素材\Face\Kid\FG_Clothing2_p00_c3_m008.png","144","144","Generator\Face\Kid\FG_Clothing2_p00_c3_m008.png"
"99_角色產生器零件","RTP基本素材","99_角色產生器零件\RTP基本素材\Face\Kid\FG_Clothing2_p00_c4_m007.png","144","144","Generator\Face\Kid\FG_Clothing2_p00_c4_m007.png"
"99_角色產生器零件","RTP基本素材","99_角色產生器零件\RTP基本素材\Face\Kid\FG_Clothing2_p00_c5_m009.png","144","144","Generator\Face\Kid\FG_Clothing2_p00_c5_m009.png"
"99_角色產生器零件","RTP基本素材","99_角色產生器零件\RTP基本素材\Face\Kid\FG_Ears_p00_c1_m001.png","144","144","Generator\Face\Kid\FG_Ears_p00_c1_m001.png"
"99_角色產生器零件","RTP基本素材","99_角色產生器零件\RTP基本素材\Face\Kid\FG_Eyebrows_p00_c1_m003.png","144","144","Generator\Face\Kid\FG_Eyebrows_p00_c1_m003.png"
"99_角色產生器零件","RTP基本素材","99_角色產生器零件\RTP基本素材\Face\Kid\FG_Eyes_p00_c1_m002.png","144","144","Generator\Face\Kid\FG_Eyes_p00_c1_m002.png"
"99_角色產生器零件","RTP基本素材","99_角色產生器零件\RTP基本素材\Face\Kid\FG_Eyes_p00_c2.png","144","144","Generator\Face\Kid\FG_Eyes_p00_c2.png"
"99_角色產生器零件","RTP基本素材","99_角色產生器零件\RTP基本素材\Face\Kid\FG_Face_p01_c1_m001.png","144","144","Generator\Face\Kid\FG_Face_p01_c1_m001.png"
"99_角色產生器零件","RTP基本素材","99_角色產生器零件\RTP基本素材\Face\Kid\FG_FrontHair_p00_c1_m003.png","144","144","Generator\Face\Kid\FG_FrontHair_p00_c1_m003.png"
"99_角色產生器零件","RTP基本素材","99_角色產生器零件\RTP基本素材\Face\Kid\FG_Mouth_p00_c1_m001.png","144","144","Generator\Face\Kid\FG_Mouth_p00_c1_m001.png"
"99_角色產生器零件","RTP基本素材","99_角色產生器零件\RTP基本素材\Face\Kid\FG_Nose_p00_c1_m001.png","144","144","Generator\Face\Kid\FG_Nose_p00_c1_m001.png"
"99_角色產生器零件","RTP基本素材","99_角色產生器零件\RTP基本素材\Face\Kid\FG_RearHair1_p00_c1_m003.png","144","144","Generator\Face\Kid\FG_RearHair1_p00_c1_m003.png"
"99_角色產生器零件","RTP基本素材","99_角色產生器零件\RTP基本素材\Face\Kid\FG_RearHair2_p00_c1_m003.png","144","144","Generator\Face\Kid\FG_RearHair2_p00_c1_m003.png"
"99_角色產生器零件","RTP基本素材","99_角色產生器零件\RTP基本素材\Face\Male\FG_AccA_p01_c1_m013.png","144","144","Generator\Face\Male\FG_AccA_p01_c1_m013.png"
"99_角色產生器零件","RTP基本素材","99_角色產生器零件\RTP基本素材\Face\Male\FG_AccA_p02_c1_m013.png","144","144","Generator\Face\Male\FG_AccA_p02_c1_m013.png"
"99_角色產生器零件","RTP基本素材","99_角色產生器零件\RTP基本素材\Face\Male\FG_AccA_p03_c1_m013.png","144","144","Generator\Face\Male\FG_AccA_p03_c1_m013.png"
"99_角色產生器零件","RTP基本素材","99_角色產生器零件\RTP基本素材\Face\Male\FG_AccA_p04_c1_m013.png","144","144","Generator\Face\Male\FG_AccA_p04_c1_m013.png"
"99_角色產生器零件","RTP基本素材","99_角色產生器零件\RTP基本素材\Face\Male\FG_AccA_p05_c1_m013.png","144","144","Generator\Face\Male\FG_AccA_p05_c1_m013.png"
"99_角色產生器零件","RTP基本素材","99_角色產生器零件\RTP基本素材\Face\Male\FG_AccA_p06_c1_m015.png","144","144","Generator\Face\Male\FG_AccA_p06_c1_m015.png"
"99_角色產生器零件","RTP基本素材","99_角色產生器零件\RTP基本素材\Face\Male\FG_AccA_p06_c2_m014.png","144","144","Generator\Face\Male\FG_AccA_p06_c2_m014.png"
"99_角色產生器零件","RTP基本素材","99_角色產生器零件\RTP基本素材\Face\Male\FG_AccA_p06_c3_m013.png","144","144","Generator\Face\Male\FG_AccA_p06_c3_m013.png"
"99_角色產生器零件","RTP基本素材","99_角色產生器零件\RTP基本素材\Face\Male\FG_AccB_p01_c1_m017.png","144","144","Generator\Face\Male\FG_AccB_p01_c1_m017.png"
"99_角色產生器零件","RTP基本素材","99_角色產生器零件\RTP基本素材\Face\Male\FG_AccB_p01_c2.png","144","144","Generator\Face\Male\FG_AccB_p01_c2.png"
"99_角色產生器零件","RTP基本素材","99_角色產生器零件\RTP基本素材\Face\Male\FG_AccB_p01_c3_m016.png","144","144","Generator\Face\Male\FG_AccB_p01_c3_m016.png"
"99_角色產生器零件","RTP基本素材","99_角色產生器零件\RTP基本素材\Face\Male\FG_AccB_p02_c1_m016.png","144","144","Generator\Face\Male\FG_AccB_p02_c1_m016.png"
"99_角色產生器零件","RTP基本素材","99_角色產生器零件\RTP基本素材\Face\Male\FG_AccB_p02_c2_m017.png","144","144","Generator\Face\Male\FG_AccB_p02_c2_m017.png"
"99_角色產生器零件","RTP基本素材","99_角色產生器零件\RTP基本素材\Face\Male\FG_AccB_p03_c1_m017.png","144","144","Generator\Face\Male\FG_AccB_p03_c1_m017.png"
"99_角色產生器零件","RTP基本素材","99_角色產生器零件\RTP基本素材\Face\Male\FG_AccB_p03_c2_m017.png","144","144","Generator\Face\Male\FG_AccB_p03_c2_m017.png"
"99_角色產生器零件","RTP基本素材","99_角色產生器零件\RTP基本素材\Face\Male\FG_AccB_p03_c3_m016.png","144","144","Generator\Face\Male\FG_AccB_p03_c3_m016.png"
"99_角色產生器零件","RTP基本素材","99_角色產生器零件\RTP基本素材\Face\Male\FG_AccB_p04_c1.png","144","144","Generator\Face\Male\FG_AccB_p04_c1.png"
"99_角色產生器零件","RTP基本素材","99_角色產生器零件\RTP基本素材\Face\Male\FG_AccB_p04_c2_m018.png","144","144","Generator\Face\Male\FG_AccB_p04_c2_m018.png"
"99_角色產生器零件","RTP基本素材","99_角色產生器零件\RTP基本素材\Face\Male\FG_AccB_p04_c3_m017.png","144","144","Generator\Face\Male\FG_AccB_p04_c3_m017.png"
"99_角色產生器零件","RTP基本素材","99_角色產生器零件\RTP基本素材\Face\Male\FG_AccB_p04_c4_m016.png","144","144","Generator\Face\Male\FG_AccB_p04_c4_m016.png"
"99_角色產生器零件","RTP基本素材","99_角色產生器零件\RTP基本素材\Face\Male\FG_AccB_p05_c1_m016.png","144","144","Generator\Face\Male\FG_AccB_p05_c1_m016.png"
"99_角色產生器零件","RTP基本素材","99_角色產生器零件\RTP基本素材\Face\Male\FG_AccB_p05_c2_m017.png","144","144","Generator\Face\Male\FG_AccB_p05_c2_m017.png"
"99_角色產生器零件","RTP基本素材","99_角色產生器零件\RTP基本素材\Face\Male\FG_Beard_p01_c1_m003.png","144","144","Generator\Face\Male\FG_Beard_p01_c1_m003.png"
"99_角色產生器零件","RTP基本素材","99_角色產生器零件\RTP基本素材\Face\Male\FG_Beard_p02_c1_m003.png","144","144","Generator\Face\Male\FG_Beard_p02_c1_m003.png"
"99_角色產生器零件","RTP基本素材","99_角色產生器零件\RTP基本素材\Face\Male\FG_Beard_p03_c1_m003.png","144","144","Generator\Face\Male\FG_Beard_p03_c1_m003.png"
"99_角色產生器零件","RTP基本素材","99_角色產生器零件\RTP基本素材\Face\Male\FG_Beard_p04_c1_m003.png","144","144","Generator\Face\Male\FG_Beard_p04_c1_m003.png"
"99_角色產生器零件","RTP基本素材","99_角色產生器零件\RTP基本素材\Face\Male\FG_Beard_p05_c1_m003.png","144","144","Generator\Face\Male\FG_Beard_p05_c1_m003.png"
"99_角色產生器零件","RTP基本素材","99_角色產生器零件\RTP基本素材\Face\Male\FG_Beard_p06_c1_m003.png","144","144","Generator\Face\Male\FG_Beard_p06_c1_m003.png"
"99_角色產生器零件","RTP基本素材","99_角色產生器零件\RTP基本素材\Face\Male\FG_Beard_p07_c1_m003.png","144","144","Generator\Face\Male\FG_Beard_p07_c1_m003.png"
"99_角色產生器零件","RTP基本素材","99_角色產生器零件\RTP基本素材\Face\Male\FG_Beard_p08_c1_m003.png","144","144","Generator\Face\Male\FG_Beard_p08_c1_m003.png"
"99_角色產生器零件","RTP基本素材","99_角色產生器零件\RTP基本素材\Face\Male\FG_Beard_p09_c1_m003.png","144","144","Generator\Face\Male\FG_Beard_p09_c1_m003.png"
"99_角色產生器零件","RTP基本素材","99_角色產生器零件\RTP基本素材\Face\Male\FG_Beard_p10_c1_m003.png","144","144","Generator\Face\Male\FG_Beard_p10_c1_m003.png"
"99_角色產生器零件","RTP基本素材","99_角色產生器零件\RTP基本素材\Face\Male\FG_Beard_p11_c1_m003.png","144","144","Generator\Face\Male\FG_Beard_p11_c1_m003.png"
"99_角色產生器零件","RTP基本素材","99_角色產生器零件\RTP基本素材\Face\Male\FG_Body_p01_c1_m001.png","144","144","Generator\Face\Male\FG_Body_p01_c1_m001.png"
"99_角色產生器零件","RTP基本素材","99_角色產生器零件\RTP基本素材\Face\Male\FG_Clothing1_p05_c1_m008.png","144","144","Generator\Face\Male\FG_Clothing1_p05_c1_m008.png"
"99_角色產生器零件","RTP基本素材","99_角色產生器零件\RTP基本素材\Face\Male\FG_Clothing1_p05_c2_m007.png","144","144","Generator\Face\Male\FG_Clothing1_p05_c2_m007.png"
"99_角色產生器零件","RTP基本素材","99_角色產生器零件\RTP基本素材\Face\Male\FG_Clothing2_p01_c3_m007.png","144","144","Generator\Face\Male\FG_Clothing2_p01_c3_m007.png"
"99_角色產生器零件","RTP基本素材","99_角色產生器零件\RTP基本素材\Face\Male\FG_Clothing2_p01_c4_m009.png","144","144","Generator\Face\Male\FG_Clothing2_p01_c4_m009.png"
"99_角色產生器零件","RTP基本素材","99_角色產生器零件\RTP基本素材\Face\Male\FG_Clothing2_p01_c5_m008.png","144","144","Generator\Face\Male\FG_Clothing2_p01_c5_m008.png"
"99_角色產生器零件","RTP基本素材","99_角色產生器零件\RTP基本素材\Face\Male\FG_Clothing2_p01_c6_m009.png","144","144","Generator\Face\Male\FG_Clothing2_p01_c6_m009.png"
"99_角色產生器零件","RTP基本素材","99_角色產生器零件\RTP基本素材\Face\Male\FG_Clothing2_p02_c3_m007.png","144","144","Generator\Face\Male\FG_Clothing2_p02_c3_m007.png"
"99_角色產生器零件","RTP基本素材","99_角色產生器零件\RTP基本素材\Face\Male\FG_Clothing2_p02_c4.png","144","144","Generator\Face\Male\FG_Clothing2_p02_c4.png"
"99_角色產生器零件","RTP基本素材","99_角色產生器零件\RTP基本素材\Face\Male\FG_Clothing2_p03_c3_m010.png","144","144","Generator\Face\Male\FG_Clothing2_p03_c3_m010.png"
"99_角色產生器零件","RTP基本素材","99_角色產生器零件\RTP基本素材\Face\Male\FG_Clothing2_p03_c4.png","144","144","Generator\Face\Male\FG_Clothing2_p03_c4.png"
"99_角色產生器零件","RTP基本素材","99_角色產生器零件\RTP基本素材\Face\Male\FG_Clothing2_p03_c5_m008.png","144","144","Generator\Face\Male\FG_Clothing2_p03_c5_m008.png"
"99_角色產生器零件","RTP基本素材","99_角色產生器零件\RTP基本素材\Face\Male\FG_Clothing2_p03_c6_m007.png","144","144","Generator\Face\Male\FG_Clothing2_p03_c6_m007.png"
"99_角色產生器零件","RTP基本素材","99_角色產生器零件\RTP基本素材\Face\Male\FG_Clothing2_p04_c3_m008.png","144","144","Generator\Face\Male\FG_Clothing2_p04_c3_m008.png"
"99_角色產生器零件","RTP基本素材","99_角色產生器零件\RTP基本素材\Face\Male\FG_Clothing2_p04_c4.png","144","144","Generator\Face\Male\FG_Clothing2_p04_c4.png"
"99_角色產生器零件","RTP基本素材","99_角色產生器零件\RTP基本素材\Face\Male\FG_Clothing2_p05_c3_m009.png","144","144","Generator\Face\Male\FG_Clothing2_p05_c3_m009.png"
"99_角色產生器零件","RTP基本素材","99_角色產生器零件\RTP基本素材\Face\Male\FG_Clothing2_p05_c4.png","144","144","Generator\Face\Male\FG_Clothing2_p05_c4.png"
"99_角色產生器零件","RTP基本素材","99_角色產生器零件\RTP基本素材\Face\Male\FG_Clothing2_p06_c3.png","144","144","Generator\Face\Male\FG_Clothing2_p06_c3.png"
"99_角色產生器零件","RTP基本素材","99_角色產生器零件\RTP基本素材\Face\Male\FG_Clothing2_p06_c4.png","144","144","Generator\Face\Male\FG_Clothing2_p06_c4.png"
"99_角色產生器零件","RTP基本素材","99_角色產生器零件\RTP基本素材\Face\Male\FG_Clothing2_p07_c3_m009.png","144","144","Generator\Face\Male\FG_Clothing2_p07_c3_m009.png"
"99_角色產生器零件","RTP基本素材","99_角色產生器零件\RTP基本素材\Face\Male\FG_Clothing2_p07_c4.png","144","144","Generator\Face\Male\FG_Clothing2_p07_c4.png"
"99_角色產生器零件","RTP基本素材","99_角色產生器零件\RTP基本素材\Face\Male\FG_Clothing2_p07_c5_m007.png","144","144","Generator\Face\Male\FG_Clothing2_p07_c5_m007.png"
"99_角色產生器零件","RTP基本素材","99_角色產生器零件\RTP基本素材\Face\Male\FG_Clothing2_p07_c6_m008.png","144","144","Generator\Face\Male\FG_Clothing2_p07_c6_m008.png"
"99_角色產生器零件","RTP基本素材","99_角色產生器零件\RTP基本素材\Face\Male\FG_Clothing2_p08_c3.png","144","144","Generator\Face\Male\FG_Clothing2_p08_c3.png"
"99_角色產生器零件","RTP基本素材","99_角色產生器零件\RTP基本素材\Face\Male\FG_Clothing2_p08_c4_m007.png","144","144","Generator\Face\Male\FG_Clothing2_p08_c4_m007.png"
"99_角色產生器零件","RTP基本素材","99_角色產生器零件\RTP基本素材\Face\Male\FG_Clothing2_p08_c5_m008.png","144","144","Generator\Face\Male\FG_Clothing2_p08_c5_m008.png"
"99_角色產生器零件","RTP基本素材","99_角色產生器零件\RTP基本素材\Face\Male\FG_Clothing2_p08_c6.png","144","144","Generator\Face\Male\FG_Clothing2_p08_c6.png"
"99_角色產生器零件","RTP基本素材","99_角色產生器零件\RTP基本素材\Face\Male\FG_Clothing2_p09_c3_m008.png","144","144","Generator\Face\Male\FG_Clothing2_p09_c3_m008.png"
"99_角色產生器零件","RTP基本素材","99_角色產生器零件\RTP基本素材\Face\Male\FG_Clothing2_p09_c4_m007.png","144","144","Generator\Face\Male\FG_Clothing2_p09_c4_m007.png"
"99_角色產生器零件","RTP基本素材","99_角色產生器零件\RTP基本素材\Face\Male\FG_Clothing2_p09_c5.png","144","144","Generator\Face\Male\FG_Clothing2_p09_c5.png"
"99_角色產生器零件","RTP基本素材","99_角色產生器零件\RTP基本素材\Face\Male\FG_Clothing2_p10_c3_m007.png","144","144","Generator\Face\Male\FG_Clothing2_p10_c3_m007.png"
"99_角色產生器零件","RTP基本素材","99_角色產生器零件\RTP基本素材\Face\Male\FG_Clothing2_p10_c4_m008.png","144","144","Generator\Face\Male\FG_Clothing2_p10_c4_m008.png"
"99_角色產生器零件","RTP基本素材","99_角色產生器零件\RTP基本素材\Face\Male\FG_Clothing2_p11_c3_m010.png","144","144","Generator\Face\Male\FG_Clothing2_p11_c3_m010.png"
"99_角色產生器零件","RTP基本素材","99_角色產生器零件\RTP基本素材\Face\Male\FG_Clothing2_p11_c4_m007.png","144","144","Generator\Face\Male\FG_Clothing2_p11_c4_m007.png"
"99_角色產生器零件","RTP基本素材","99_角色產生器零件\RTP基本素材\Face\Male\FG_Clothing2_p11_c5_m008.png","144","144","Generator\Face\Male\FG_Clothing2_p11_c5_m008.png"
"99_角色產生器零件","RTP基本素材","99_角色產生器零件\RTP基本素材\Face\Male\FG_Clothing2_p12_c3_m008.png","144","144","Generator\Face\Male\FG_Clothing2_p12_c3_m008.png"
"99_角色產生器零件","RTP基本素材","99_角色產生器零件\RTP基本素材\Face\Male\FG_Clothing2_p12_c4_m007.png","144","144","Generator\Face\Male\FG_Clothing2_p12_c4_m007.png"
"99_角色產生器零件","RTP基本素材","99_角色產生器零件\RTP基本素材\Face\Male\FG_Clothing2_p16_c3_m008.png","144","144","Generator\Face\Male\FG_Clothing2_p16_c3_m008.png"
"99_角色產生器零件","RTP基本素材","99_角色產生器零件\RTP基本素材\Face\Male\FG_Clothing2_p16_c4_m007.png","144","144","Generator\Face\Male\FG_Clothing2_p16_c4_m007.png"
"99_角色產生器零件","RTP基本素材","99_角色產生器零件\RTP基本素材\Face\Male\FG_Clothing2_p18_c3_m008.png","144","144","Generator\Face\Male\FG_Clothing2_p18_c3_m008.png"
"99_角色產生器零件","RTP基本素材","99_角色產生器零件\RTP基本素材\Face\Male\FG_Clothing2_p18_c4_m007.png","144","144","Generator\Face\Male\FG_Clothing2_p18_c4_m007.png"
"99_角色產生器零件","RTP基本素材","99_角色產生器零件\RTP基本素材\Face\Male\FG_Clothing2_p18_c5_m009.png","144","144","Generator\Face\Male\FG_Clothing2_p18_c5_m009.png"
"99_角色產生器零件","RTP基本素材","99_角色產生器零件\RTP基本素材\Face\Male\FG_Clothing2_p19_c3_m007.png","144","144","Generator\Face\Male\FG_Clothing2_p19_c3_m007.png"
"99_角色產生器零件","RTP基本素材","99_角色產生器零件\RTP基本素材\Face\Male\FG_Clothing2_p19_c4_m008.png","144","144","Generator\Face\Male\FG_Clothing2_p19_c4_m008.png"
"99_角色產生器零件","RTP基本素材","99_角色產生器零件\RTP基本素材\Face\Male\FG_Clothing2_p22_c3_m008.png","144","144","Generator\Face\Male\FG_Clothing2_p22_c3_m008.png"
"99_角色產生器零件","RTP基本素材","99_角色產生器零件\RTP基本素材\Face\Male\FG_Clothing2_p22_c4_m007.png","144","144","Generator\Face\Male\FG_Clothing2_p22_c4_m007.png"
"99_角色產生器零件","RTP基本素材","99_角色產生器零件\RTP基本素材\Face\Male\FG_Clothing2_p23_c3_m009.png","144","144","Generator\Face\Male\FG_Clothing2_p23_c3_m009.png"
"99_角色產生器零件","RTP基本素材","99_角色產生器零件\RTP基本素材\Face\Male\FG_Clothing2_p23_c3_m010.png","144","144","Generator\Face\Male\FG_Clothing2_p23_c3_m010.png"
"99_角色產生器零件","RTP基本素材","99_角色產生器零件\RTP基本素材\Face\Male\FG_Clothing2_p23_c4_m007.png","144","144","Generator\Face\Male\FG_Clothing2_p23_c4_m007.png"
"99_角色產生器零件","RTP基本素材","99_角色產生器零件\RTP基本素材\Face\Male\FG_Ears_p01_c1_m001.png","144","144","Generator\Face\Male\FG_Ears_p01_c1_m001.png"
"99_角色產生器零件","RTP基本素材","99_角色產生器零件\RTP基本素材\Face\Male\FG_Ears_p02_c1_m001.png","144","144","Generator\Face\Male\FG_Ears_p02_c1_m001.png"
"99_角色產生器零件","RTP基本素材","99_角色產生器零件\RTP基本素材\Face\Male\FG_Eyebrows_p01_c1_m003.png","144","144","Generator\Face\Male\FG_Eyebrows_p01_c1_m003.png"
"99_角色產生器零件","RTP基本素材","99_角色產生器零件\RTP基本素材\Face\Male\FG_Eyebrows_p01_c2_m001.png","144","144","Generator\Face\Male\FG_Eyebrows_p01_c2_m001.png"
"99_角色產生器零件","RTP基本素材","99_角色產生器零件\RTP基本素材\Face\Male\FG_Eyebrows_p02_c1_m003.png","144","144","Generator\Face\Male\FG_Eyebrows_p02_c1_m003.png"
"99_角色產生器零件","RTP基本素材","99_角色產生器零件\RTP基本素材\Face\Male\FG_Eyebrows_p02_c2_m001.png","144","144","Generator\Face\Male\FG_Eyebrows_p02_c2_m001.png"
"99_角色產生器零件","RTP基本素材","99_角色產生器零件\RTP基本素材\Face\Male\FG_Eyebrows_p03_c1_m003.png","144","144","Generator\Face\Male\FG_Eyebrows_p03_c1_m003.png"
"99_角色產生器零件","RTP基本素材","99_角色產生器零件\RTP基本素材\Face\Male\FG_Eyebrows_p03_c2_m001.png","144","144","Generator\Face\Male\FG_Eyebrows_p03_c2_m001.png"
"99_角色產生器零件","RTP基本素材","99_角色產生器零件\RTP基本素材\Face\Male\FG_Eyebrows_p04_c1_m003.png","144","144","Generator\Face\Male\FG_Eyebrows_p04_c1_m003.png"
"99_角色產生器零件","RTP基本素材","99_角色產生器零件\RTP基本素材\Face\Male\FG_Eyebrows_p04_c2_m001.png","144","144","Generator\Face\Male\FG_Eyebrows_p04_c2_m001.png"
"99_角色產生器零件","RTP基本素材","99_角色產生器零件\RTP基本素材\Face\Male\FG_Eyebrows_p05_c1_m003.png","144","144","Generator\Face\Male\FG_Eyebrows_p05_c1_m003.png"
"99_角色產生器零件","RTP基本素材","99_角色產生器零件\RTP基本素材\Face\Male\FG_Eyebrows_p05_c2_m001.png","144","144","Generator\Face\Male\FG_Eyebrows_p05_c2_m001.png"
"99_角色產生器零件","RTP基本素材","99_角色產生器零件\RTP基本素材\Face\Male\FG_Eyebrows_p06_c1_m003.png","144","144","Generator\Face\Male\FG_Eyebrows_p06_c1_m003.png"
"99_角色產生器零件","RTP基本素材","99_角色產生器零件\RTP基本素材\Face\Male\FG_Eyebrows_p06_c2_m001.png","144","144","Generator\Face\Male\FG_Eyebrows_p06_c2_m001.png"
"99_角色產生器零件","RTP基本素材","99_角色產生器零件\RTP基本素材\Face\Male\FG_Eyebrows_p07_c1_m003.png","144","144","Generator\Face\Male\FG_Eyebrows_p07_c1_m003.png"
"99_角色產生器零件","RTP基本素材","99_角色產生器零件\RTP基本素材\Face\Male\FG_Eyebrows_p07_c2_m001.png","144","144","Generator\Face\Male\FG_Eyebrows_p07_c2_m001.png"
"99_角色產生器零件","RTP基本素材","99_角色產生器零件\RTP基本素材\Face\Male\FG_Eyebrows_p08_c1_m003.png","144","144","Generator\Face\Male\FG_Eyebrows_p08_c1_m003.png"
"99_角色產生器零件","RTP基本素材","99_角色產生器零件\RTP基本素材\Face\Male\FG_Eyebrows_p08_c2_m001.png","144","144","Generator\Face\Male\FG_Eyebrows_p08_c2_m001.png"
"99_角色產生器零件","RTP基本素材","99_角色產生器零件\RTP基本素材\Face\Male\FG_Eyebrows_p09_c1_m003.png","144","144","Generator\Face\Male\FG_Eyebrows_p09_c1_m003.png"
"99_角色產生器零件","RTP基本素材","99_角色產生器零件\RTP基本素材\Face\Male\FG_Eyebrows_p09_c2_m001.png","144","144","Generator\Face\Male\FG_Eyebrows_p09_c2_m001.png"
"99_角色產生器零件","RTP基本素材","99_角色產生器零件\RTP基本素材\Face\Male\FG_Eyebrows_p10_c1_m003.png","144","144","Generator\Face\Male\FG_Eyebrows_p10_c1_m003.png"
"99_角色產生器零件","RTP基本素材","99_角色產生器零件\RTP基本素材\Face\Male\FG_Eyebrows_p10_c2_m001.png","144","144","Generator\Face\Male\FG_Eyebrows_p10_c2_m001.png"
"99_角色產生器零件","RTP基本素材","99_角色產生器零件\RTP基本素材\Face\Male\FG_Eyebrows_p11_c1_m003.png","144","144","Generator\Face\Male\FG_Eyebrows_p11_c1_m003.png"
"99_角色產生器零件","RTP基本素材","99_角色產生器零件\RTP基本素材\Face\Male\FG_Eyebrows_p11_c2_m001.png","144","144","Generator\Face\Male\FG_Eyebrows_p11_c2_m001.png"
"99_角色產生器零件","RTP基本素材","99_角色產生器零件\RTP基本素材\Face\Male\FG_Eyebrows_p12_c1_m003.png","144","144","Generator\Face\Male\FG_Eyebrows_p12_c1_m003.png"
"99_角色產生器零件","RTP基本素材","99_角色產生器零件\RTP基本素材\Face\Male\FG_Eyebrows_p12_c2_m001.png","144","144","Generator\Face\Male\FG_Eyebrows_p12_c2_m001.png"
"99_角色產生器零件","RTP基本素材","99_角色產生器零件\RTP基本素材\Face\Male\FG_Eyebrows_p13_c1_m003.png","144","144","Generator\Face\Male\FG_Eyebrows_p13_c1_m003.png"
"99_角色產生器零件","RTP基本素材","99_角色產生器零件\RTP基本素材\Face\Male\FG_Eyebrows_p13_c2_m001.png","144","144","Generator\Face\Male\FG_Eyebrows_p13_c2_m001.png"
"99_角色產生器零件","RTP基本素材","99_角色產生器零件\RTP基本素材\Face\Male\FG_Eyebrows_p14_c1_m003.png","144","144","Generator\Face\Male\FG_Eyebrows_p14_c1_m003.png"
"99_角色產生器零件","RTP基本素材","99_角色產生器零件\RTP基本素材\Face\Male\FG_Eyebrows_p14_c2_m001.png","144","144","Generator\Face\Male\FG_Eyebrows_p14_c2_m001.png"
"99_角色產生器零件","RTP基本素材","99_角色產生器零件\RTP基本素材\Face\Male\FG_Eyebrows_p15_c1_m003.png","144","144","Generator\Face\Male\FG_Eyebrows_p15_c1_m003.png"
"99_角色產生器零件","RTP基本素材","99_角色產生器零件\RTP基本素材\Face\Male\FG_Eyebrows_p15_c2_m001.png","144","144","Generator\Face\Male\FG_Eyebrows_p15_c2_m001.png"
"99_角色產生器零件","RTP基本素材","99_角色產生器零件\RTP基本素材\Face\Male\FG_Eyebrows_p16_c1_m003.png","144","144","Generator\Face\Male\FG_Eyebrows_p16_c1_m003.png"
"99_角色產生器零件","RTP基本素材","99_角色產生器零件\RTP基本素材\Face\Male\FG_Eyebrows_p16_c2_m001.png","144","144","Generator\Face\Male\FG_Eyebrows_p16_c2_m001.png"
"99_角色產生器零件","RTP基本素材","99_角色產生器零件\RTP基本素材\Face\Male\FG_Eyebrows_p17_c1_m003.png","144","144","Generator\Face\Male\FG_Eyebrows_p17_c1_m003.png"
"99_角色產生器零件","RTP基本素材","99_角色產生器零件\RTP基本素材\Face\Male\FG_Eyebrows_p17_c2_m001.png","144","144","Generator\Face\Male\FG_Eyebrows_p17_c2_m001.png"
"99_角色產生器零件","RTP基本素材","99_角色產生器零件\RTP基本素材\Face\Male\FG_Eyebrows_p18_c1_m003.png","144","144","Generator\Face\Male\FG_Eyebrows_p18_c1_m003.png"
"99_角色產生器零件","RTP基本素材","99_角色產生器零件\RTP基本素材\Face\Male\FG_Eyebrows_p18_c2_m001.png","144","144","Generator\Face\Male\FG_Eyebrows_p18_c2_m001.png"
"99_角色產生器零件","RTP基本素材","99_角色產生器零件\RTP基本素材\Face\Male\FG_Eyebrows_p19_c1_m003.png","144","144","Generator\Face\Male\FG_Eyebrows_p19_c1_m003.png"
"99_角色產生器零件","RTP基本素材","99_角色產生器零件\RTP基本素材\Face\Male\FG_Eyebrows_p19_c2_m001.png","144","144","Generator\Face\Male\FG_Eyebrows_p19_c2_m001.png"
"99_角色產生器零件","RTP基本素材","99_角色產生器零件\RTP基本素材\Face\Male\FG_Eyes_p01_c1_m002.png","144","144","Generator\Face\Male\FG_Eyes_p01_c1_m002.png"
"99_角色產生器零件","RTP基本素材","99_角色產生器零件\RTP基本素材\Face\Male\FG_Eyes_p01_c2.png","144","144","Generator\Face\Male\FG_Eyes_p01_c2.png"
"99_角色產生器零件","RTP基本素材","99_角色產生器零件\RTP基本素材\Face\Male\FG_Eyes_p02_c1_m002.png","144","144","Generator\Face\Male\FG_Eyes_p02_c1_m002.png"
"99_角色產生器零件","RTP基本素材","99_角色產生器零件\RTP基本素材\Face\Male\FG_Eyes_p02_c2.png","144","144","Generator\Face\Male\FG_Eyes_p02_c2.png"
"99_角色產生器零件","RTP基本素材","99_角色產生器零件\RTP基本素材\Face\Male\FG_Eyes_p03_c1_m002.png","144","144","Generator\Face\Male\FG_Eyes_p03_c1_m002.png"
"99_角色產生器零件","RTP基本素材","99_角色產生器零件\RTP基本素材\Face\Male\FG_Eyes_p03_c2.png","144","144","Generator\Face\Male\FG_Eyes_p03_c2.png"
"99_角色產生器零件","RTP基本素材","99_角色產生器零件\RTP基本素材\Face\Male\FG_Eyes_p04_c1_m002.png","144","144","Generator\Face\Male\FG_Eyes_p04_c1_m002.png"
"99_角色產生器零件","RTP基本素材","99_角色產生器零件\RTP基本素材\Face\Male\FG_Eyes_p04_c2.png","144","144","Generator\Face\Male\FG_Eyes_p04_c2.png"
"99_角色產生器零件","RTP基本素材","99_角色產生器零件\RTP基本素材\Face\Male\FG_Eyes_p05_c1_m002.png","144","144","Generator\Face\Male\FG_Eyes_p05_c1_m002.png"
"99_角色產生器零件","RTP基本素材","99_角色產生器零件\RTP基本素材\Face\Male\FG_Eyes_p05_c2.png","144","144","Generator\Face\Male\FG_Eyes_p05_c2.png"
"99_角色產生器零件","RTP基本素材","99_角色產生器零件\RTP基本素材\Face\Male\FG_Eyes_p06_c1_m002.png","144","144","Generator\Face\Male\FG_Eyes_p06_c1_m002.png"
"99_角色產生器零件","RTP基本素材","99_角色產生器零件\RTP基本素材\Face\Male\FG_Eyes_p06_c2.png","144","144","Generator\Face\Male\FG_Eyes_p06_c2.png"
"99_角色產生器零件","RTP基本素材","99_角色產生器零件\RTP基本素材\Face\Male\FG_Eyes_p07_c1_m002.png","144","144","Generator\Face\Male\FG_Eyes_p07_c1_m002.png"
"99_角色產生器零件","RTP基本素材","99_角色產生器零件\RTP基本素材\Face\Male\FG_Eyes_p07_c2.png","144","144","Generator\Face\Male\FG_Eyes_p07_c2.png"
"99_角色產生器零件","RTP基本素材","99_角色產生器零件\RTP基本素材\Face\Male\FG_Eyes_p08_c1_m002.png","144","144","Generator\Face\Male\FG_Eyes_p08_c1_m002.png"
"99_角色產生器零件","RTP基本素材","99_角色產生器零件\RTP基本素材\Face\Male\FG_Eyes_p08_c2.png","144","144","Generator\Face\Male\FG_Eyes_p08_c2.png"
"99_角色產生器零件","RTP基本素材","99_角色產生器零件\RTP基本素材\Face\Male\FG_Eyes_p09_c1_m002.png","144","144","Generator\Face\Male\FG_Eyes_p09_c1_m002.png"
"99_角色產生器零件","RTP基本素材","99_角色產生器零件\RTP基本素材\Face\Male\FG_Eyes_p09_c2.png","144","144","Generator\Face\Male\FG_Eyes_p09_c2.png"
"99_角色產生器零件","RTP基本素材","99_角色產生器零件\RTP基本素材\Face\Male\FG_Eyes_p10_c1_m002.png","144","144","Generator\Face\Male\FG_Eyes_p10_c1_m002.png"
"99_角色產生器零件","RTP基本素材","99_角色產生器零件\RTP基本素材\Face\Male\FG_Eyes_p10_c2.png","144","144","Generator\Face\Male\FG_Eyes_p10_c2.png"
"99_角色產生器零件","RTP基本素材","99_角色產生器零件\RTP基本素材\Face\Male\FG_Eyes_p11_c1_m002.png","144","144","Generator\Face\Male\FG_Eyes_p11_c1_m002.png"
"99_角色產生器零件","RTP基本素材","99_角色產生器零件\RTP基本素材\Face\Male\FG_Eyes_p11_c2.png","144","144","Generator\Face\Male\FG_Eyes_p11_c2.png"
"99_角色產生器零件","RTP基本素材","99_角色產生器零件\RTP基本素材\Face\Male\FG_Eyes_p12_c2.png","144","144","Generator\Face\Male\FG_Eyes_p12_c2.png"
"99_角色產生器零件","RTP基本素材","99_角色產生器零件\RTP基本素材\Face\Male\FG_Eyes_p13_c2.png","144","144","Generator\Face\Male\FG_Eyes_p13_c2.png"
"99_角色產生器零件","RTP基本素材","99_角色產生器零件\RTP基本素材\Face\Male\FG_Eyes_p14_c1_m002.png","144","144","Generator\Face\Male\FG_Eyes_p14_c1_m002.png"
"99_角色產生器零件","RTP基本素材","99_角色產生器零件\RTP基本素材\Face\Male\FG_Eyes_p14_c2.png","144","144","Generator\Face\Male\FG_Eyes_p14_c2.png"
"99_角色產生器零件","RTP基本素材","99_角色產生器零件\RTP基本素材\Face\Male\FG_Eyes_p15_c1_m002.png","144","144","Generator\Face\Male\FG_Eyes_p15_c1_m002.png"
"99_角色產生器零件","RTP基本素材","99_角色產生器零件\RTP基本素材\Face\Male\FG_Eyes_p15_c2.png","144","144","Generator\Face\Male\FG_Eyes_p15_c2.png"
"99_角色產生器零件","RTP基本素材","99_角色產生器零件\RTP基本素材\Face\Male\FG_Eyes_p16_c1_m002.png","144","144","Generator\Face\Male\FG_Eyes_p16_c1_m002.png"
"99_角色產生器零件","RTP基本素材","99_角色產生器零件\RTP基本素材\Face\Male\FG_Eyes_p16_c2.png","144","144","Generator\Face\Male\FG_Eyes_p16_c2.png"
"99_角色產生器零件","RTP基本素材","99_角色產生器零件\RTP基本素材\Face\Male\FG_Eyes_p17_c1_m002.png","144","144","Generator\Face\Male\FG_Eyes_p17_c1_m002.png"
"99_角色產生器零件","RTP基本素材","99_角色產生器零件\RTP基本素材\Face\Male\FG_Eyes_p17_c2.png","144","144","Generator\Face\Male\FG_Eyes_p17_c2.png"
"99_角色產生器零件","RTP基本素材","99_角色產生器零件\RTP基本素材\Face\Male\FG_Eyes_p18_c1_m002.png","144","144","Generator\Face\Male\FG_Eyes_p18_c1_m002.png"
"99_角色產生器零件","RTP基本素材","99_角色產生器零件\RTP基本素材\Face\Male\FG_Eyes_p18_c2.png","144","144","Generator\Face\Male\FG_Eyes_p18_c2.png"
"99_角色產生器零件","RTP基本素材","99_角色產生器零件\RTP基本素材\Face\Male\FG_Eyes_p19_c1_m002.png","144","144","Generator\Face\Male\FG_Eyes_p19_c1_m002.png"
"99_角色產生器零件","RTP基本素材","99_角色產生器零件\RTP基本素材\Face\Male\FG_Eyes_p19_c2.png","144","144","Generator\Face\Male\FG_Eyes_p19_c2.png"
"99_角色產生器零件","RTP基本素材","99_角色產生器零件\RTP基本素材\Face\Male\FG_Eyes_p20_c1_m002.png","144","144","Generator\Face\Male\FG_Eyes_p20_c1_m002.png"
"99_角色產生器零件","RTP基本素材","99_角色產生器零件\RTP基本素材\Face\Male\FG_Eyes_p20_c2.png","144","144","Generator\Face\Male\FG_Eyes_p20_c2.png"
"99_角色產生器零件","RTP基本素材","99_角色產生器零件\RTP基本素材\Face\Male\FG_Eyes_p21_c1_m002.png","144","144","Generator\Face\Male\FG_Eyes_p21_c1_m002.png"
"99_角色產生器零件","RTP基本素材","99_角色產生器零件\RTP基本素材\Face\Male\FG_Eyes_p21_c2.png","144","144","Generator\Face\Male\FG_Eyes_p21_c2.png"
"99_角色產生器零件","RTP基本素材","99_角色產生器零件\RTP基本素材\Face\Male\FG_Eyes_p22_c1_m002.png","144","144","Generator\Face\Male\FG_Eyes_p22_c1_m002.png"
"99_角色產生器零件","RTP基本素材","99_角色產生器零件\RTP基本素材\Face\Male\FG_Eyes_p22_c2.png","144","144","Generator\Face\Male\FG_Eyes_p22_c2.png"
"99_角色產生器零件","RTP基本素材","99_角色產生器零件\RTP基本素材\Face\Male\FG_Eyes_p23_c1_m002.png","144","144","Generator\Face\Male\FG_Eyes_p23_c1_m002.png"
"99_角色產生器零件","RTP基本素材","99_角色產生器零件\RTP基本素材\Face\Male\FG_Eyes_p23_c2.png","144","144","Generator\Face\Male\FG_Eyes_p23_c2.png"
"99_角色產生器零件","RTP基本素材","99_角色產生器零件\RTP基本素材\Face\Male\FG_Eyes_p24_c1_m002.png","144","144","Generator\Face\Male\FG_Eyes_p24_c1_m002.png"
"99_角色產生器零件","RTP基本素材","99_角色產生器零件\RTP基本素材\Face\Male\FG_Eyes_p24_c2.png","144","144","Generator\Face\Male\FG_Eyes_p24_c2.png"
"99_角色產生器零件","RTP基本素材","99_角色產生器零件\RTP基本素材\Face\Male\FG_Eyes_p25_c1_m002.png","144","144","Generator\Face\Male\FG_Eyes_p25_c1_m002.png"
"99_角色產生器零件","RTP基本素材","99_角色產生器零件\RTP基本素材\Face\Male\FG_Eyes_p25_c2.png","144","144","Generator\Face\Male\FG_Eyes_p25_c2.png"
"99_角色產生器零件","RTP基本素材","99_角色產生器零件\RTP基本素材\Face\Male\FG_Eyes_p26_c1_m002.png","144","144","Generator\Face\Male\FG_Eyes_p26_c1_m002.png"
"99_角色產生器零件","RTP基本素材","99_角色產生器零件\RTP基本素材\Face\Male\FG_Eyes_p26_c2.png","144","144","Generator\Face\Male\FG_Eyes_p26_c2.png"
"99_角色產生器零件","RTP基本素材","99_角色產生器零件\RTP基本素材\Face\Male\FG_Eyes_p27_c1_m002.png","144","144","Generator\Face\Male\FG_Eyes_p27_c1_m002.png"
"99_角色產生器零件","RTP基本素材","99_角色產生器零件\RTP基本素材\Face\Male\FG_Eyes_p27_c2.png","144","144","Generator\Face\Male\FG_Eyes_p27_c2.png"
"99_角色產生器零件","RTP基本素材","99_角色產生器零件\RTP基本素材\Face\Male\FG_Face_p01_c1_m001.png","144","144","Generator\Face\Male\FG_Face_p01_c1_m001.png"
"99_角色產生器零件","RTP基本素材","99_角色產生器零件\RTP基本素材\Face\Male\FG_Face_p02_c1_m001.png","144","144","Generator\Face\Male\FG_Face_p02_c1_m001.png"
"99_角色產生器零件","RTP基本素材","99_角色產生器零件\RTP基本素材\Face\Male\FG_Face_p03_c1_m001.png","144","144","Generator\Face\Male\FG_Face_p03_c1_m001.png"
"99_角色產生器零件","RTP基本素材","99_角色產生器零件\RTP基本素材\Face\Male\FG_Face_p04_c1_m001.png","144","144","Generator\Face\Male\FG_Face_p04_c1_m001.png"
"99_角色產生器零件","RTP基本素材","99_角色產生器零件\RTP基本素材\Face\Male\FG_Face_p05_c1_m001.png","144","144","Generator\Face\Male\FG_Face_p05_c1_m001.png"
"99_角色產生器零件","RTP基本素材","99_角色產生器零件\RTP基本素材\Face\Male\FG_Face_p06_c1_m001.png","144","144","Generator\Face\Male\FG_Face_p06_c1_m001.png"
"99_角色產生器零件","RTP基本素材","99_角色產生器零件\RTP基本素材\Face\Male\FG_Face_p07_c1_m001.png","144","144","Generator\Face\Male\FG_Face_p07_c1_m001.png"
"99_角色產生器零件","RTP基本素材","99_角色產生器零件\RTP基本素材\Face\Male\FG_Face_p08_c1_m001.png","144","144","Generator\Face\Male\FG_Face_p08_c1_m001.png"
"99_角色產生器零件","RTP基本素材","99_角色產生器零件\RTP基本素材\Face\Male\FG_Face_p09_c1_m001.png","144","144","Generator\Face\Male\FG_Face_p09_c1_m001.png"
"99_角色產生器零件","RTP基本素材","99_角色產生器零件\RTP基本素材\Face\Male\FG_Face_p10_c1_m001.png","144","144","Generator\Face\Male\FG_Face_p10_c1_m001.png"
"99_角色產生器零件","RTP基本素材","99_角色產生器零件\RTP基本素材\Face\Male\FG_Face_p11_c1_m001.png","144","144","Generator\Face\Male\FG_Face_p11_c1_m001.png"
"99_角色產生器零件","RTP基本素材","99_角色產生器零件\RTP基本素材\Face\Male\FG_Face_p12_c1_m001.png","144","144","Generator\Face\Male\FG_Face_p12_c1_m001.png"
"99_角色產生器零件","RTP基本素材","99_角色產生器零件\RTP基本素材\Face\Male\FG_FacialMark_p01_c1_m005.png","144","144","Generator\Face\Male\FG_FacialMark_p01_c1_m005.png"
"99_角色產生器零件","RTP基本素材","99_角色產生器零件\RTP基本素材\Face\Male\FG_FacialMark_p02_c1_m005.png","144","144","Generator\Face\Male\FG_FacialMark_p02_c1_m005.png"
"99_角色產生器零件","RTP基本素材","99_角色產生器零件\RTP基本素材\Face\Male\FG_FacialMark_p03_c1_m005.png","144","144","Generator\Face\Male\FG_FacialMark_p03_c1_m005.png"
"99_角色產生器零件","RTP基本素材","99_角色產生器零件\RTP基本素材\Face\Male\FG_FrontHair_p16_c1_m003.png","144","144","Generator\Face\Male\FG_FrontHair_p16_c1_m003.png"
"99_角色產生器零件","RTP基本素材","99_角色產生器零件\RTP基本素材\Face\Male\FG_FrontHair_p17_c1_m003.png","144","144","Generator\Face\Male\FG_FrontHair_p17_c1_m003.png"
"99_角色產生器零件","RTP基本素材","99_角色產生器零件\RTP基本素材\Face\Male\FG_Glasses_p02_c1_m020.png","144","144","Generator\Face\Male\FG_Glasses_p02_c1_m020.png"
"99_角色產生器零件","RTP基本素材","99_角色產生器零件\RTP基本素材\Face\Male\FG_Glasses_p02_c2_m021.png","144","144","Generator\Face\Male\FG_Glasses_p02_c2_m021.png"
"99_角色產生器零件","RTP基本素材","99_角色產生器零件\RTP基本素材\Face\Male\FG_Glasses_p02_c3_m022.png","144","144","Generator\Face\Male\FG_Glasses_p02_c3_m022.png"
"99_角色產生器零件","RTP基本素材","99_角色產生器零件\RTP基本素材\Face\Male\FG_Glasses_p04_c1_m020.png","144","144","Generator\Face\Male\FG_Glasses_p04_c1_m020.png"
"99_角色產生器零件","RTP基本素材","99_角色產生器零件\RTP基本素材\Face\Male\FG_Mouth_p01_c1_m001.png","144","144","Generator\Face\Male\FG_Mouth_p01_c1_m001.png"
"99_角色產生器零件","RTP基本素材","99_角色產生器零件\RTP基本素材\Face\Male\FG_Mouth_p01_c2.png","144","144","Generator\Face\Male\FG_Mouth_p01_c2.png"
"99_角色產生器零件","RTP基本素材","99_角色產生器零件\RTP基本素材\Face\Male\FG_Mouth_p01_c3.png","144","144","Generator\Face\Male\FG_Mouth_p01_c3.png"
"99_角色產生器零件","RTP基本素材","99_角色產生器零件\RTP基本素材\Face\Male\FG_Mouth_p02_c1_m001.png","144","144","Generator\Face\Male\FG_Mouth_p02_c1_m001.png"
"99_角色產生器零件","RTP基本素材","99_角色產生器零件\RTP基本素材\Face\Male\FG_Mouth_p02_c2.png","144","144","Generator\Face\Male\FG_Mouth_p02_c2.png"
"99_角色產生器零件","RTP基本素材","99_角色產生器零件\RTP基本素材\Face\Male\FG_Mouth_p03_c1_m001.png","144","144","Generator\Face\Male\FG_Mouth_p03_c1_m001.png"
"99_角色產生器零件","RTP基本素材","99_角色產生器零件\RTP基本素材\Face\Male\FG_Mouth_p04_c1_m001.png","144","144","Generator\Face\Male\FG_Mouth_p04_c1_m001.png"
"99_角色產生器零件","RTP基本素材","99_角色產生器零件\RTP基本素材\Face\Male\FG_Mouth_p05_c1_m001.png","144","144","Generator\Face\Male\FG_Mouth_p05_c1_m001.png"
"99_角色產生器零件","RTP基本素材","99_角色產生器零件\RTP基本素材\Face\Male\FG_Mouth_p06_c1_m001.png","144","144","Generator\Face\Male\FG_Mouth_p06_c1_m001.png"
"99_角色產生器零件","RTP基本素材","99_角色產生器零件\RTP基本素材\Face\Male\FG_Mouth_p06_c2.png","144","144","Generator\Face\Male\FG_Mouth_p06_c2.png"
"99_角色產生器零件","RTP基本素材","99_角色產生器零件\RTP基本素材\Face\Male\FG_Mouth_p07_c1_m001.png","144","144","Generator\Face\Male\FG_Mouth_p07_c1_m001.png"
"99_角色產生器零件","RTP基本素材","99_角色產生器零件\RTP基本素材\Face\Male\FG_Mouth_p08_c1_m001.png","144","144","Generator\Face\Male\FG_Mouth_p08_c1_m001.png"
"99_角色產生器零件","RTP基本素材","99_角色產生器零件\RTP基本素材\Face\Male\FG_Mouth_p09_c1_m001.png","144","144","Generator\Face\Male\FG_Mouth_p09_c1_m001.png"
"99_角色產生器零件","RTP基本素材","99_角色產生器零件\RTP基本素材\Face\Male\FG_Mouth_p09_c2.png","144","144","Generator\Face\Male\FG_Mouth_p09_c2.png"
"99_角色產生器零件","RTP基本素材","99_角色產生器零件\RTP基本素材\Face\Male\FG_Mouth_p10_c1_m001.png","144","144","Generator\Face\Male\FG_Mouth_p10_c1_m001.png"
"99_角色產生器零件","RTP基本素材","99_角色產生器零件\RTP基本素材\Face\Male\FG_Mouth_p11_c1_m001.png","144","144","Generator\Face\Male\FG_Mouth_p11_c1_m001.png"
"99_角色產生器零件","RTP基本素材","99_角色產生器零件\RTP基本素材\Face\Male\FG_Mouth_p11_c2.png","144","144","Generator\Face\Male\FG_Mouth_p11_c2.png"
"99_角色產生器零件","RTP基本素材","99_角色產生器零件\RTP基本素材\Face\Male\FG_Mouth_p12_c1_m001.png","144","144","Generator\Face\Male\FG_Mouth_p12_c1_m001.png"
"99_角色產生器零件","RTP基本素材","99_角色產生器零件\RTP基本素材\Face\Male\FG_Mouth_p13_c1_m001.png","144","144","Generator\Face\Male\FG_Mouth_p13_c1_m001.png"
"99_角色產生器零件","RTP基本素材","99_角色產生器零件\RTP基本素材\Face\Male\FG_Mouth_p14_c1_m001.png","144","144","Generator\Face\Male\FG_Mouth_p14_c1_m001.png"
"99_角色產生器零件","RTP基本素材","99_角色產生器零件\RTP基本素材\Face\Male\FG_Mouth_p14_c2.png","144","144","Generator\Face\Male\FG_Mouth_p14_c2.png"
"99_角色產生器零件","RTP基本素材","99_角色產生器零件\RTP基本素材\Face\Male\FG_Mouth_p15_c1_m001.png","144","144","Generator\Face\Male\FG_Mouth_p15_c1_m001.png"
"99_角色產生器零件","RTP基本素材","99_角色產生器零件\RTP基本素材\Face\Male\FG_Mouth_p15_c2.png","144","144","Generator\Face\Male\FG_Mouth_p15_c2.png"
"99_角色產生器零件","RTP基本素材","99_角色產生器零件\RTP基本素材\Face\Male\FG_Nose_p01_c1_m001.png","144","144","Generator\Face\Male\FG_Nose_p01_c1_m001.png"
"99_角色產生器零件","RTP基本素材","99_角色產生器零件\RTP基本素材\Face\Male\FG_Nose_p02_c1_m001.png","144","144","Generator\Face\Male\FG_Nose_p02_c1_m001.png"
"99_角色產生器零件","RTP基本素材","99_角色產生器零件\RTP基本素材\Face\Male\FG_Nose_p03_c1_m001.png","144","144","Generator\Face\Male\FG_Nose_p03_c1_m001.png"
"99_角色產生器零件","RTP基本素材","99_角色產生器零件\RTP基本素材\Face\Male\FG_Nose_p04_c1_m001.png","144","144","Generator\Face\Male\FG_Nose_p04_c1_m001.png"
"99_角色產生器零件","RTP基本素材","99_角色產生器零件\RTP基本素材\Face\Male\FG_Nose_p05_c1_m001.png","144","144","Generator\Face\Male\FG_Nose_p05_c1_m001.png"
"99_角色產生器零件","RTP基本素材","99_角色產生器零件\RTP基本素材\Face\Male\FG_Nose_p06_c1_m001.png","144","144","Generator\Face\Male\FG_Nose_p06_c1_m001.png"
"99_角色產生器零件","RTP基本素材","99_角色產生器零件\RTP基本素材\Face\Male\FG_Nose_p07_c1_m001.png","144","144","Generator\Face\Male\FG_Nose_p07_c1_m001.png"
"99_角色產生器零件","RTP基本素材","99_角色產生器零件\RTP基本素材\Face\Male\FG_Nose_p08_c1_m001.png","144","144","Generator\Face\Male\FG_Nose_p08_c1_m001.png"
"99_角色產生器零件","RTP基本素材","99_角色產生器零件\RTP基本素材\Face\Male\FG_Nose_p09_c1_m001.png","144","144","Generator\Face\Male\FG_Nose_p09_c1_m001.png"
"99_角色產生器零件","RTP基本素材","99_角色產生器零件\RTP基本素材\Face\Male\FG_Nose_p10_c1_m001.png","144","144","Generator\Face\Male\FG_Nose_p10_c1_m001.png"
"99_角色產生器零件","RTP基本素材","99_角色產生器零件\RTP基本素材\Face\Male\FG_Nose_p11_c1_m001.png","144","144","Generator\Face\Male\FG_Nose_p11_c1_m001.png"
"99_角色產生器零件","RTP基本素材","99_角色產生器零件\RTP基本素材\Face\Male\FG_Nose_p12_c1_m001.png","144","144","Generator\Face\Male\FG_Nose_p12_c1_m001.png"
"99_角色產生器零件","RTP基本素材","99_角色產生器零件\RTP基本素材\Face\Male\FG_Nose_p13_c1_m001.png","144","144","Generator\Face\Male\FG_Nose_p13_c1_m001.png"
"99_角色產生器零件","RTP基本素材","99_角色產生器零件\RTP基本素材\Face\Male\FG_RearHair1_p04_c1_m003.png","144","144","Generator\Face\Male\FG_RearHair1_p04_c1_m003.png"
"99_角色產生器零件","RTP基本素材","99_角色產生器零件\RTP基本素材\Face\Male\FG_RearHair1_p07_c1_m003.png","144","144","Generator\Face\Male\FG_RearHair1_p07_c1_m003.png"
"99_角色產生器零件","RTP基本素材","99_角色產生器零件\RTP基本素材\Face\Male\FG_RearHair1_p09_c1_m003.png","144","144","Generator\Face\Male\FG_RearHair1_p09_c1_m003.png"
"99_角色產生器零件","RTP基本素材","99_角色產生器零件\RTP基本素材\Face\Male\FG_RearHair1_p10_c1_m003.png","144","144","Generator\Face\Male\FG_RearHair1_p10_c1_m003.png"
"99_角色產生器零件","RTP基本素材","99_角色產生器零件\RTP基本素材\Face\Male\FG_RearHair1_p11_c1_m003.png","144","144","Generator\Face\Male\FG_RearHair1_p11_c1_m003.png"
"99_角色產生器零件","RTP基本素材","99_角色產生器零件\RTP基本素材\Face\Male\FG_RearHair1_p12_c1_m003.png","144","144","Generator\Face\Male\FG_RearHair1_p12_c1_m003.png"
"99_角色產生器零件","RTP基本素材","99_角色產生器零件\RTP基本素材\Face\Male\FG_RearHair1_p13_c1_m003.png","144","144","Generator\Face\Male\FG_RearHair1_p13_c1_m003.png"
"99_角色產生器零件","RTP基本素材","99_角色產生器零件\RTP基本素材\Face\Male\FG_RearHair1_p14_c1_m003.png","144","144","Generator\Face\Male\FG_RearHair1_p14_c1_m003.png"
"99_角色產生器零件","RTP基本素材","99_角色產生器零件\RTP基本素材\Face\Male\FG_RearHair1_p15_c1_m003.png","144","144","Generator\Face\Male\FG_RearHair1_p15_c1_m003.png"
"99_角色產生器零件","RTP基本素材","99_角色產生器零件\RTP基本素材\Face\Male\FG_RearHair1_p16_c1_m003.png","144","144","Generator\Face\Male\FG_RearHair1_p16_c1_m003.png"
"99_角色產生器零件","RTP基本素材","99_角色產生器零件\RTP基本素材\Face\Male\FG_RearHair1_p17_c1_m003.png","144","144","Generator\Face\Male\FG_RearHair1_p17_c1_m003.png"
"99_角色產生器零件","RTP基本素材","99_角色產生器零件\RTP基本素材\Face\Male\FG_RearHair1_p18_c1_m003.png","144","144","Generator\Face\Male\FG_RearHair1_p18_c1_m003.png"
"99_角色產生器零件","RTP基本素材","99_角色產生器零件\RTP基本素材\Face\Male\FG_RearHair2_p15_c1_m003.png","144","144","Generator\Face\Male\FG_RearHair2_p15_c1_m003.png"
"99_角色產生器零件","RTP基本素材","99_角色產生器零件\RTP基本素材\SV\Female\SV_AccA_p01.png","576","384","Generator\SV\Female\SV_AccA_p01.png"
"99_角色產生器零件","RTP基本素材","99_角色產生器零件\RTP基本素材\SV\Female\SV_AccA_p01_c.png","576","384","Generator\SV\Female\SV_AccA_p01_c.png"
"99_角色產生器零件","RTP基本素材","99_角色產生器零件\RTP基本素材\SV\Female\SV_AccA_p02.png","576","384","Generator\SV\Female\SV_AccA_p02.png"
"99_角色產生器零件","RTP基本素材","99_角色產生器零件\RTP基本素材\SV\Female\SV_AccA_p02_c.png","576","384","Generator\SV\Female\SV_AccA_p02_c.png"
"99_角色產生器零件","RTP基本素材","99_角色產生器零件\RTP基本素材\SV\Female\SV_AccA_p03.png","576","384","Generator\SV\Female\SV_AccA_p03.png"
"99_角色產生器零件","RTP基本素材","99_角色產生器零件\RTP基本素材\SV\Female\SV_AccA_p03_c.png","576","384","Generator\SV\Female\SV_AccA_p03_c.png"
"99_角色產生器零件","RTP基本素材","99_角色產生器零件\RTP基本素材\SV\Female\SV_AccA_p04.png","576","384","Generator\SV\Female\SV_AccA_p04.png"
"99_角色產生器零件","RTP基本素材","99_角色產生器零件\RTP基本素材\SV\Female\SV_AccA_p04_c.png","576","384","Generator\SV\Female\SV_AccA_p04_c.png"
"99_角色產生器零件","RTP基本素材","99_角色產生器零件\RTP基本素材\SV\Female\SV_AccA_p05.png","576","384","Generator\SV\Female\SV_AccA_p05.png"
"99_角色產生器零件","RTP基本素材","99_角色產生器零件\RTP基本素材\SV\Female\SV_AccA_p05_c.png","576","384","Generator\SV\Female\SV_AccA_p05_c.png"
"99_角色產生器零件","RTP基本素材","99_角色產生器零件\RTP基本素材\SV\Female\SV_AccA_p06.png","576","384","Generator\SV\Female\SV_AccA_p06.png"
"99_角色產生器零件","RTP基本素材","99_角色產生器零件\RTP基本素材\SV\Female\SV_AccA_p06_c.png","576","384","Generator\SV\Female\SV_AccA_p06_c.png"
"99_角色產生器零件","RTP基本素材","99_角色產生器零件\RTP基本素材\SV\Female\SV_AccA_p07.png","576","384","Generator\SV\Female\SV_AccA_p07.png"
"99_角色產生器零件","RTP基本素材","99_角色產生器零件\RTP基本素材\SV\Female\SV_AccA_p07_c.png","576","384","Generator\SV\Female\SV_AccA_p07_c.png"
"99_角色產生器零件","RTP基本素材","99_角色產生器零件\RTP基本素材\SV\Female\SV_AccB_p01.png","576","384","Generator\SV\Female\SV_AccB_p01.png"
"99_角色產生器零件","RTP基本素材","99_角色產生器零件\RTP基本素材\SV\Female\SV_AccB_p01_c.png","576","384","Generator\SV\Female\SV_AccB_p01_c.png"
"99_角色產生器零件","RTP基本素材","99_角色產生器零件\RTP基本素材\SV\Female\SV_AccB_p02.png","576","384","Generator\SV\Female\SV_AccB_p02.png"
"99_角色產生器零件","RTP基本素材","99_角色產生器零件\RTP基本素材\SV\Female\SV_AccB_p02_c.png","576","384","Generator\SV\Female\SV_AccB_p02_c.png"
"99_角色產生器零件","RTP基本素材","99_角色產生器零件\RTP基本素材\SV\Female\SV_AccB_p03.png","576","384","Generator\SV\Female\SV_AccB_p03.png"
"99_角色產生器零件","RTP基本素材","99_角色產生器零件\RTP基本素材\SV\Female\SV_AccB_p03_c.png","576","384","Generator\SV\Female\SV_AccB_p03_c.png"
"99_角色產生器零件","RTP基本素材","99_角色產生器零件\RTP基本素材\SV\Female\SV_AccB_p04.png","576","384","Generator\SV\Female\SV_AccB_p04.png"
"99_角色產生器零件","RTP基本素材","99_角色產生器零件\RTP基本素材\SV\Female\SV_AccB_p04_c.png","576","384","Generator\SV\Female\SV_AccB_p04_c.png"
"99_角色產生器零件","RTP基本素材","99_角色產生器零件\RTP基本素材\SV\Female\SV_AccB_p05.png","576","384","Generator\SV\Female\SV_AccB_p05.png"
"99_角色產生器零件","RTP基本素材","99_角色產生器零件\RTP基本素材\SV\Female\SV_AccB_p05_c.png","576","384","Generator\SV\Female\SV_AccB_p05_c.png"
"99_角色產生器零件","RTP基本素材","99_角色產生器零件\RTP基本素材\SV\Female\SV_AccB_p06.png","576","384","Generator\SV\Female\SV_AccB_p06.png"
"99_角色產生器零件","RTP基本素材","99_角色產生器零件\RTP基本素材\SV\Female\SV_AccB_p06_c.png","576","384","Generator\SV\Female\SV_AccB_p06_c.png"
"99_角色產生器零件","RTP基本素材","99_角色產生器零件\RTP基本素材\SV\Female\SV_AccB_p07.png","576","384","Generator\SV\Female\SV_AccB_p07.png"
"99_角色產生器零件","RTP基本素材","99_角色產生器零件\RTP基本素材\SV\Female\SV_AccB_p07_c.png","576","384","Generator\SV\Female\SV_AccB_p07_c.png"
"99_角色產生器零件","RTP基本素材","99_角色產生器零件\RTP基本素材\SV\Female\SV_AccB_p08.png","576","384","Generator\SV\Female\SV_AccB_p08.png"
"99_角色產生器零件","RTP基本素材","99_角色產生器零件\RTP基本素材\SV\Female\SV_AccB_p08_c.png","576","384","Generator\SV\Female\SV_AccB_p08_c.png"
"99_角色產生器零件","RTP基本素材","99_角色產生器零件\RTP基本素材\SV\Female\SV_AccB_p09.png","576","384","Generator\SV\Female\SV_AccB_p09.png"
"99_角色產生器零件","RTP基本素材","99_角色產生器零件\RTP基本素材\SV\Female\SV_AccB_p09_c.png","576","384","Generator\SV\Female\SV_AccB_p09_c.png"
"99_角色產生器零件","RTP基本素材","99_角色產生器零件\RTP基本素材\SV\Female\SV_AccB_p10.png","576","384","Generator\SV\Female\SV_AccB_p10.png"
"99_角色產生器零件","RTP基本素材","99_角色產生器零件\RTP基本素材\SV\Female\SV_AccB_p10_c.png","576","384","Generator\SV\Female\SV_AccB_p10_c.png"
"99_角色產生器零件","RTP基本素材","99_角色產生器零件\RTP基本素材\SV\Female\SV_BeastEars_p01.png","576","384","Generator\SV\Female\SV_BeastEars_p01.png"
"99_角色產生器零件","RTP基本素材","99_角色產生器零件\RTP基本素材\SV\Female\SV_BeastEars_p01_c.png","576","384","Generator\SV\Female\SV_BeastEars_p01_c.png"
"99_角色產生器零件","RTP基本素材","99_角色產生器零件\RTP基本素材\SV\Female\SV_BeastEars_p02.png","576","384","Generator\SV\Female\SV_BeastEars_p02.png"
"99_角色產生器零件","RTP基本素材","99_角色產生器零件\RTP基本素材\SV\Female\SV_BeastEars_p02_c.png","576","384","Generator\SV\Female\SV_BeastEars_p02_c.png"
"99_角色產生器零件","RTP基本素材","99_角色產生器零件\RTP基本素材\SV\Female\SV_BeastEars_p03.png","576","384","Generator\SV\Female\SV_BeastEars_p03.png"
"99_角色產生器零件","RTP基本素材","99_角色產生器零件\RTP基本素材\SV\Female\SV_BeastEars_p03_c.png","576","384","Generator\SV\Female\SV_BeastEars_p03_c.png"
"99_角色產生器零件","RTP基本素材","99_角色產生器零件\RTP基本素材\SV\Female\SV_BeastEars_p04.png","576","384","Generator\SV\Female\SV_BeastEars_p04.png"
"99_角色產生器零件","RTP基本素材","99_角色產生器零件\RTP基本素材\SV\Female\SV_BeastEars_p04_c.png","576","384","Generator\SV\Female\SV_BeastEars_p04_c.png"
"99_角色產生器零件","RTP基本素材","99_角色產生器零件\RTP基本素材\SV\Female\SV_BeastEars_p05.png","576","384","Generator\SV\Female\SV_BeastEars_p05.png"
"99_角色產生器零件","RTP基本素材","99_角色產生器零件\RTP基本素材\SV\Female\SV_BeastEars_p05_c.png","576","384","Generator\SV\Female\SV_BeastEars_p05_c.png"
"99_角色產生器零件","RTP基本素材","99_角色產生器零件\RTP基本素材\SV\Female\SV_BeastEars_p06.png","576","384","Generator\SV\Female\SV_BeastEars_p06.png"
"99_角色產生器零件","RTP基本素材","99_角色產生器零件\RTP基本素材\SV\Female\SV_BeastEars_p06_c.png","576","384","Generator\SV\Female\SV_BeastEars_p06_c.png"
"99_角色產生器零件","RTP基本素材","99_角色產生器零件\RTP基本素材\SV\Female\SV_Cloak1_p01.png","576","384","Generator\SV\Female\SV_Cloak1_p01.png"
"99_角色產生器零件","RTP基本素材","99_角色產生器零件\RTP基本素材\SV\Female\SV_Cloak1_p01_c.png","576","384","Generator\SV\Female\SV_Cloak1_p01_c.png"
"99_角色產生器零件","RTP基本素材","99_角色產生器零件\RTP基本素材\SV\Female\SV_Cloak1_p02.png","576","384","Generator\SV\Female\SV_Cloak1_p02.png"
"99_角色產生器零件","RTP基本素材","99_角色產生器零件\RTP基本素材\SV\Female\SV_Cloak1_p02_c.png","576","384","Generator\SV\Female\SV_Cloak1_p02_c.png"
"99_角色產生器零件","RTP基本素材","99_角色產生器零件\RTP基本素材\SV\Female\SV_Cloak1_p03.png","576","384","Generator\SV\Female\SV_Cloak1_p03.png"
"99_角色產生器零件","RTP基本素材","99_角色產生器零件\RTP基本素材\SV\Female\SV_Cloak1_p03_c.png","576","384","Generator\SV\Female\SV_Cloak1_p03_c.png"
"99_角色產生器零件","RTP基本素材","99_角色產生器零件\RTP基本素材\SV\Female\SV_Cloak1_p04.png","576","384","Generator\SV\Female\SV_Cloak1_p04.png"
"99_角色產生器零件","RTP基本素材","99_角色產生器零件\RTP基本素材\SV\Female\SV_Cloak1_p04_c.png","576","384","Generator\SV\Female\SV_Cloak1_p04_c.png"
"99_角色產生器零件","RTP基本素材","99_角色產生器零件\RTP基本素材\SV\Female\SV_Cloak2_p01.png","576","384","Generator\SV\Female\SV_Cloak2_p01.png"
"99_角色產生器零件","RTP基本素材","99_角色產生器零件\RTP基本素材\SV\Female\SV_Cloak2_p01_c.png","576","384","Generator\SV\Female\SV_Cloak2_p01_c.png"
"99_角色產生器零件","RTP基本素材","99_角色產生器零件\RTP基本素材\SV\Female\SV_Cloak2_p02.png","576","384","Generator\SV\Female\SV_Cloak2_p02.png"
"99_角色產生器零件","RTP基本素材","99_角色產生器零件\RTP基本素材\SV\Female\SV_Cloak2_p02_c.png","576","384","Generator\SV\Female\SV_Cloak2_p02_c.png"
"99_角色產生器零件","RTP基本素材","99_角色產生器零件\RTP基本素材\SV\Female\SV_Cloak2_p03.png","576","384","Generator\SV\Female\SV_Cloak2_p03.png"
"99_角色產生器零件","RTP基本素材","99_角色產生器零件\RTP基本素材\SV\Female\SV_Cloak2_p03_c.png","576","384","Generator\SV\Female\SV_Cloak2_p03_c.png"
"99_角色產生器零件","RTP基本素材","99_角色產生器零件\RTP基本素材\SV\Female\SV_Cloak2_p04.png","576","384","Generator\SV\Female\SV_Cloak2_p04.png"
"99_角色產生器零件","RTP基本素材","99_角色產生器零件\RTP基本素材\SV\Female\SV_Cloak2_p04_c.png","576","384","Generator\SV\Female\SV_Cloak2_p04_c.png"
"99_角色產生器零件","RTP基本素材","99_角色產生器零件\RTP基本素材\SV\Female\SV_Clothing1_p01.png","576","384","Generator\SV\Female\SV_Clothing1_p01.png"
"99_角色產生器零件","RTP基本素材","99_角色產生器零件\RTP基本素材\SV\Female\SV_Clothing1_p01_c.png","576","384","Generator\SV\Female\SV_Clothing1_p01_c.png"
"99_角色產生器零件","RTP基本素材","99_角色產生器零件\RTP基本素材\SV\Female\SV_Clothing1_p02.png","576","384","Generator\SV\Female\SV_Clothing1_p02.png"
"99_角色產生器零件","RTP基本素材","99_角色產生器零件\RTP基本素材\SV\Female\SV_Clothing1_p02_c.png","576","384","Generator\SV\Female\SV_Clothing1_p02_c.png"
"99_角色產生器零件","RTP基本素材","99_角色產生器零件\RTP基本素材\SV\Female\SV_Clothing1_p03.png","576","384","Generator\SV\Female\SV_Clothing1_p03.png"
"99_角色產生器零件","RTP基本素材","99_角色產生器零件\RTP基本素材\SV\Female\SV_Clothing1_p03_c.png","576","384","Generator\SV\Female\SV_Clothing1_p03_c.png"
"99_角色產生器零件","RTP基本素材","99_角色產生器零件\RTP基本素材\SV\Female\SV_Clothing1_p04.png","576","384","Generator\SV\Female\SV_Clothing1_p04.png"
"99_角色產生器零件","RTP基本素材","99_角色產生器零件\RTP基本素材\SV\Female\SV_Clothing1_p04_c.png","576","384","Generator\SV\Female\SV_Clothing1_p04_c.png"
"99_角色產生器零件","RTP基本素材","99_角色產生器零件\RTP基本素材\SV\Female\SV_Clothing1_p05.png","576","384","Generator\SV\Female\SV_Clothing1_p05.png"
"99_角色產生器零件","RTP基本素材","99_角色產生器零件\RTP基本素材\SV\Female\SV_Clothing1_p05_c.png","576","384","Generator\SV\Female\SV_Clothing1_p05_c.png"
"99_角色產生器零件","RTP基本素材","99_角色產生器零件\RTP基本素材\SV\Female\SV_Clothing1_p06.png","576","384","Generator\SV\Female\SV_Clothing1_p06.png"
"99_角色產生器零件","RTP基本素材","99_角色產生器零件\RTP基本素材\SV\Female\SV_Clothing1_p06_c.png","576","384","Generator\SV\Female\SV_Clothing1_p06_c.png"
"99_角色產生器零件","RTP基本素材","99_角色產生器零件\RTP基本素材\SV\Female\SV_Clothing1_p07.png","576","384","Generator\SV\Female\SV_Clothing1_p07.png"
"99_角色產生器零件","RTP基本素材","99_角色產生器零件\RTP基本素材\SV\Female\SV_Clothing1_p07_c.png","576","384","Generator\SV\Female\SV_Clothing1_p07_c.png"
"99_角色產生器零件","RTP基本素材","99_角色產生器零件\RTP基本素材\SV\Female\SV_Clothing1_p08.png","576","384","Generator\SV\Female\SV_Clothing1_p08.png"
"99_角色產生器零件","RTP基本素材","99_角色產生器零件\RTP基本素材\SV\Female\SV_Clothing1_p08_c.png","576","384","Generator\SV\Female\SV_Clothing1_p08_c.png"
"99_角色產生器零件","RTP基本素材","99_角色產生器零件\RTP基本素材\SV\Female\SV_Clothing1_p09.png","576","384","Generator\SV\Female\SV_Clothing1_p09.png"
"99_角色產生器零件","RTP基本素材","99_角色產生器零件\RTP基本素材\SV\Female\SV_Clothing1_p09_c.png","576","384","Generator\SV\Female\SV_Clothing1_p09_c.png"
"99_角色產生器零件","RTP基本素材","99_角色產生器零件\RTP基本素材\SV\Female\SV_Clothing1_p10.png","576","384","Generator\SV\Female\SV_Clothing1_p10.png"
"99_角色產生器零件","RTP基本素材","99_角色產生器零件\RTP基本素材\SV\Female\SV_Clothing1_p10_c.png","576","384","Generator\SV\Female\SV_Clothing1_p10_c.png"
"99_角色產生器零件","RTP基本素材","99_角色產生器零件\RTP基本素材\SV\Female\SV_Clothing1_p11.png","576","384","Generator\SV\Female\SV_Clothing1_p11.png"
"99_角色產生器零件","RTP基本素材","99_角色產生器零件\RTP基本素材\SV\Female\SV_Clothing1_p11_c.png","576","384","Generator\SV\Female\SV_Clothing1_p11_c.png"
"99_角色產生器零件","RTP基本素材","99_角色產生器零件\RTP基本素材\SV\Female\SV_Clothing1_p12.png","576","384","Generator\SV\Female\SV_Clothing1_p12.png"
"99_角色產生器零件","RTP基本素材","99_角色產生器零件\RTP基本素材\SV\Female\SV_Clothing1_p12_c.png","576","384","Generator\SV\Female\SV_Clothing1_p12_c.png"
"99_角色產生器零件","RTP基本素材","99_角色產生器零件\RTP基本素材\SV\Female\SV_Clothing1_p13.png","576","384","Generator\SV\Female\SV_Clothing1_p13.png"
"99_角色產生器零件","RTP基本素材","99_角色產生器零件\RTP基本素材\SV\Female\SV_Clothing1_p13_c.png","576","384","Generator\SV\Female\SV_Clothing1_p13_c.png"
"99_角色產生器零件","RTP基本素材","99_角色產生器零件\RTP基本素材\SV\Female\SV_Clothing1_p14.png","576","384","Generator\SV\Female\SV_Clothing1_p14.png"
"99_角色產生器零件","RTP基本素材","99_角色產生器零件\RTP基本素材\SV\Female\SV_Clothing1_p14_c.png","576","384","Generator\SV\Female\SV_Clothing1_p14_c.png"
"99_角色產生器零件","RTP基本素材","99_角色產生器零件\RTP基本素材\SV\Female\SV_Clothing1_p15.png","576","384","Generator\SV\Female\SV_Clothing1_p15.png"
"99_角色產生器零件","RTP基本素材","99_角色產生器零件\RTP基本素材\SV\Female\SV_Clothing1_p15_c.png","576","384","Generator\SV\Female\SV_Clothing1_p15_c.png"
"99_角色產生器零件","RTP基本素材","99_角色產生器零件\RTP基本素材\SV\Female\SV_Clothing1_p16.png","576","384","Generator\SV\Female\SV_Clothing1_p16.png"
"99_角色產生器零件","RTP基本素材","99_角色產生器零件\RTP基本素材\SV\Female\SV_Clothing1_p16_c.png","576","384","Generator\SV\Female\SV_Clothing1_p16_c.png"
"99_角色產生器零件","RTP基本素材","99_角色產生器零件\RTP基本素材\SV\Female\SV_Clothing1_p17.png","576","384","Generator\SV\Female\SV_Clothing1_p17.png"
"99_角色產生器零件","RTP基本素材","99_角色產生器零件\RTP基本素材\SV\Female\SV_Clothing1_p17_c.png","576","384","Generator\SV\Female\SV_Clothing1_p17_c.png"
"99_角色產生器零件","RTP基本素材","99_角色產生器零件\RTP基本素材\SV\Female\SV_Clothing1_p18.png","576","384","Generator\SV\Female\SV_Clothing1_p18.png"
"99_角色產生器零件","RTP基本素材","99_角色產生器零件\RTP基本素材\SV\Female\SV_Clothing1_p18_c.png","576","384","Generator\SV\Female\SV_Clothing1_p18_c.png"
"99_角色產生器零件","RTP基本素材","99_角色產生器零件\RTP基本素材\SV\Female\SV_Clothing1_p19.png","576","384","Generator\SV\Female\SV_Clothing1_p19.png"
"99_角色產生器零件","RTP基本素材","99_角色產生器零件\RTP基本素材\SV\Female\SV_Clothing1_p19_c.png","576","384","Generator\SV\Female\SV_Clothing1_p19_c.png"
"99_角色產生器零件","RTP基本素材","99_角色產生器零件\RTP基本素材\SV\Female\SV_Clothing1_p20.png","576","384","Generator\SV\Female\SV_Clothing1_p20.png"
"99_角色產生器零件","RTP基本素材","99_角色產生器零件\RTP基本素材\SV\Female\SV_Clothing1_p20_c.png","576","384","Generator\SV\Female\SV_Clothing1_p20_c.png"
"99_角色產生器零件","RTP基本素材","99_角色產生器零件\RTP基本素材\SV\Female\SV_Clothing1_p21.png","576","384","Generator\SV\Female\SV_Clothing1_p21.png"
"99_角色產生器零件","RTP基本素材","99_角色產生器零件\RTP基本素材\SV\Female\SV_Clothing1_p22.png","576","384","Generator\SV\Female\SV_Clothing1_p22.png"
"99_角色產生器零件","RTP基本素材","99_角色產生器零件\RTP基本素材\SV\Female\SV_Clothing1_p22_c.png","576","384","Generator\SV\Female\SV_Clothing1_p22_c.png"
"99_角色產生器零件","RTP基本素材","99_角色產生器零件\RTP基本素材\SV\Female\SV_Clothing1_p23.png","576","384","Generator\SV\Female\SV_Clothing1_p23.png"
"99_角色產生器零件","RTP基本素材","99_角色產生器零件\RTP基本素材\SV\Female\SV_Clothing1_p23_c.png","576","384","Generator\SV\Female\SV_Clothing1_p23_c.png"
"99_角色產生器零件","RTP基本素材","99_角色產生器零件\RTP基本素材\SV\Female\SV_Clothing1_p24.png","576","384","Generator\SV\Female\SV_Clothing1_p24.png"
"99_角色產生器零件","RTP基本素材","99_角色產生器零件\RTP基本素材\SV\Female\SV_Clothing1_p24_c.png","576","384","Generator\SV\Female\SV_Clothing1_p24_c.png"
"99_角色產生器零件","RTP基本素材","99_角色產生器零件\RTP基本素材\SV\Female\SV_Clothing1_p25.png","576","384","Generator\SV\Female\SV_Clothing1_p25.png"
"99_角色產生器零件","RTP基本素材","99_角色產生器零件\RTP基本素材\SV\Female\SV_Clothing1_p25_c.png","576","384","Generator\SV\Female\SV_Clothing1_p25_c.png"
"99_角色產生器零件","RTP基本素材","99_角色產生器零件\RTP基本素材\SV\Female\SV_Clothing1_p26.png","576","384","Generator\SV\Female\SV_Clothing1_p26.png"
"99_角色產生器零件","RTP基本素材","99_角色產生器零件\RTP基本素材\SV\Female\SV_Clothing1_p26_c.png","576","384","Generator\SV\Female\SV_Clothing1_p26_c.png"
"99_角色產生器零件","RTP基本素材","99_角色產生器零件\RTP基本素材\SV\Female\SV_Ears_p02.png","576","384","Generator\SV\Female\SV_Ears_p02.png"
"99_角色產生器零件","RTP基本素材","99_角色產生器零件\RTP基本素材\SV\Female\SV_Ears_p02_c.png","576","384","Generator\SV\Female\SV_Ears_p02_c.png"
"99_角色產生器零件","RTP基本素材","99_角色產生器零件\RTP基本素材\SV\Female\SV_FacialMark_p01.png","576","384","Generator\SV\Female\SV_FacialMark_p01.png"
"99_角色產生器零件","RTP基本素材","99_角色產生器零件\RTP基本素材\SV\Female\SV_FacialMark_p01_c.png","576","384","Generator\SV\Female\SV_FacialMark_p01_c.png"
"99_角色產生器零件","RTP基本素材","99_角色產生器零件\RTP基本素材\SV\Female\SV_FacialMark_p02.png","576","384","Generator\SV\Female\SV_FacialMark_p02.png"
"99_角色產生器零件","RTP基本素材","99_角色產生器零件\RTP基本素材\SV\Female\SV_FacialMark_p03.png","576","384","Generator\SV\Female\SV_FacialMark_p03.png"
"99_角色產生器零件","RTP基本素材","99_角色產生器零件\RTP基本素材\SV\Female\SV_FacialMark_p03_c.png","576","384","Generator\SV\Female\SV_FacialMark_p03_c.png"
"99_角色產生器零件","RTP基本素材","99_角色產生器零件\RTP基本素材\SV\Female\SV_FacialMark_p04.png","576","384","Generator\SV\Female\SV_FacialMark_p04.png"
"99_角色產生器零件","RTP基本素材","99_角色產生器零件\RTP基本素材\SV\Female\SV_FacialMark_p04_c.png","576","384","Generator\SV\Female\SV_FacialMark_p04_c.png"
"99_角色產生器零件","RTP基本素材","99_角色產生器零件\RTP基本素材\SV\Female\SV_FacialMark_p05.png","576","384","Generator\SV\Female\SV_FacialMark_p05.png"
"99_角色產生器零件","RTP基本素材","99_角色產生器零件\RTP基本素材\SV\Female\SV_FacialMark_p05_c.png","576","384","Generator\SV\Female\SV_FacialMark_p05_c.png"
"99_角色產生器零件","RTP基本素材","99_角色產生器零件\RTP基本素材\SV\Female\SV_FacialMark_p06.png","576","384","Generator\SV\Female\SV_FacialMark_p06.png"
"99_角色產生器零件","RTP基本素材","99_角色產生器零件\RTP基本素材\SV\Female\SV_FacialMark_p06_c.png","576","384","Generator\SV\Female\SV_FacialMark_p06_c.png"
"99_角色產生器零件","RTP基本素材","99_角色產生器零件\RTP基本素材\SV\Female\SV_FacialMark_p07.png","576","384","Generator\SV\Female\SV_FacialMark_p07.png"
"99_角色產生器零件","RTP基本素材","99_角色產生器零件\RTP基本素材\SV\Female\SV_FacialMark_p07_c.png","576","384","Generator\SV\Female\SV_FacialMark_p07_c.png"
"99_角色產生器零件","RTP基本素材","99_角色產生器零件\RTP基本素材\SV\Female\SV_FrontHair_p01.png","576","384","Generator\SV\Female\SV_FrontHair_p01.png"
"99_角色產生器零件","RTP基本素材","99_角色產生器零件\RTP基本素材\SV\Female\SV_FrontHair_p01_c.png","576","384","Generator\SV\Female\SV_FrontHair_p01_c.png"
"99_角色產生器零件","RTP基本素材","99_角色產生器零件\RTP基本素材\SV\Female\SV_FrontHair_p02.png","576","384","Generator\SV\Female\SV_FrontHair_p02.png"
"99_角色產生器零件","RTP基本素材","99_角色產生器零件\RTP基本素材\SV\Female\SV_FrontHair_p02_c.png","576","384","Generator\SV\Female\SV_FrontHair_p02_c.png"
"99_角色產生器零件","RTP基本素材","99_角色產生器零件\RTP基本素材\SV\Female\SV_FrontHair_p03.png","576","384","Generator\SV\Female\SV_FrontHair_p03.png"
"99_角色產生器零件","RTP基本素材","99_角色產生器零件\RTP基本素材\SV\Female\SV_FrontHair_p03_c.png","576","384","Generator\SV\Female\SV_FrontHair_p03_c.png"
"99_角色產生器零件","RTP基本素材","99_角色產生器零件\RTP基本素材\SV\Female\SV_FrontHair_p04.png","576","384","Generator\SV\Female\SV_FrontHair_p04.png"
"99_角色產生器零件","RTP基本素材","99_角色產生器零件\RTP基本素材\SV\Female\SV_FrontHair_p04_c.png","576","384","Generator\SV\Female\SV_FrontHair_p04_c.png"
"99_角色產生器零件","RTP基本素材","99_角色產生器零件\RTP基本素材\SV\Female\SV_FrontHair_p05.png","576","384","Generator\SV\Female\SV_FrontHair_p05.png"
"99_角色產生器零件","RTP基本素材","99_角色產生器零件\RTP基本素材\SV\Female\SV_FrontHair_p05_c.png","576","384","Generator\SV\Female\SV_FrontHair_p05_c.png"
"99_角色產生器零件","RTP基本素材","99_角色產生器零件\RTP基本素材\SV\Female\SV_FrontHair_p06.png","576","384","Generator\SV\Female\SV_FrontHair_p06.png"
"99_角色產生器零件","RTP基本素材","99_角色產生器零件\RTP基本素材\SV\Female\SV_FrontHair_p06_c.png","576","384","Generator\SV\Female\SV_FrontHair_p06_c.png"
"99_角色產生器零件","RTP基本素材","99_角色產生器零件\RTP基本素材\SV\Female\SV_FrontHair_p07.png","576","384","Generator\SV\Female\SV_FrontHair_p07.png"
"99_角色產生器零件","RTP基本素材","99_角色產生器零件\RTP基本素材\SV\Female\SV_FrontHair_p07_c.png","576","384","Generator\SV\Female\SV_FrontHair_p07_c.png"
"99_角色產生器零件","RTP基本素材","99_角色產生器零件\RTP基本素材\SV\Female\SV_FrontHair_p08.png","576","384","Generator\SV\Female\SV_FrontHair_p08.png"
"99_角色產生器零件","RTP基本素材","99_角色產生器零件\RTP基本素材\SV\Female\SV_FrontHair_p08_c.png","576","384","Generator\SV\Female\SV_FrontHair_p08_c.png"
"99_角色產生器零件","RTP基本素材","99_角色產生器零件\RTP基本素材\SV\Female\SV_FrontHair_p09.png","576","384","Generator\SV\Female\SV_FrontHair_p09.png"
"99_角色產生器零件","RTP基本素材","99_角色產生器零件\RTP基本素材\SV\Female\SV_FrontHair_p09_c.png","576","384","Generator\SV\Female\SV_FrontHair_p09_c.png"
"99_角色產生器零件","RTP基本素材","99_角色產生器零件\RTP基本素材\SV\Female\SV_FrontHair_p10.png","576","384","Generator\SV\Female\SV_FrontHair_p10.png"
"99_角色產生器零件","RTP基本素材","99_角色產生器零件\RTP基本素材\SV\Female\SV_FrontHair_p10_c.png","576","384","Generator\SV\Female\SV_FrontHair_p10_c.png"
"99_角色產生器零件","RTP基本素材","99_角色產生器零件\RTP基本素材\SV\Female\SV_FrontHair_p11.png","576","384","Generator\SV\Female\SV_FrontHair_p11.png"
"99_角色產生器零件","RTP基本素材","99_角色產生器零件\RTP基本素材\SV\Female\SV_FrontHair_p11_c.png","576","384","Generator\SV\Female\SV_FrontHair_p11_c.png"
"99_角色產生器零件","RTP基本素材","99_角色產生器零件\RTP基本素材\SV\Female\SV_FrontHair_p12.png","576","384","Generator\SV\Female\SV_FrontHair_p12.png"
"99_角色產生器零件","RTP基本素材","99_角色產生器零件\RTP基本素材\SV\Female\SV_FrontHair_p12_c.png","576","384","Generator\SV\Female\SV_FrontHair_p12_c.png"
"99_角色產生器零件","RTP基本素材","99_角色產生器零件\RTP基本素材\SV\Female\SV_FrontHair_p13.png","576","384","Generator\SV\Female\SV_FrontHair_p13.png"
"99_角色產生器零件","RTP基本素材","99_角色產生器零件\RTP基本素材\SV\Female\SV_FrontHair_p13_c.png","576","384","Generator\SV\Female\SV_FrontHair_p13_c.png"
"99_角色產生器零件","RTP基本素材","99_角色產生器零件\RTP基本素材\SV\Female\SV_FrontHair_p14.png","576","384","Generator\SV\Female\SV_FrontHair_p14.png"
"99_角色產生器零件","RTP基本素材","99_角色產生器零件\RTP基本素材\SV\Female\SV_FrontHair_p14_c.png","576","384","Generator\SV\Female\SV_FrontHair_p14_c.png"
"99_角色產生器零件","RTP基本素材","99_角色產生器零件\RTP基本素材\SV\Female\SV_FrontHair_p15.png","576","384","Generator\SV\Female\SV_FrontHair_p15.png"
"99_角色產生器零件","RTP基本素材","99_角色產生器零件\RTP基本素材\SV\Female\SV_FrontHair_p15_c.png","576","384","Generator\SV\Female\SV_FrontHair_p15_c.png"
"99_角色產生器零件","RTP基本素材","99_角色產生器零件\RTP基本素材\SV\Female\SV_Glasses_p01.png","576","384","Generator\SV\Female\SV_Glasses_p01.png"
"99_角色產生器零件","RTP基本素材","99_角色產生器零件\RTP基本素材\SV\Female\SV_Glasses_p01_c.png","576","384","Generator\SV\Female\SV_Glasses_p01_c.png"
"99_角色產生器零件","RTP基本素材","99_角色產生器零件\RTP基本素材\SV\Female\SV_Glasses_p02.png","576","384","Generator\SV\Female\SV_Glasses_p02.png"
"99_角色產生器零件","RTP基本素材","99_角色產生器零件\RTP基本素材\SV\Female\SV_Glasses_p02_c.png","576","384","Generator\SV\Female\SV_Glasses_p02_c.png"
"99_角色產生器零件","RTP基本素材","99_角色產生器零件\RTP基本素材\SV\Female\SV_Glasses_p03.png","576","384","Generator\SV\Female\SV_Glasses_p03.png"
"99_角色產生器零件","RTP基本素材","99_角色產生器零件\RTP基本素材\SV\Female\SV_Glasses_p03_c.png","576","384","Generator\SV\Female\SV_Glasses_p03_c.png"
"99_角色產生器零件","RTP基本素材","99_角色產生器零件\RTP基本素材\SV\Female\SV_Glasses_p04.png","576","384","Generator\SV\Female\SV_Glasses_p04.png"
"99_角色產生器零件","RTP基本素材","99_角色產生器零件\RTP基本素材\SV\Female\SV_Glasses_p04_c.png","576","384","Generator\SV\Female\SV_Glasses_p04_c.png"
"99_角色產生器零件","RTP基本素材","99_角色產生器零件\RTP基本素材\SV\Female\SV_Glasses_p05.png","576","384","Generator\SV\Female\SV_Glasses_p05.png"
"99_角色產生器零件","RTP基本素材","99_角色產生器零件\RTP基本素材\SV\Female\SV_Glasses_p05_c.png","576","384","Generator\SV\Female\SV_Glasses_p05_c.png"
"99_角色產生器零件","RTP基本素材","99_角色產生器零件\RTP基本素材\SV\Female\SV_Glasses_p06.png","576","384","Generator\SV\Female\SV_Glasses_p06.png"
"99_角色產生器零件","RTP基本素材","99_角色產生器零件\RTP基本素材\SV\Female\SV_Glasses_p06_c.png","576","384","Generator\SV\Female\SV_Glasses_p06_c.png"
"99_角色產生器零件","RTP基本素材","99_角色產生器零件\RTP基本素材\SV\Female\SV_RearHair1_p01.png","576","384","Generator\SV\Female\SV_RearHair1_p01.png"
"99_角色產生器零件","RTP基本素材","99_角色產生器零件\RTP基本素材\SV\Female\SV_RearHair1_p01_c.png","576","384","Generator\SV\Female\SV_RearHair1_p01_c.png"
"99_角色產生器零件","RTP基本素材","99_角色產生器零件\RTP基本素材\SV\Female\SV_RearHair1_p02.png","576","384","Generator\SV\Female\SV_RearHair1_p02.png"
"99_角色產生器零件","RTP基本素材","99_角色產生器零件\RTP基本素材\SV\Female\SV_RearHair1_p02_c.png","576","384","Generator\SV\Female\SV_RearHair1_p02_c.png"
"99_角色產生器零件","RTP基本素材","99_角色產生器零件\RTP基本素材\SV\Female\SV_RearHair1_p03.png","576","384","Generator\SV\Female\SV_RearHair1_p03.png"
"99_角色產生器零件","RTP基本素材","99_角色產生器零件\RTP基本素材\SV\Female\SV_RearHair1_p03_c.png","576","384","Generator\SV\Female\SV_RearHair1_p03_c.png"
"99_角色產生器零件","RTP基本素材","99_角色產生器零件\RTP基本素材\SV\Female\SV_RearHair1_p04.png","576","384","Generator\SV\Female\SV_RearHair1_p04.png"
"99_角色產生器零件","RTP基本素材","99_角色產生器零件\RTP基本素材\SV\Female\SV_RearHair1_p04_c.png","576","384","Generator\SV\Female\SV_RearHair1_p04_c.png"
"99_角色產生器零件","RTP基本素材","99_角色產生器零件\RTP基本素材\SV\Female\SV_RearHair1_p05.png","576","384","Generator\SV\Female\SV_RearHair1_p05.png"
"99_角色產生器零件","RTP基本素材","99_角色產生器零件\RTP基本素材\SV\Female\SV_RearHair1_p05_c.png","576","384","Generator\SV\Female\SV_RearHair1_p05_c.png"
"99_角色產生器零件","RTP基本素材","99_角色產生器零件\RTP基本素材\SV\Female\SV_RearHair1_p06.png","576","384","Generator\SV\Female\SV_RearHair1_p06.png"
"99_角色產生器零件","RTP基本素材","99_角色產生器零件\RTP基本素材\SV\Female\SV_RearHair1_p06_c.png","576","384","Generator\SV\Female\SV_RearHair1_p06_c.png"
"99_角色產生器零件","RTP基本素材","99_角色產生器零件\RTP基本素材\SV\Female\SV_RearHair1_p07.png","576","384","Generator\SV\Female\SV_RearHair1_p07.png"
"99_角色產生器零件","RTP基本素材","99_角色產生器零件\RTP基本素材\SV\Female\SV_RearHair1_p07_c.png","576","384","Generator\SV\Female\SV_RearHair1_p07_c.png"
"99_角色產生器零件","RTP基本素材","99_角色產生器零件\RTP基本素材\SV\Female\SV_RearHair1_p08.png","576","384","Generator\SV\Female\SV_RearHair1_p08.png"
"99_角色產生器零件","RTP基本素材","99_角色產生器零件\RTP基本素材\SV\Female\SV_RearHair1_p08_c.png","576","384","Generator\SV\Female\SV_RearHair1_p08_c.png"
"99_角色產生器零件","RTP基本素材","99_角色產生器零件\RTP基本素材\SV\Female\SV_RearHair1_p09.png","576","384","Generator\SV\Female\SV_RearHair1_p09.png"
"99_角色產生器零件","RTP基本素材","99_角色產生器零件\RTP基本素材\SV\Female\SV_RearHair1_p09_c.png","576","384","Generator\SV\Female\SV_RearHair1_p09_c.png"
"99_角色產生器零件","RTP基本素材","99_角色產生器零件\RTP基本素材\SV\Female\SV_RearHair1_p10.png","576","384","Generator\SV\Female\SV_RearHair1_p10.png"
"99_角色產生器零件","RTP基本素材","99_角色產生器零件\RTP基本素材\SV\Female\SV_RearHair1_p10_c.png","576","384","Generator\SV\Female\SV_RearHair1_p10_c.png"
"99_角色產生器零件","RTP基本素材","99_角色產生器零件\RTP基本素材\SV\Female\SV_RearHair1_p11.png","576","384","Generator\SV\Female\SV_RearHair1_p11.png"
"99_角色產生器零件","RTP基本素材","99_角色產生器零件\RTP基本素材\SV\Female\SV_RearHair1_p11_c.png","576","384","Generator\SV\Female\SV_RearHair1_p11_c.png"
"99_角色產生器零件","RTP基本素材","99_角色產生器零件\RTP基本素材\SV\Female\SV_RearHair1_p12.png","576","384","Generator\SV\Female\SV_RearHair1_p12.png"
"99_角色產生器零件","RTP基本素材","99_角色產生器零件\RTP基本素材\SV\Female\SV_RearHair1_p12_c.png","576","384","Generator\SV\Female\SV_RearHair1_p12_c.png"
"99_角色產生器零件","RTP基本素材","99_角色產生器零件\RTP基本素材\SV\Female\SV_RearHair1_p13.png","576","384","Generator\SV\Female\SV_RearHair1_p13.png"
"99_角色產生器零件","RTP基本素材","99_角色產生器零件\RTP基本素材\SV\Female\SV_RearHair1_p13_c.png","576","384","Generator\SV\Female\SV_RearHair1_p13_c.png"
"99_角色產生器零件","RTP基本素材","99_角色產生器零件\RTP基本素材\SV\Female\SV_RearHair1_p14.png","576","384","Generator\SV\Female\SV_RearHair1_p14.png"
"99_角色產生器零件","RTP基本素材","99_角色產生器零件\RTP基本素材\SV\Female\SV_RearHair1_p14_c.png","576","384","Generator\SV\Female\SV_RearHair1_p14_c.png"
"99_角色產生器零件","RTP基本素材","99_角色產生器零件\RTP基本素材\SV\Female\SV_RearHair1_p15.png","576","384","Generator\SV\Female\SV_RearHair1_p15.png"
"99_角色產生器零件","RTP基本素材","99_角色產生器零件\RTP基本素材\SV\Female\SV_RearHair1_p15_c.png","576","384","Generator\SV\Female\SV_RearHair1_p15_c.png"
"99_角色產生器零件","RTP基本素材","99_角色產生器零件\RTP基本素材\SV\Female\SV_RearHair1_p16.png","576","384","Generator\SV\Female\SV_RearHair1_p16.png"
"99_角色產生器零件","RTP基本素材","99_角色產生器零件\RTP基本素材\SV\Female\SV_RearHair1_p16_c.png","576","384","Generator\SV\Female\SV_RearHair1_p16_c.png"
"99_角色產生器零件","RTP基本素材","99_角色產生器零件\RTP基本素材\SV\Female\SV_RearHair1_p17.png","576","384","Generator\SV\Female\SV_RearHair1_p17.png"
"99_角色產生器零件","RTP基本素材","99_角色產生器零件\RTP基本素材\SV\Female\SV_RearHair1_p17_c.png","576","384","Generator\SV\Female\SV_RearHair1_p17_c.png"
"99_角色產生器零件","RTP基本素材","99_角色產生器零件\RTP基本素材\SV\Female\SV_RearHair1_p18.png","576","384","Generator\SV\Female\SV_RearHair1_p18.png"
"99_角色產生器零件","RTP基本素材","99_角色產生器零件\RTP基本素材\SV\Female\SV_RearHair1_p18_c.png","576","384","Generator\SV\Female\SV_RearHair1_p18_c.png"
"99_角色產生器零件","RTP基本素材","99_角色產生器零件\RTP基本素材\SV\Female\SV_RearHair1_p19.png","576","384","Generator\SV\Female\SV_RearHair1_p19.png"
"99_角色產生器零件","RTP基本素材","99_角色產生器零件\RTP基本素材\SV\Female\SV_RearHair1_p19_c.png","576","384","Generator\SV\Female\SV_RearHair1_p19_c.png"
"99_角色產生器零件","RTP基本素材","99_角色產生器零件\RTP基本素材\SV\Female\SV_RearHair1_p20.png","576","384","Generator\SV\Female\SV_RearHair1_p20.png"
"99_角色產生器零件","RTP基本素材","99_角色產生器零件\RTP基本素材\SV\Female\SV_RearHair1_p20_c.png","576","384","Generator\SV\Female\SV_RearHair1_p20_c.png"
"99_角色產生器零件","RTP基本素材","99_角色產生器零件\RTP基本素材\SV\Female\SV_Tail_p01.png","576","384","Generator\SV\Female\SV_Tail_p01.png"
"99_角色產生器零件","RTP基本素材","99_角色產生器零件\RTP基本素材\SV\Female\SV_Tail_p01_c.png","576","384","Generator\SV\Female\SV_Tail_p01_c.png"
"99_角色產生器零件","RTP基本素材","99_角色產生器零件\RTP基本素材\SV\Female\SV_Tail_p02.png","576","384","Generator\SV\Female\SV_Tail_p02.png"
"99_角色產生器零件","RTP基本素材","99_角色產生器零件\RTP基本素材\SV\Female\SV_Tail_p02_c.png","576","384","Generator\SV\Female\SV_Tail_p02_c.png"
"99_角色產生器零件","RTP基本素材","99_角色產生器零件\RTP基本素材\SV\Female\SV_Tail_p03.png","576","384","Generator\SV\Female\SV_Tail_p03.png"
"99_角色產生器零件","RTP基本素材","99_角色產生器零件\RTP基本素材\SV\Female\SV_Tail_p03_c.png","576","384","Generator\SV\Female\SV_Tail_p03_c.png"
"99_角色產生器零件","RTP基本素材","99_角色產生器零件\RTP基本素材\SV\Female\SV_Tail_p04.png","576","384","Generator\SV\Female\SV_Tail_p04.png"
"99_角色產生器零件","RTP基本素材","99_角色產生器零件\RTP基本素材\SV\Female\SV_Tail_p04_c.png","576","384","Generator\SV\Female\SV_Tail_p04_c.png"
"99_角色產生器零件","RTP基本素材","99_角色產生器零件\RTP基本素材\SV\Female\SV_Tail_p05.png","576","384","Generator\SV\Female\SV_Tail_p05.png"
"99_角色產生器零件","RTP基本素材","99_角色產生器零件\RTP基本素材\SV\Female\SV_Tail_p05_c.png","576","384","Generator\SV\Female\SV_Tail_p05_c.png"
"99_角色產生器零件","RTP基本素材","99_角色產生器零件\RTP基本素材\SV\Female\SV_Tail_p06.png","576","384","Generator\SV\Female\SV_Tail_p06.png"
"99_角色產生器零件","RTP基本素材","99_角色產生器零件\RTP基本素材\SV\Female\SV_Tail_p06_c.png","576","384","Generator\SV\Female\SV_Tail_p06_c.png"
"99_角色產生器零件","RTP基本素材","99_角色產生器零件\RTP基本素材\SV\Female\SV_Wing_p01.png","576","384","Generator\SV\Female\SV_Wing_p01.png"
"99_角色產生器零件","RTP基本素材","99_角色產生器零件\RTP基本素材\SV\Female\SV_Wing_p01_c.png","576","384","Generator\SV\Female\SV_Wing_p01_c.png"
"99_角色產生器零件","RTP基本素材","99_角色產生器零件\RTP基本素材\SV\Female\SV_Wing_p02.png","576","384","Generator\SV\Female\SV_Wing_p02.png"
"99_角色產生器零件","RTP基本素材","99_角色產生器零件\RTP基本素材\SV\Female\SV_Wing_p02_c.png","576","384","Generator\SV\Female\SV_Wing_p02_c.png"
"99_角色產生器零件","RTP基本素材","99_角色產生器零件\RTP基本素材\SV\Female\SV_Wing_p03.png","576","384","Generator\SV\Female\SV_Wing_p03.png"
"99_角色產生器零件","RTP基本素材","99_角色產生器零件\RTP基本素材\SV\Female\SV_Wing_p03_c.png","576","384","Generator\SV\Female\SV_Wing_p03_c.png"
"99_角色產生器零件","RTP基本素材","99_角色產生器零件\RTP基本素材\SV\Female\SV_Wing_p04.png","576","384","Generator\SV\Female\SV_Wing_p04.png"
"99_角色產生器零件","RTP基本素材","99_角色產生器零件\RTP基本素材\SV\Female\SV_Wing_p04_c.png","576","384","Generator\SV\Female\SV_Wing_p04_c.png"
"99_角色產生器零件","RTP基本素材","99_角色產生器零件\RTP基本素材\SV\Female\SV_Wing_p05.png","576","384","Generator\SV\Female\SV_Wing_p05.png"
"99_角色產生器零件","RTP基本素材","99_角色產生器零件\RTP基本素材\SV\Female\SV_Wing_p05_c.png","576","384","Generator\SV\Female\SV_Wing_p05_c.png"
"99_角色產生器零件","RTP基本素材","99_角色產生器零件\RTP基本素材\SV\Female\SV_body_p01.png","576","384","Generator\SV\Female\SV_body_p01.png"
"99_角色產生器零件","RTP基本素材","99_角色產生器零件\RTP基本素材\SV\Female\SV_body_p01_c.png","576","384","Generator\SV\Female\SV_body_p01_c.png"
"99_角色產生器零件","RTP基本素材","99_角色產生器零件\RTP基本素材\SV\Kid\SV_Clothing1_p00.png","576","384","Generator\SV\Kid\SV_Clothing1_p00.png"
"99_角色產生器零件","RTP基本素材","99_角色產生器零件\RTP基本素材\SV\Kid\SV_Clothing1_p00_c.png","576","384","Generator\SV\Kid\SV_Clothing1_p00_c.png"
"99_角色產生器零件","RTP基本素材","99_角色產生器零件\RTP基本素材\SV\Kid\SV_FrontHair_p00.png","576","384","Generator\SV\Kid\SV_FrontHair_p00.png"
"99_角色產生器零件","RTP基本素材","99_角色產生器零件\RTP基本素材\SV\Kid\SV_FrontHair_p00_c.png","576","384","Generator\SV\Kid\SV_FrontHair_p00_c.png"
"99_角色產生器零件","RTP基本素材","99_角色產生器零件\RTP基本素材\SV\Kid\SV_RearHair1_p00.png","576","384","Generator\SV\Kid\SV_RearHair1_p00.png"
"99_角色產生器零件","RTP基本素材","99_角色產生器零件\RTP基本素材\SV\Kid\SV_RearHair1_p00_c.png","576","384","Generator\SV\Kid\SV_RearHair1_p00_c.png"
"99_角色產生器零件","RTP基本素材","99_角色產生器零件\RTP基本素材\SV\Kid\SV_body_p01.png","576","384","Generator\SV\Kid\SV_body_p01.png"
"99_角色產生器零件","RTP基本素材","99_角色產生器零件\RTP基本素材\SV\Kid\SV_body_p01_c.png","576","384","Generator\SV\Kid\SV_body_p01_c.png"
"99_角色產生器零件","RTP基本素材","99_角色產生器零件\RTP基本素材\SV\Male\SV_AccA_p01.png","576","384","Generator\SV\Male\SV_AccA_p01.png"
"99_角色產生器零件","RTP基本素材","99_角色產生器零件\RTP基本素材\SV\Male\SV_AccA_p01_c.png","576","384","Generator\SV\Male\SV_AccA_p01_c.png"
"99_角色產生器零件","RTP基本素材","99_角色產生器零件\RTP基本素材\SV\Male\SV_AccA_p02.png","576","384","Generator\SV\Male\SV_AccA_p02.png"
"99_角色產生器零件","RTP基本素材","99_角色產生器零件\RTP基本素材\SV\Male\SV_AccA_p02_c.png","576","384","Generator\SV\Male\SV_AccA_p02_c.png"
"99_角色產生器零件","RTP基本素材","99_角色產生器零件\RTP基本素材\SV\Male\SV_AccA_p03.png","576","384","Generator\SV\Male\SV_AccA_p03.png"
"99_角色產生器零件","RTP基本素材","99_角色產生器零件\RTP基本素材\SV\Male\SV_AccA_p03_c.png","576","384","Generator\SV\Male\SV_AccA_p03_c.png"
"99_角色產生器零件","RTP基本素材","99_角色產生器零件\RTP基本素材\SV\Male\SV_AccA_p04.png","576","384","Generator\SV\Male\SV_AccA_p04.png"
"99_角色產生器零件","RTP基本素材","99_角色產生器零件\RTP基本素材\SV\Male\SV_AccA_p04_c.png","576","384","Generator\SV\Male\SV_AccA_p04_c.png"
"99_角色產生器零件","RTP基本素材","99_角色產生器零件\RTP基本素材\SV\Male\SV_AccA_p05.png","576","384","Generator\SV\Male\SV_AccA_p05.png"
"99_角色產生器零件","RTP基本素材","99_角色產生器零件\RTP基本素材\SV\Male\SV_AccA_p05_c.png","576","384","Generator\SV\Male\SV_AccA_p05_c.png"
"99_角色產生器零件","RTP基本素材","99_角色產生器零件\RTP基本素材\SV\Male\SV_AccA_p06.png","576","384","Generator\SV\Male\SV_AccA_p06.png"
"99_角色產生器零件","RTP基本素材","99_角色產生器零件\RTP基本素材\SV\Male\SV_AccA_p06_c.png","576","384","Generator\SV\Male\SV_AccA_p06_c.png"
"99_角色產生器零件","RTP基本素材","99_角色產生器零件\RTP基本素材\SV\Male\SV_AccA_p07.png","576","384","Generator\SV\Male\SV_AccA_p07.png"
"99_角色產生器零件","RTP基本素材","99_角色產生器零件\RTP基本素材\SV\Male\SV_AccA_p07_c.png","576","384","Generator\SV\Male\SV_AccA_p07_c.png"
"99_角色產生器零件","RTP基本素材","99_角色產生器零件\RTP基本素材\SV\Male\SV_AccA_p08.png","576","384","Generator\SV\Male\SV_AccA_p08.png"
"99_角色產生器零件","RTP基本素材","99_角色產生器零件\RTP基本素材\SV\Male\SV_AccA_p08_c.png","576","384","Generator\SV\Male\SV_AccA_p08_c.png"
"99_角色產生器零件","RTP基本素材","99_角色產生器零件\RTP基本素材\SV\Male\SV_AccB_p01.png","576","384","Generator\SV\Male\SV_AccB_p01.png"
"99_角色產生器零件","RTP基本素材","99_角色產生器零件\RTP基本素材\SV\Male\SV_AccB_p01_c.png","576","384","Generator\SV\Male\SV_AccB_p01_c.png"
"99_角色產生器零件","RTP基本素材","99_角色產生器零件\RTP基本素材\SV\Male\SV_AccB_p02.png","576","384","Generator\SV\Male\SV_AccB_p02.png"
"99_角色產生器零件","RTP基本素材","99_角色產生器零件\RTP基本素材\SV\Male\SV_AccB_p02_c.png","576","384","Generator\SV\Male\SV_AccB_p02_c.png"
"99_角色產生器零件","RTP基本素材","99_角色產生器零件\RTP基本素材\SV\Male\SV_AccB_p03.png","576","384","Generator\SV\Male\SV_AccB_p03.png"
"99_角色產生器零件","RTP基本素材","99_角色產生器零件\RTP基本素材\SV\Male\SV_AccB_p03_c.png","576","384","Generator\SV\Male\SV_AccB_p03_c.png"
"99_角色產生器零件","RTP基本素材","99_角色產生器零件\RTP基本素材\SV\Male\SV_AccB_p04.png","576","384","Generator\SV\Male\SV_AccB_p04.png"
"99_角色產生器零件","RTP基本素材","99_角色產生器零件\RTP基本素材\SV\Male\SV_AccB_p04_c.png","576","384","Generator\SV\Male\SV_AccB_p04_c.png"
"99_角色產生器零件","RTP基本素材","99_角色產生器零件\RTP基本素材\SV\Male\SV_AccB_p05.png","576","384","Generator\SV\Male\SV_AccB_p05.png"
"99_角色產生器零件","RTP基本素材","99_角色產生器零件\RTP基本素材\SV\Male\SV_AccB_p05_c.png","576","384","Generator\SV\Male\SV_AccB_p05_c.png"
"99_角色產生器零件","RTP基本素材","99_角色產生器零件\RTP基本素材\SV\Male\SV_AccB_p06.png","576","384","Generator\SV\Male\SV_AccB_p06.png"
"99_角色產生器零件","RTP基本素材","99_角色產生器零件\RTP基本素材\SV\Male\SV_AccB_p06_c.png","576","384","Generator\SV\Male\SV_AccB_p06_c.png"
"99_角色產生器零件","RTP基本素材","99_角色產生器零件\RTP基本素材\SV\Male\SV_AccB_p07.png","576","384","Generator\SV\Male\SV_AccB_p07.png"
"99_角色產生器零件","RTP基本素材","99_角色產生器零件\RTP基本素材\SV\Male\SV_AccB_p07_c.png","576","384","Generator\SV\Male\SV_AccB_p07_c.png"
"99_角色產生器零件","RTP基本素材","99_角色產生器零件\RTP基本素材\SV\Male\SV_AccB_p08.png","576","384","Generator\SV\Male\SV_AccB_p08.png"
"99_角色產生器零件","RTP基本素材","99_角色產生器零件\RTP基本素材\SV\Male\SV_AccB_p08_c.png","576","384","Generator\SV\Male\SV_AccB_p08_c.png"
"99_角色產生器零件","RTP基本素材","99_角色產生器零件\RTP基本素材\SV\Male\SV_Beard_p01.png","576","384","Generator\SV\Male\SV_Beard_p01.png"
"99_角色產生器零件","RTP基本素材","99_角色產生器零件\RTP基本素材\SV\Male\SV_Beard_p01_c.png","576","384","Generator\SV\Male\SV_Beard_p01_c.png"
"99_角色產生器零件","RTP基本素材","99_角色產生器零件\RTP基本素材\SV\Male\SV_Beard_p02.png","576","384","Generator\SV\Male\SV_Beard_p02.png"
"99_角色產生器零件","RTP基本素材","99_角色產生器零件\RTP基本素材\SV\Male\SV_Beard_p02_c.png","576","384","Generator\SV\Male\SV_Beard_p02_c.png"
"99_角色產生器零件","RTP基本素材","99_角色產生器零件\RTP基本素材\SV\Male\SV_Beard_p03.png","576","384","Generator\SV\Male\SV_Beard_p03.png"
"99_角色產生器零件","RTP基本素材","99_角色產生器零件\RTP基本素材\SV\Male\SV_Beard_p03_c.png","576","384","Generator\SV\Male\SV_Beard_p03_c.png"
"99_角色產生器零件","RTP基本素材","99_角色產生器零件\RTP基本素材\SV\Male\SV_Beard_p04.png","576","384","Generator\SV\Male\SV_Beard_p04.png"
"99_角色產生器零件","RTP基本素材","99_角色產生器零件\RTP基本素材\SV\Male\SV_Beard_p04_c.png","576","384","Generator\SV\Male\SV_Beard_p04_c.png"
"99_角色產生器零件","RTP基本素材","99_角色產生器零件\RTP基本素材\SV\Male\SV_Beard_p05.png","576","384","Generator\SV\Male\SV_Beard_p05.png"
"99_角色產生器零件","RTP基本素材","99_角色產生器零件\RTP基本素材\SV\Male\SV_Beard_p05_c.png","576","384","Generator\SV\Male\SV_Beard_p05_c.png"
"99_角色產生器零件","RTP基本素材","99_角色產生器零件\RTP基本素材\SV\Male\SV_Beard_p06.png","576","384","Generator\SV\Male\SV_Beard_p06.png"
"99_角色產生器零件","RTP基本素材","99_角色產生器零件\RTP基本素材\SV\Male\SV_Beard_p06_c.png","576","384","Generator\SV\Male\SV_Beard_p06_c.png"
"99_角色產生器零件","RTP基本素材","99_角色產生器零件\RTP基本素材\SV\Male\SV_Beard_p07.png","576","384","Generator\SV\Male\SV_Beard_p07.png"
"99_角色產生器零件","RTP基本素材","99_角色產生器零件\RTP基本素材\SV\Male\SV_Beard_p07_c.png","576","384","Generator\SV\Male\SV_Beard_p07_c.png"
"99_角色產生器零件","RTP基本素材","99_角色產生器零件\RTP基本素材\SV\Male\SV_Beard_p08.png","576","384","Generator\SV\Male\SV_Beard_p08.png"
"99_角色產生器零件","RTP基本素材","99_角色產生器零件\RTP基本素材\SV\Male\SV_Beard_p08_c.png","576","384","Generator\SV\Male\SV_Beard_p08_c.png"
"99_角色產生器零件","RTP基本素材","99_角色產生器零件\RTP基本素材\SV\Male\SV_Beard_p09.png","576","384","Generator\SV\Male\SV_Beard_p09.png"
"99_角色產生器零件","RTP基本素材","99_角色產生器零件\RTP基本素材\SV\Male\SV_Beard_p09_c.png","576","384","Generator\SV\Male\SV_Beard_p09_c.png"
"99_角色產生器零件","RTP基本素材","99_角色產生器零件\RTP基本素材\SV\Male\SV_Beard_p10.png","576","384","Generator\SV\Male\SV_Beard_p10.png"
"99_角色產生器零件","RTP基本素材","99_角色產生器零件\RTP基本素材\SV\Male\SV_Beard_p10_c.png","576","384","Generator\SV\Male\SV_Beard_p10_c.png"
"99_角色產生器零件","RTP基本素材","99_角色產生器零件\RTP基本素材\SV\Male\SV_Beard_p11.png","576","384","Generator\SV\Male\SV_Beard_p11.png"
"99_角色產生器零件","RTP基本素材","99_角色產生器零件\RTP基本素材\SV\Male\SV_Beard_p11_c.png","576","384","Generator\SV\Male\SV_Beard_p11_c.png"
"99_角色產生器零件","RTP基本素材","99_角色產生器零件\RTP基本素材\SV\Male\SV_BeastEars_p01.png","576","384","Generator\SV\Male\SV_BeastEars_p01.png"
"99_角色產生器零件","RTP基本素材","99_角色產生器零件\RTP基本素材\SV\Male\SV_BeastEars_p01_c.png","576","384","Generator\SV\Male\SV_BeastEars_p01_c.png"
"99_角色產生器零件","RTP基本素材","99_角色產生器零件\RTP基本素材\SV\Male\SV_BeastEars_p02.png","576","384","Generator\SV\Male\SV_BeastEars_p02.png"
"99_角色產生器零件","RTP基本素材","99_角色產生器零件\RTP基本素材\SV\Male\SV_BeastEars_p02_c.png","576","384","Generator\SV\Male\SV_BeastEars_p02_c.png"
"99_角色產生器零件","RTP基本素材","99_角色產生器零件\RTP基本素材\SV\Male\SV_BeastEars_p03.png","576","384","Generator\SV\Male\SV_BeastEars_p03.png"
"99_角色產生器零件","RTP基本素材","99_角色產生器零件\RTP基本素材\SV\Male\SV_BeastEars_p03_c.png","576","384","Generator\SV\Male\SV_BeastEars_p03_c.png"
"99_角色產生器零件","RTP基本素材","99_角色產生器零件\RTP基本素材\SV\Male\SV_BeastEars_p04.png","576","384","Generator\SV\Male\SV_BeastEars_p04.png"
"99_角色產生器零件","RTP基本素材","99_角色產生器零件\RTP基本素材\SV\Male\SV_BeastEars_p04_c.png","576","384","Generator\SV\Male\SV_BeastEars_p04_c.png"
"99_角色產生器零件","RTP基本素材","99_角色產生器零件\RTP基本素材\SV\Male\SV_BeastEars_p05.png","576","384","Generator\SV\Male\SV_BeastEars_p05.png"
"99_角色產生器零件","RTP基本素材","99_角色產生器零件\RTP基本素材\SV\Male\SV_BeastEars_p05_c.png","576","384","Generator\SV\Male\SV_BeastEars_p05_c.png"
"99_角色產生器零件","RTP基本素材","99_角色產生器零件\RTP基本素材\SV\Male\SV_BeastEars_p06.png","576","384","Generator\SV\Male\SV_BeastEars_p06.png"
"99_角色產生器零件","RTP基本素材","99_角色產生器零件\RTP基本素材\SV\Male\SV_BeastEars_p06_c.png","576","384","Generator\SV\Male\SV_BeastEars_p06_c.png"
"99_角色產生器零件","RTP基本素材","99_角色產生器零件\RTP基本素材\SV\Male\SV_Cloak1_p01.png","576","384","Generator\SV\Male\SV_Cloak1_p01.png"
"99_角色產生器零件","RTP基本素材","99_角色產生器零件\RTP基本素材\SV\Male\SV_Cloak1_p01_c.png","576","384","Generator\SV\Male\SV_Cloak1_p01_c.png"
"99_角色產生器零件","RTP基本素材","99_角色產生器零件\RTP基本素材\SV\Male\SV_Cloak1_p02.png","576","384","Generator\SV\Male\SV_Cloak1_p02.png"
"99_角色產生器零件","RTP基本素材","99_角色產生器零件\RTP基本素材\SV\Male\SV_Cloak1_p02_c.png","576","384","Generator\SV\Male\SV_Cloak1_p02_c.png"
"99_角色產生器零件","RTP基本素材","99_角色產生器零件\RTP基本素材\SV\Male\SV_Cloak1_p03.png","576","384","Generator\SV\Male\SV_Cloak1_p03.png"
"99_角色產生器零件","RTP基本素材","99_角色產生器零件\RTP基本素材\SV\Male\SV_Cloak1_p03_c.png","576","384","Generator\SV\Male\SV_Cloak1_p03_c.png"
"99_角色產生器零件","RTP基本素材","99_角色產生器零件\RTP基本素材\SV\Male\SV_Cloak1_p04.png","576","384","Generator\SV\Male\SV_Cloak1_p04.png"
"99_角色產生器零件","RTP基本素材","99_角色產生器零件\RTP基本素材\SV\Male\SV_Cloak1_p04_c.png","576","384","Generator\SV\Male\SV_Cloak1_p04_c.png"
"99_角色產生器零件","RTP基本素材","99_角色產生器零件\RTP基本素材\SV\Male\SV_Cloak2_p01.png","576","384","Generator\SV\Male\SV_Cloak2_p01.png"
"99_角色產生器零件","RTP基本素材","99_角色產生器零件\RTP基本素材\SV\Male\SV_Cloak2_p01_c.png","576","384","Generator\SV\Male\SV_Cloak2_p01_c.png"
"99_角色產生器零件","RTP基本素材","99_角色產生器零件\RTP基本素材\SV\Male\SV_Cloak2_p02.png","576","384","Generator\SV\Male\SV_Cloak2_p02.png"
"99_角色產生器零件","RTP基本素材","99_角色產生器零件\RTP基本素材\SV\Male\SV_Cloak2_p02_c.png","576","384","Generator\SV\Male\SV_Cloak2_p02_c.png"
"99_角色產生器零件","RTP基本素材","99_角色產生器零件\RTP基本素材\SV\Male\SV_Cloak2_p03.png","576","384","Generator\SV\Male\SV_Cloak2_p03.png"
"99_角色產生器零件","RTP基本素材","99_角色產生器零件\RTP基本素材\SV\Male\SV_Cloak2_p03_c.png","576","384","Generator\SV\Male\SV_Cloak2_p03_c.png"
"99_角色產生器零件","RTP基本素材","99_角色產生器零件\RTP基本素材\SV\Male\SV_Cloak2_p04.png","576","384","Generator\SV\Male\SV_Cloak2_p04.png"
"99_角色產生器零件","RTP基本素材","99_角色產生器零件\RTP基本素材\SV\Male\SV_Cloak2_p04_c.png","576","384","Generator\SV\Male\SV_Cloak2_p04_c.png"
"99_角色產生器零件","RTP基本素材","99_角色產生器零件\RTP基本素材\SV\Male\SV_Clothing1_p01.png","576","384","Generator\SV\Male\SV_Clothing1_p01.png"
"99_角色產生器零件","RTP基本素材","99_角色產生器零件\RTP基本素材\SV\Male\SV_Clothing1_p01_c.png","576","384","Generator\SV\Male\SV_Clothing1_p01_c.png"
"99_角色產生器零件","RTP基本素材","99_角色產生器零件\RTP基本素材\SV\Male\SV_Clothing1_p02.png","576","384","Generator\SV\Male\SV_Clothing1_p02.png"
"99_角色產生器零件","RTP基本素材","99_角色產生器零件\RTP基本素材\SV\Male\SV_Clothing1_p02_c.png","576","384","Generator\SV\Male\SV_Clothing1_p02_c.png"
"99_角色產生器零件","RTP基本素材","99_角色產生器零件\RTP基本素材\SV\Male\SV_Clothing1_p03.png","576","384","Generator\SV\Male\SV_Clothing1_p03.png"
"99_角色產生器零件","RTP基本素材","99_角色產生器零件\RTP基本素材\SV\Male\SV_Clothing1_p03_c.png","576","384","Generator\SV\Male\SV_Clothing1_p03_c.png"
"99_角色產生器零件","RTP基本素材","99_角色產生器零件\RTP基本素材\SV\Male\SV_Clothing1_p04.png","576","384","Generator\SV\Male\SV_Clothing1_p04.png"
"99_角色產生器零件","RTP基本素材","99_角色產生器零件\RTP基本素材\SV\Male\SV_Clothing1_p04_c.png","576","384","Generator\SV\Male\SV_Clothing1_p04_c.png"
"99_角色產生器零件","RTP基本素材","99_角色產生器零件\RTP基本素材\SV\Male\SV_Clothing1_p05.png","576","384","Generator\SV\Male\SV_Clothing1_p05.png"
"99_角色產生器零件","RTP基本素材","99_角色產生器零件\RTP基本素材\SV\Male\SV_Clothing1_p05_c.png","576","384","Generator\SV\Male\SV_Clothing1_p05_c.png"
"99_角色產生器零件","RTP基本素材","99_角色產生器零件\RTP基本素材\SV\Male\SV_Clothing1_p06.png","576","384","Generator\SV\Male\SV_Clothing1_p06.png"
"99_角色產生器零件","RTP基本素材","99_角色產生器零件\RTP基本素材\SV\Male\SV_Clothing1_p06_c.png","576","384","Generator\SV\Male\SV_Clothing1_p06_c.png"
"99_角色產生器零件","RTP基本素材","99_角色產生器零件\RTP基本素材\SV\Male\SV_Clothing1_p07.png","576","384","Generator\SV\Male\SV_Clothing1_p07.png"
"99_角色產生器零件","RTP基本素材","99_角色產生器零件\RTP基本素材\SV\Male\SV_Clothing1_p07_c.png","576","384","Generator\SV\Male\SV_Clothing1_p07_c.png"
"99_角色產生器零件","RTP基本素材","99_角色產生器零件\RTP基本素材\SV\Male\SV_Clothing1_p08.png","576","384","Generator\SV\Male\SV_Clothing1_p08.png"
"99_角色產生器零件","RTP基本素材","99_角色產生器零件\RTP基本素材\SV\Male\SV_Clothing1_p08_c.png","576","384","Generator\SV\Male\SV_Clothing1_p08_c.png"
"99_角色產生器零件","RTP基本素材","99_角色產生器零件\RTP基本素材\SV\Male\SV_Clothing1_p09.png","576","384","Generator\SV\Male\SV_Clothing1_p09.png"
"99_角色產生器零件","RTP基本素材","99_角色產生器零件\RTP基本素材\SV\Male\SV_Clothing1_p09_c.png","576","384","Generator\SV\Male\SV_Clothing1_p09_c.png"
"99_角色產生器零件","RTP基本素材","99_角色產生器零件\RTP基本素材\SV\Male\SV_Clothing1_p10.png","576","384","Generator\SV\Male\SV_Clothing1_p10.png"
"99_角色產生器零件","RTP基本素材","99_角色產生器零件\RTP基本素材\SV\Male\SV_Clothing1_p10_c.png","576","384","Generator\SV\Male\SV_Clothing1_p10_c.png"
"99_角色產生器零件","RTP基本素材","99_角色產生器零件\RTP基本素材\SV\Male\SV_Clothing1_p11.png","576","384","Generator\SV\Male\SV_Clothing1_p11.png"
"99_角色產生器零件","RTP基本素材","99_角色產生器零件\RTP基本素材\SV\Male\SV_Clothing1_p11_c.png","576","384","Generator\SV\Male\SV_Clothing1_p11_c.png"
"99_角色產生器零件","RTP基本素材","99_角色產生器零件\RTP基本素材\SV\Male\SV_Clothing1_p12.png","576","384","Generator\SV\Male\SV_Clothing1_p12.png"
"99_角色產生器零件","RTP基本素材","99_角色產生器零件\RTP基本素材\SV\Male\SV_Clothing1_p12_c.png","576","384","Generator\SV\Male\SV_Clothing1_p12_c.png"
"99_角色產生器零件","RTP基本素材","99_角色產生器零件\RTP基本素材\SV\Male\SV_Clothing1_p13.png","576","384","Generator\SV\Male\SV_Clothing1_p13.png"
"99_角色產生器零件","RTP基本素材","99_角色產生器零件\RTP基本素材\SV\Male\SV_Clothing1_p13_c.png","576","384","Generator\SV\Male\SV_Clothing1_p13_c.png"
"99_角色產生器零件","RTP基本素材","99_角色產生器零件\RTP基本素材\SV\Male\SV_Clothing1_p14.png","576","384","Generator\SV\Male\SV_Clothing1_p14.png"
"99_角色產生器零件","RTP基本素材","99_角色產生器零件\RTP基本素材\SV\Male\SV_Clothing1_p15.png","576","384","Generator\SV\Male\SV_Clothing1_p15.png"
"99_角色產生器零件","RTP基本素材","99_角色產生器零件\RTP基本素材\SV\Male\SV_Clothing1_p15_c.png","576","384","Generator\SV\Male\SV_Clothing1_p15_c.png"
"99_角色產生器零件","RTP基本素材","99_角色產生器零件\RTP基本素材\SV\Male\SV_Clothing1_p16.png","576","384","Generator\SV\Male\SV_Clothing1_p16.png"
"99_角色產生器零件","RTP基本素材","99_角色產生器零件\RTP基本素材\SV\Male\SV_Clothing1_p16_c.png","576","384","Generator\SV\Male\SV_Clothing1_p16_c.png"
"99_角色產生器零件","RTP基本素材","99_角色產生器零件\RTP基本素材\SV\Male\SV_Clothing1_p17.png","576","384","Generator\SV\Male\SV_Clothing1_p17.png"
"99_角色產生器零件","RTP基本素材","99_角色產生器零件\RTP基本素材\SV\Male\SV_Clothing1_p17_c.png","576","384","Generator\SV\Male\SV_Clothing1_p17_c.png"
"99_角色產生器零件","RTP基本素材","99_角色產生器零件\RTP基本素材\SV\Male\SV_Clothing1_p18.png","576","384","Generator\SV\Male\SV_Clothing1_p18.png"
"99_角色產生器零件","RTP基本素材","99_角色產生器零件\RTP基本素材\SV\Male\SV_Clothing1_p18_c.png","576","384","Generator\SV\Male\SV_Clothing1_p18_c.png"
"99_角色產生器零件","RTP基本素材","99_角色產生器零件\RTP基本素材\SV\Male\SV_Clothing1_p19.png","576","384","Generator\SV\Male\SV_Clothing1_p19.png"
"99_角色產生器零件","RTP基本素材","99_角色產生器零件\RTP基本素材\SV\Male\SV_Clothing1_p19_c.png","576","384","Generator\SV\Male\SV_Clothing1_p19_c.png"
"99_角色產生器零件","RTP基本素材","99_角色產生器零件\RTP基本素材\SV\Male\SV_Clothing1_p21.png","576","384","Generator\SV\Male\SV_Clothing1_p21.png"
"99_角色產生器零件","RTP基本素材","99_角色產生器零件\RTP基本素材\SV\Male\SV_Clothing1_p21_c.png","576","384","Generator\SV\Male\SV_Clothing1_p21_c.png"
"99_角色產生器零件","RTP基本素材","99_角色產生器零件\RTP基本素材\SV\Male\SV_Clothing1_p22.png","576","384","Generator\SV\Male\SV_Clothing1_p22.png"
"99_角色產生器零件","RTP基本素材","99_角色產生器零件\RTP基本素材\SV\Male\SV_Clothing1_p22_c.png","576","384","Generator\SV\Male\SV_Clothing1_p22_c.png"
"99_角色產生器零件","RTP基本素材","99_角色產生器零件\RTP基本素材\SV\Male\SV_Clothing1_p23.png","576","384","Generator\SV\Male\SV_Clothing1_p23.png"
"99_角色產生器零件","RTP基本素材","99_角色產生器零件\RTP基本素材\SV\Male\SV_Clothing1_p23_c.png","576","384","Generator\SV\Male\SV_Clothing1_p23_c.png"
"99_角色產生器零件","RTP基本素材","99_角色產生器零件\RTP基本素材\SV\Male\SV_Clothing2_p01.png","576","384","Generator\SV\Male\SV_Clothing2_p01.png"
"99_角色產生器零件","RTP基本素材","99_角色產生器零件\RTP基本素材\SV\Male\SV_Clothing2_p01_c.png","576","384","Generator\SV\Male\SV_Clothing2_p01_c.png"
"99_角色產生器零件","RTP基本素材","99_角色產生器零件\RTP基本素材\SV\Male\SV_Clothing2_p02.png","576","384","Generator\SV\Male\SV_Clothing2_p02.png"
"99_角色產生器零件","RTP基本素材","99_角色產生器零件\RTP基本素材\SV\Male\SV_Clothing2_p02_c.png","576","384","Generator\SV\Male\SV_Clothing2_p02_c.png"
"99_角色產生器零件","RTP基本素材","99_角色產生器零件\RTP基本素材\SV\Male\SV_Clothing2_p03.png","576","384","Generator\SV\Male\SV_Clothing2_p03.png"
"99_角色產生器零件","RTP基本素材","99_角色產生器零件\RTP基本素材\SV\Male\SV_Clothing2_p03_c.png","576","384","Generator\SV\Male\SV_Clothing2_p03_c.png"
"99_角色產生器零件","RTP基本素材","99_角色產生器零件\RTP基本素材\SV\Male\SV_Clothing2_p04.png","576","384","Generator\SV\Male\SV_Clothing2_p04.png"
"99_角色產生器零件","RTP基本素材","99_角色產生器零件\RTP基本素材\SV\Male\SV_Clothing2_p04_c.png","576","384","Generator\SV\Male\SV_Clothing2_p04_c.png"
"99_角色產生器零件","RTP基本素材","99_角色產生器零件\RTP基本素材\SV\Male\SV_Clothing2_p05.png","576","384","Generator\SV\Male\SV_Clothing2_p05.png"
"99_角色產生器零件","RTP基本素材","99_角色產生器零件\RTP基本素材\SV\Male\SV_Clothing2_p05_c.png","576","384","Generator\SV\Male\SV_Clothing2_p05_c.png"
"99_角色產生器零件","RTP基本素材","99_角色產生器零件\RTP基本素材\SV\Male\SV_Clothing2_p06.png","576","384","Generator\SV\Male\SV_Clothing2_p06.png"
"99_角色產生器零件","RTP基本素材","99_角色產生器零件\RTP基本素材\SV\Male\SV_Clothing2_p06_c.png","576","384","Generator\SV\Male\SV_Clothing2_p06_c.png"
"99_角色產生器零件","RTP基本素材","99_角色產生器零件\RTP基本素材\SV\Male\SV_Clothing2_p07.png","576","384","Generator\SV\Male\SV_Clothing2_p07.png"
"99_角色產生器零件","RTP基本素材","99_角色產生器零件\RTP基本素材\SV\Male\SV_Clothing2_p07_c.png","576","384","Generator\SV\Male\SV_Clothing2_p07_c.png"
"99_角色產生器零件","RTP基本素材","99_角色產生器零件\RTP基本素材\SV\Male\SV_Clothing2_p08.png","576","384","Generator\SV\Male\SV_Clothing2_p08.png"
"99_角色產生器零件","RTP基本素材","99_角色產生器零件\RTP基本素材\SV\Male\SV_Clothing2_p08_c.png","576","384","Generator\SV\Male\SV_Clothing2_p08_c.png"
"99_角色產生器零件","RTP基本素材","99_角色產生器零件\RTP基本素材\SV\Male\SV_Clothing2_p09.png","576","384","Generator\SV\Male\SV_Clothing2_p09.png"
"99_角色產生器零件","RTP基本素材","99_角色產生器零件\RTP基本素材\SV\Male\SV_Clothing2_p09_c.png","576","384","Generator\SV\Male\SV_Clothing2_p09_c.png"
"99_角色產生器零件","RTP基本素材","99_角色產生器零件\RTP基本素材\SV\Male\SV_Clothing2_p10.png","576","384","Generator\SV\Male\SV_Clothing2_p10.png"
"99_角色產生器零件","RTP基本素材","99_角色產生器零件\RTP基本素材\SV\Male\SV_Clothing2_p10_c.png","576","384","Generator\SV\Male\SV_Clothing2_p10_c.png"
"99_角色產生器零件","RTP基本素材","99_角色產生器零件\RTP基本素材\SV\Male\SV_Clothing2_p11.png","576","384","Generator\SV\Male\SV_Clothing2_p11.png"
"99_角色產生器零件","RTP基本素材","99_角色產生器零件\RTP基本素材\SV\Male\SV_Clothing2_p11_c.png","576","384","Generator\SV\Male\SV_Clothing2_p11_c.png"
"99_角色產生器零件","RTP基本素材","99_角色產生器零件\RTP基本素材\SV\Male\SV_Clothing2_p12.png","576","384","Generator\SV\Male\SV_Clothing2_p12.png"
"99_角色產生器零件","RTP基本素材","99_角色產生器零件\RTP基本素材\SV\Male\SV_Clothing2_p12_c.png","576","384","Generator\SV\Male\SV_Clothing2_p12_c.png"
"99_角色產生器零件","RTP基本素材","99_角色產生器零件\RTP基本素材\SV\Male\SV_Clothing2_p13.png","576","384","Generator\SV\Male\SV_Clothing2_p13.png"
"99_角色產生器零件","RTP基本素材","99_角色產生器零件\RTP基本素材\SV\Male\SV_Clothing2_p13_c.png","576","384","Generator\SV\Male\SV_Clothing2_p13_c.png"
"99_角色產生器零件","RTP基本素材","99_角色產生器零件\RTP基本素材\SV\Male\SV_Clothing2_p14.png","576","384","Generator\SV\Male\SV_Clothing2_p14.png"
"99_角色產生器零件","RTP基本素材","99_角色產生器零件\RTP基本素材\SV\Male\SV_Clothing2_p14_c.png","576","384","Generator\SV\Male\SV_Clothing2_p14_c.png"
"99_角色產生器零件","RTP基本素材","99_角色產生器零件\RTP基本素材\SV\Male\SV_Clothing2_p15.png","576","384","Generator\SV\Male\SV_Clothing2_p15.png"
"99_角色產生器零件","RTP基本素材","99_角色產生器零件\RTP基本素材\SV\Male\SV_Clothing2_p15_c.png","576","384","Generator\SV\Male\SV_Clothing2_p15_c.png"
"99_角色產生器零件","RTP基本素材","99_角色產生器零件\RTP基本素材\SV\Male\SV_Clothing2_p16.png","576","384","Generator\SV\Male\SV_Clothing2_p16.png"
"99_角色產生器零件","RTP基本素材","99_角色產生器零件\RTP基本素材\SV\Male\SV_Clothing2_p16_c.png","576","384","Generator\SV\Male\SV_Clothing2_p16_c.png"
"99_角色產生器零件","RTP基本素材","99_角色產生器零件\RTP基本素材\SV\Male\SV_Clothing2_p17.png","576","384","Generator\SV\Male\SV_Clothing2_p17.png"
"99_角色產生器零件","RTP基本素材","99_角色產生器零件\RTP基本素材\SV\Male\SV_Clothing2_p17_c.png","576","384","Generator\SV\Male\SV_Clothing2_p17_c.png"
"99_角色產生器零件","RTP基本素材","99_角色產生器零件\RTP基本素材\SV\Male\SV_Clothing2_p18.png","576","384","Generator\SV\Male\SV_Clothing2_p18.png"
"99_角色產生器零件","RTP基本素材","99_角色產生器零件\RTP基本素材\SV\Male\SV_Clothing2_p18_c.png","576","384","Generator\SV\Male\SV_Clothing2_p18_c.png"
"99_角色產生器零件","RTP基本素材","99_角色產生器零件\RTP基本素材\SV\Male\SV_Clothing2_p19.png","576","384","Generator\SV\Male\SV_Clothing2_p19.png"
"99_角色產生器零件","RTP基本素材","99_角色產生器零件\RTP基本素材\SV\Male\SV_Clothing2_p19_c.png","576","384","Generator\SV\Male\SV_Clothing2_p19_c.png"
"99_角色產生器零件","RTP基本素材","99_角色產生器零件\RTP基本素材\SV\Male\SV_Clothing2_p20.png","576","384","Generator\SV\Male\SV_Clothing2_p20.png"
"99_角色產生器零件","RTP基本素材","99_角色產生器零件\RTP基本素材\SV\Male\SV_Clothing2_p20_c.png","576","384","Generator\SV\Male\SV_Clothing2_p20_c.png"
"99_角色產生器零件","RTP基本素材","99_角色產生器零件\RTP基本素材\SV\Male\SV_Clothing2_p21.png","576","384","Generator\SV\Male\SV_Clothing2_p21.png"
"99_角色產生器零件","RTP基本素材","99_角色產生器零件\RTP基本素材\SV\Male\SV_Clothing2_p21_c.png","576","384","Generator\SV\Male\SV_Clothing2_p21_c.png"
"99_角色產生器零件","RTP基本素材","99_角色產生器零件\RTP基本素材\SV\Male\SV_Clothing2_p22.png","576","384","Generator\SV\Male\SV_Clothing2_p22.png"
"99_角色產生器零件","RTP基本素材","99_角色產生器零件\RTP基本素材\SV\Male\SV_Clothing2_p22_c.png","576","384","Generator\SV\Male\SV_Clothing2_p22_c.png"
"99_角色產生器零件","RTP基本素材","99_角色產生器零件\RTP基本素材\SV\Male\SV_Clothing2_p23.png","576","384","Generator\SV\Male\SV_Clothing2_p23.png"
"99_角色產生器零件","RTP基本素材","99_角色產生器零件\RTP基本素材\SV\Male\SV_Clothing2_p23_c.png","576","384","Generator\SV\Male\SV_Clothing2_p23_c.png"
"99_角色產生器零件","RTP基本素材","99_角色產生器零件\RTP基本素材\SV\Male\SV_Ears_p02.png","576","384","Generator\SV\Male\SV_Ears_p02.png"
"99_角色產生器零件","RTP基本素材","99_角色產生器零件\RTP基本素材\SV\Male\SV_Ears_p02_c.png","576","384","Generator\SV\Male\SV_Ears_p02_c.png"
"99_角色產生器零件","RTP基本素材","99_角色產生器零件\RTP基本素材\SV\Male\SV_FacialMark_p01.png","576","384","Generator\SV\Male\SV_FacialMark_p01.png"
"99_角色產生器零件","RTP基本素材","99_角色產生器零件\RTP基本素材\SV\Male\SV_FacialMark_p01_c.png","576","384","Generator\SV\Male\SV_FacialMark_p01_c.png"
"99_角色產生器零件","RTP基本素材","99_角色產生器零件\RTP基本素材\SV\Male\SV_FacialMark_p02.png","576","384","Generator\SV\Male\SV_FacialMark_p02.png"
"99_角色產生器零件","RTP基本素材","99_角色產生器零件\RTP基本素材\SV\Male\SV_FacialMark_p02_c.png","576","384","Generator\SV\Male\SV_FacialMark_p02_c.png"
"99_角色產生器零件","RTP基本素材","99_角色產生器零件\RTP基本素材\SV\Male\SV_FacialMark_p03.png","576","384","Generator\SV\Male\SV_FacialMark_p03.png"
"99_角色產生器零件","RTP基本素材","99_角色產生器零件\RTP基本素材\SV\Male\SV_FacialMark_p03_c.png","576","384","Generator\SV\Male\SV_FacialMark_p03_c.png"
"99_角色產生器零件","RTP基本素材","99_角色產生器零件\RTP基本素材\SV\Male\SV_FacialMark_p04.png","576","384","Generator\SV\Male\SV_FacialMark_p04.png"
"99_角色產生器零件","RTP基本素材","99_角色產生器零件\RTP基本素材\SV\Male\SV_FacialMark_p04_c.png","576","384","Generator\SV\Male\SV_FacialMark_p04_c.png"
"99_角色產生器零件","RTP基本素材","99_角色產生器零件\RTP基本素材\SV\Male\SV_FacialMark_p05.png","576","384","Generator\SV\Male\SV_FacialMark_p05.png"
"99_角色產生器零件","RTP基本素材","99_角色產生器零件\RTP基本素材\SV\Male\SV_FacialMark_p05_c.png","576","384","Generator\SV\Male\SV_FacialMark_p05_c.png"
"99_角色產生器零件","RTP基本素材","99_角色產生器零件\RTP基本素材\SV\Male\SV_FacialMark_p06.png","576","384","Generator\SV\Male\SV_FacialMark_p06.png"
"99_角色產生器零件","RTP基本素材","99_角色產生器零件\RTP基本素材\SV\Male\SV_FacialMark_p06_c.png","576","384","Generator\SV\Male\SV_FacialMark_p06_c.png"
"99_角色產生器零件","RTP基本素材","99_角色產生器零件\RTP基本素材\SV\Male\SV_FacialMark_p07.png","576","384","Generator\SV\Male\SV_FacialMark_p07.png"
"99_角色產生器零件","RTP基本素材","99_角色產生器零件\RTP基本素材\SV\Male\SV_FacialMark_p07_c.png","576","384","Generator\SV\Male\SV_FacialMark_p07_c.png"
"99_角色產生器零件","RTP基本素材","99_角色產生器零件\RTP基本素材\SV\Male\SV_FacialMark_p08.png","576","384","Generator\SV\Male\SV_FacialMark_p08.png"
"99_角色產生器零件","RTP基本素材","99_角色產生器零件\RTP基本素材\SV\Male\SV_FrontHair_p01.png","576","384","Generator\SV\Male\SV_FrontHair_p01.png"
"99_角色產生器零件","RTP基本素材","99_角色產生器零件\RTP基本素材\SV\Male\SV_FrontHair_p01_c.png","576","384","Generator\SV\Male\SV_FrontHair_p01_c.png"
"99_角色產生器零件","RTP基本素材","99_角色產生器零件\RTP基本素材\SV\Male\SV_FrontHair_p02.png","576","384","Generator\SV\Male\SV_FrontHair_p02.png"
"99_角色產生器零件","RTP基本素材","99_角色產生器零件\RTP基本素材\SV\Male\SV_FrontHair_p02_c.png","576","384","Generator\SV\Male\SV_FrontHair_p02_c.png"
"99_角色產生器零件","RTP基本素材","99_角色產生器零件\RTP基本素材\SV\Male\SV_FrontHair_p03.png","576","384","Generator\SV\Male\SV_FrontHair_p03.png"
"99_角色產生器零件","RTP基本素材","99_角色產生器零件\RTP基本素材\SV\Male\SV_FrontHair_p03_c.png","576","384","Generator\SV\Male\SV_FrontHair_p03_c.png"
"99_角色產生器零件","RTP基本素材","99_角色產生器零件\RTP基本素材\SV\Male\SV_FrontHair_p04.png","576","384","Generator\SV\Male\SV_FrontHair_p04.png"
"99_角色產生器零件","RTP基本素材","99_角色產生器零件\RTP基本素材\SV\Male\SV_FrontHair_p04_c.png","576","384","Generator\SV\Male\SV_FrontHair_p04_c.png"
"99_角色產生器零件","RTP基本素材","99_角色產生器零件\RTP基本素材\SV\Male\SV_FrontHair_p05.png","576","384","Generator\SV\Male\SV_FrontHair_p05.png"
"99_角色產生器零件","RTP基本素材","99_角色產生器零件\RTP基本素材\SV\Male\SV_FrontHair_p05_c.png","576","384","Generator\SV\Male\SV_FrontHair_p05_c.png"
"99_角色產生器零件","RTP基本素材","99_角色產生器零件\RTP基本素材\SV\Male\SV_FrontHair_p06.png","576","384","Generator\SV\Male\SV_FrontHair_p06.png"
"99_角色產生器零件","RTP基本素材","99_角色產生器零件\RTP基本素材\SV\Male\SV_FrontHair_p06_c.png","576","384","Generator\SV\Male\SV_FrontHair_p06_c.png"
"99_角色產生器零件","RTP基本素材","99_角色產生器零件\RTP基本素材\SV\Male\SV_FrontHair_p07.png","576","384","Generator\SV\Male\SV_FrontHair_p07.png"
"99_角色產生器零件","RTP基本素材","99_角色產生器零件\RTP基本素材\SV\Male\SV_FrontHair_p07_c.png","576","384","Generator\SV\Male\SV_FrontHair_p07_c.png"
"99_角色產生器零件","RTP基本素材","99_角色產生器零件\RTP基本素材\SV\Male\SV_FrontHair_p08.png","576","384","Generator\SV\Male\SV_FrontHair_p08.png"
"99_角色產生器零件","RTP基本素材","99_角色產生器零件\RTP基本素材\SV\Male\SV_FrontHair_p08_c.png","576","384","Generator\SV\Male\SV_FrontHair_p08_c.png"
"99_角色產生器零件","RTP基本素材","99_角色產生器零件\RTP基本素材\SV\Male\SV_FrontHair_p09.png","576","384","Generator\SV\Male\SV_FrontHair_p09.png"
"99_角色產生器零件","RTP基本素材","99_角色產生器零件\RTP基本素材\SV\Male\SV_FrontHair_p09_c.png","576","384","Generator\SV\Male\SV_FrontHair_p09_c.png"
"99_角色產生器零件","RTP基本素材","99_角色產生器零件\RTP基本素材\SV\Male\SV_FrontHair_p10.png","576","384","Generator\SV\Male\SV_FrontHair_p10.png"
"99_角色產生器零件","RTP基本素材","99_角色產生器零件\RTP基本素材\SV\Male\SV_FrontHair_p10_c.png","576","384","Generator\SV\Male\SV_FrontHair_p10_c.png"
"99_角色產生器零件","RTP基本素材","99_角色產生器零件\RTP基本素材\SV\Male\SV_FrontHair_p11.png","576","384","Generator\SV\Male\SV_FrontHair_p11.png"
"99_角色產生器零件","RTP基本素材","99_角色產生器零件\RTP基本素材\SV\Male\SV_FrontHair_p11_c.png","576","384","Generator\SV\Male\SV_FrontHair_p11_c.png"
"99_角色產生器零件","RTP基本素材","99_角色產生器零件\RTP基本素材\SV\Male\SV_FrontHair_p12.png","576","384","Generator\SV\Male\SV_FrontHair_p12.png"
"99_角色產生器零件","RTP基本素材","99_角色產生器零件\RTP基本素材\SV\Male\SV_FrontHair_p12_c.png","576","384","Generator\SV\Male\SV_FrontHair_p12_c.png"
"99_角色產生器零件","RTP基本素材","99_角色產生器零件\RTP基本素材\SV\Male\SV_FrontHair_p13.png","576","384","Generator\SV\Male\SV_FrontHair_p13.png"
"99_角色產生器零件","RTP基本素材","99_角色產生器零件\RTP基本素材\SV\Male\SV_FrontHair_p13_c.png","576","384","Generator\SV\Male\SV_FrontHair_p13_c.png"
"99_角色產生器零件","RTP基本素材","99_角色產生器零件\RTP基本素材\SV\Male\SV_FrontHair_p14.png","576","384","Generator\SV\Male\SV_FrontHair_p14.png"
"99_角色產生器零件","RTP基本素材","99_角色產生器零件\RTP基本素材\SV\Male\SV_FrontHair_p14_c.png","576","384","Generator\SV\Male\SV_FrontHair_p14_c.png"
"99_角色產生器零件","RTP基本素材","99_角色產生器零件\RTP基本素材\SV\Male\SV_FrontHair_p15.png","576","384","Generator\SV\Male\SV_FrontHair_p15.png"
"99_角色產生器零件","RTP基本素材","99_角色產生器零件\RTP基本素材\SV\Male\SV_FrontHair_p15_c.png","576","384","Generator\SV\Male\SV_FrontHair_p15_c.png"
"99_角色產生器零件","RTP基本素材","99_角色產生器零件\RTP基本素材\SV\Male\SV_FrontHair_p16.png","576","384","Generator\SV\Male\SV_FrontHair_p16.png"
"99_角色產生器零件","RTP基本素材","99_角色產生器零件\RTP基本素材\SV\Male\SV_FrontHair_p16_c.png","576","384","Generator\SV\Male\SV_FrontHair_p16_c.png"
"99_角色產生器零件","RTP基本素材","99_角色產生器零件\RTP基本素材\SV\Male\SV_FrontHair_p17.png","576","384","Generator\SV\Male\SV_FrontHair_p17.png"
"99_角色產生器零件","RTP基本素材","99_角色產生器零件\RTP基本素材\SV\Male\SV_FrontHair_p17_c.png","576","384","Generator\SV\Male\SV_FrontHair_p17_c.png"
"99_角色產生器零件","RTP基本素材","99_角色產生器零件\RTP基本素材\SV\Male\SV_Glasses_p01.png","576","384","Generator\SV\Male\SV_Glasses_p01.png"
"99_角色產生器零件","RTP基本素材","99_角色產生器零件\RTP基本素材\SV\Male\SV_Glasses_p01_c.png","576","384","Generator\SV\Male\SV_Glasses_p01_c.png"
"99_角色產生器零件","RTP基本素材","99_角色產生器零件\RTP基本素材\SV\Male\SV_Glasses_p02.png","576","384","Generator\SV\Male\SV_Glasses_p02.png"
"99_角色產生器零件","RTP基本素材","99_角色產生器零件\RTP基本素材\SV\Male\SV_Glasses_p02_c.png","576","384","Generator\SV\Male\SV_Glasses_p02_c.png"
"99_角色產生器零件","RTP基本素材","99_角色產生器零件\RTP基本素材\SV\Male\SV_Glasses_p03.png","576","384","Generator\SV\Male\SV_Glasses_p03.png"
"99_角色產生器零件","RTP基本素材","99_角色產生器零件\RTP基本素材\SV\Male\SV_Glasses_p03_c.png","576","384","Generator\SV\Male\SV_Glasses_p03_c.png"
"99_角色產生器零件","RTP基本素材","99_角色產生器零件\RTP基本素材\SV\Male\SV_Glasses_p04.png","576","384","Generator\SV\Male\SV_Glasses_p04.png"
"99_角色產生器零件","RTP基本素材","99_角色產生器零件\RTP基本素材\SV\Male\SV_Glasses_p04_c.png","576","384","Generator\SV\Male\SV_Glasses_p04_c.png"
"99_角色產生器零件","RTP基本素材","99_角色產生器零件\RTP基本素材\SV\Male\SV_Glasses_p05.png","576","384","Generator\SV\Male\SV_Glasses_p05.png"
"99_角色產生器零件","RTP基本素材","99_角色產生器零件\RTP基本素材\SV\Male\SV_Glasses_p05_c.png","576","384","Generator\SV\Male\SV_Glasses_p05_c.png"
"99_角色產生器零件","RTP基本素材","99_角色產生器零件\RTP基本素材\SV\Male\SV_RearHair1_p01.png","576","384","Generator\SV\Male\SV_RearHair1_p01.png"
"99_角色產生器零件","RTP基本素材","99_角色產生器零件\RTP基本素材\SV\Male\SV_RearHair1_p01_c.png","576","384","Generator\SV\Male\SV_RearHair1_p01_c.png"
"99_角色產生器零件","RTP基本素材","99_角色產生器零件\RTP基本素材\SV\Male\SV_RearHair1_p02.png","576","384","Generator\SV\Male\SV_RearHair1_p02.png"
"99_角色產生器零件","RTP基本素材","99_角色產生器零件\RTP基本素材\SV\Male\SV_RearHair1_p02_c.png","576","384","Generator\SV\Male\SV_RearHair1_p02_c.png"
"99_角色產生器零件","RTP基本素材","99_角色產生器零件\RTP基本素材\SV\Male\SV_RearHair1_p03.png","576","384","Generator\SV\Male\SV_RearHair1_p03.png"
"99_角色產生器零件","RTP基本素材","99_角色產生器零件\RTP基本素材\SV\Male\SV_RearHair1_p03_c.png","576","384","Generator\SV\Male\SV_RearHair1_p03_c.png"
"99_角色產生器零件","RTP基本素材","99_角色產生器零件\RTP基本素材\SV\Male\SV_RearHair1_p04.png","576","384","Generator\SV\Male\SV_RearHair1_p04.png"
"99_角色產生器零件","RTP基本素材","99_角色產生器零件\RTP基本素材\SV\Male\SV_RearHair1_p04_c.png","576","384","Generator\SV\Male\SV_RearHair1_p04_c.png"
"99_角色產生器零件","RTP基本素材","99_角色產生器零件\RTP基本素材\SV\Male\SV_RearHair1_p05.png","576","384","Generator\SV\Male\SV_RearHair1_p05.png"
"99_角色產生器零件","RTP基本素材","99_角色產生器零件\RTP基本素材\SV\Male\SV_RearHair1_p05_c.png","576","384","Generator\SV\Male\SV_RearHair1_p05_c.png"
"99_角色產生器零件","RTP基本素材","99_角色產生器零件\RTP基本素材\SV\Male\SV_RearHair1_p06.png","576","384","Generator\SV\Male\SV_RearHair1_p06.png"
"99_角色產生器零件","RTP基本素材","99_角色產生器零件\RTP基本素材\SV\Male\SV_RearHair1_p06_c.png","576","384","Generator\SV\Male\SV_RearHair1_p06_c.png"
"99_角色產生器零件","RTP基本素材","99_角色產生器零件\RTP基本素材\SV\Male\SV_RearHair1_p07.png","576","384","Generator\SV\Male\SV_RearHair1_p07.png"
"99_角色產生器零件","RTP基本素材","99_角色產生器零件\RTP基本素材\SV\Male\SV_RearHair1_p07_c.png","576","384","Generator\SV\Male\SV_RearHair1_p07_c.png"
"99_角色產生器零件","RTP基本素材","99_角色產生器零件\RTP基本素材\SV\Male\SV_RearHair1_p08.png","576","384","Generator\SV\Male\SV_RearHair1_p08.png"
"99_角色產生器零件","RTP基本素材","99_角色產生器零件\RTP基本素材\SV\Male\SV_RearHair1_p08_c.png","576","384","Generator\SV\Male\SV_RearHair1_p08_c.png"
"99_角色產生器零件","RTP基本素材","99_角色產生器零件\RTP基本素材\SV\Male\SV_RearHair1_p09.png","576","384","Generator\SV\Male\SV_RearHair1_p09.png"
"99_角色產生器零件","RTP基本素材","99_角色產生器零件\RTP基本素材\SV\Male\SV_RearHair1_p09_c.png","576","384","Generator\SV\Male\SV_RearHair1_p09_c.png"
"99_角色產生器零件","RTP基本素材","99_角色產生器零件\RTP基本素材\SV\Male\SV_RearHair1_p10.png","576","384","Generator\SV\Male\SV_RearHair1_p10.png"
"99_角色產生器零件","RTP基本素材","99_角色產生器零件\RTP基本素材\SV\Male\SV_RearHair1_p10_c.png","576","384","Generator\SV\Male\SV_RearHair1_p10_c.png"
"99_角色產生器零件","RTP基本素材","99_角色產生器零件\RTP基本素材\SV\Male\SV_RearHair1_p11.png","576","384","Generator\SV\Male\SV_RearHair1_p11.png"
"99_角色產生器零件","RTP基本素材","99_角色產生器零件\RTP基本素材\SV\Male\SV_RearHair1_p11_c.png","576","384","Generator\SV\Male\SV_RearHair1_p11_c.png"
"99_角色產生器零件","RTP基本素材","99_角色產生器零件\RTP基本素材\SV\Male\SV_RearHair1_p12.png","576","384","Generator\SV\Male\SV_RearHair1_p12.png"
"99_角色產生器零件","RTP基本素材","99_角色產生器零件\RTP基本素材\SV\Male\SV_RearHair1_p12_c.png","576","384","Generator\SV\Male\SV_RearHair1_p12_c.png"
"99_角色產生器零件","RTP基本素材","99_角色產生器零件\RTP基本素材\SV\Male\SV_RearHair1_p13.png","576","384","Generator\SV\Male\SV_RearHair1_p13.png"
"99_角色產生器零件","RTP基本素材","99_角色產生器零件\RTP基本素材\SV\Male\SV_RearHair1_p13_c.png","576","384","Generator\SV\Male\SV_RearHair1_p13_c.png"
"99_角色產生器零件","RTP基本素材","99_角色產生器零件\RTP基本素材\SV\Male\SV_RearHair1_p14.png","576","384","Generator\SV\Male\SV_RearHair1_p14.png"
"99_角色產生器零件","RTP基本素材","99_角色產生器零件\RTP基本素材\SV\Male\SV_RearHair1_p14_c.png","576","384","Generator\SV\Male\SV_RearHair1_p14_c.png"
"99_角色產生器零件","RTP基本素材","99_角色產生器零件\RTP基本素材\SV\Male\SV_RearHair1_p15.png","576","384","Generator\SV\Male\SV_RearHair1_p15.png"
"99_角色產生器零件","RTP基本素材","99_角色產生器零件\RTP基本素材\SV\Male\SV_RearHair1_p15_c.png","576","384","Generator\SV\Male\SV_RearHair1_p15_c.png"
"99_角色產生器零件","RTP基本素材","99_角色產生器零件\RTP基本素材\SV\Male\SV_RearHair1_p16.png","576","384","Generator\SV\Male\SV_RearHair1_p16.png"
"99_角色產生器零件","RTP基本素材","99_角色產生器零件\RTP基本素材\SV\Male\SV_RearHair1_p16_c.png","576","384","Generator\SV\Male\SV_RearHair1_p16_c.png"
"99_角色產生器零件","RTP基本素材","99_角色產生器零件\RTP基本素材\SV\Male\SV_RearHair1_p17.png","576","384","Generator\SV\Male\SV_RearHair1_p17.png"
"99_角色產生器零件","RTP基本素材","99_角色產生器零件\RTP基本素材\SV\Male\SV_RearHair1_p17_c.png","576","384","Generator\SV\Male\SV_RearHair1_p17_c.png"
"99_角色產生器零件","RTP基本素材","99_角色產生器零件\RTP基本素材\SV\Male\SV_RearHair1_p18.png","576","384","Generator\SV\Male\SV_RearHair1_p18.png"
"99_角色產生器零件","RTP基本素材","99_角色產生器零件\RTP基本素材\SV\Male\SV_RearHair1_p18_c.png","576","384","Generator\SV\Male\SV_RearHair1_p18_c.png"
"99_角色產生器零件","RTP基本素材","99_角色產生器零件\RTP基本素材\SV\Male\SV_Tail_p01.png","576","384","Generator\SV\Male\SV_Tail_p01.png"
"99_角色產生器零件","RTP基本素材","99_角色產生器零件\RTP基本素材\SV\Male\SV_Tail_p01_c.png","576","384","Generator\SV\Male\SV_Tail_p01_c.png"
"99_角色產生器零件","RTP基本素材","99_角色產生器零件\RTP基本素材\SV\Male\SV_Tail_p02.png","576","384","Generator\SV\Male\SV_Tail_p02.png"
"99_角色產生器零件","RTP基本素材","99_角色產生器零件\RTP基本素材\SV\Male\SV_Tail_p02_c.png","576","384","Generator\SV\Male\SV_Tail_p02_c.png"
"99_角色產生器零件","RTP基本素材","99_角色產生器零件\RTP基本素材\SV\Male\SV_Tail_p03.png","576","384","Generator\SV\Male\SV_Tail_p03.png"
"99_角色產生器零件","RTP基本素材","99_角色產生器零件\RTP基本素材\SV\Male\SV_Tail_p03_c.png","576","384","Generator\SV\Male\SV_Tail_p03_c.png"
"99_角色產生器零件","RTP基本素材","99_角色產生器零件\RTP基本素材\SV\Male\SV_Tail_p04.png","576","384","Generator\SV\Male\SV_Tail_p04.png"
"99_角色產生器零件","RTP基本素材","99_角色產生器零件\RTP基本素材\SV\Male\SV_Tail_p04_c.png","576","384","Generator\SV\Male\SV_Tail_p04_c.png"
"99_角色產生器零件","RTP基本素材","99_角色產生器零件\RTP基本素材\SV\Male\SV_Tail_p05.png","576","384","Generator\SV\Male\SV_Tail_p05.png"
"99_角色產生器零件","RTP基本素材","99_角色產生器零件\RTP基本素材\SV\Male\SV_Tail_p05_c.png","576","384","Generator\SV\Male\SV_Tail_p05_c.png"
"99_角色產生器零件","RTP基本素材","99_角色產生器零件\RTP基本素材\SV\Male\SV_Tail_p06.png","576","384","Generator\SV\Male\SV_Tail_p06.png"
"99_角色產生器零件","RTP基本素材","99_角色產生器零件\RTP基本素材\SV\Male\SV_Tail_p06_c.png","576","384","Generator\SV\Male\SV_Tail_p06_c.png"
"99_角色產生器零件","RTP基本素材","99_角色產生器零件\RTP基本素材\SV\Male\SV_Wing_p01.png","576","384","Generator\SV\Male\SV_Wing_p01.png"
"99_角色產生器零件","RTP基本素材","99_角色產生器零件\RTP基本素材\SV\Male\SV_Wing_p03.png","576","384","Generator\SV\Male\SV_Wing_p03.png"
"99_角色產生器零件","RTP基本素材","99_角色產生器零件\RTP基本素材\SV\Male\SV_Wing_p03_c.png","576","384","Generator\SV\Male\SV_Wing_p03_c.png"
"99_角色產生器零件","RTP基本素材","99_角色產生器零件\RTP基本素材\SV\Male\SV_Wing_p04.png","576","384","Generator\SV\Male\SV_Wing_p04.png"
"99_角色產生器零件","RTP基本素材","99_角色產生器零件\RTP基本素材\SV\Male\SV_Wing_p04_c.png","576","384","Generator\SV\Male\SV_Wing_p04_c.png"
"99_角色產生器零件","RTP基本素材","99_角色產生器零件\RTP基本素材\SV\Male\SV_Wing_p05.png","576","384","Generator\SV\Male\SV_Wing_p05.png"
"99_角色產生器零件","RTP基本素材","99_角色產生器零件\RTP基本素材\SV\Male\SV_Wing_p05_c.png","576","384","Generator\SV\Male\SV_Wing_p05_c.png"
"99_角色產生器零件","RTP基本素材","99_角色產生器零件\RTP基本素材\SV\Male\SV_body_p01.png","576","384","Generator\SV\Male\SV_body_p01.png"
"99_角色產生器零件","RTP基本素材","99_角色產生器零件\RTP基本素材\SV\Male\SV_body_p01_c.png","576","384","Generator\SV\Male\SV_body_p01_c.png"
"99_角色產生器零件","RTP基本素材","99_角色產生器零件\RTP基本素材\TVD\Female\TVD_AccA_p01.png","144","48","Generator\TVD\Female\TVD_AccA_p01.png"
"99_角色產生器零件","RTP基本素材","99_角色產生器零件\RTP基本素材\TVD\Female\TVD_AccA_p01_c.png","144","48","Generator\TVD\Female\TVD_AccA_p01_c.png"
"99_角色產生器零件","RTP基本素材","99_角色產生器零件\RTP基本素材\TVD\Female\TVD_AccA_p02.png","144","48","Generator\TVD\Female\TVD_AccA_p02.png"
"99_角色產生器零件","RTP基本素材","99_角色產生器零件\RTP基本素材\TVD\Female\TVD_AccA_p02_c.png","144","48","Generator\TVD\Female\TVD_AccA_p02_c.png"
"99_角色產生器零件","RTP基本素材","99_角色產生器零件\RTP基本素材\TVD\Female\TVD_AccA_p03.png","144","48","Generator\TVD\Female\TVD_AccA_p03.png"
"99_角色產生器零件","RTP基本素材","99_角色產生器零件\RTP基本素材\TVD\Female\TVD_AccA_p03_c.png","144","48","Generator\TVD\Female\TVD_AccA_p03_c.png"
"99_角色產生器零件","RTP基本素材","99_角色產生器零件\RTP基本素材\TVD\Female\TVD_AccA_p04.png","144","48","Generator\TVD\Female\TVD_AccA_p04.png"
"99_角色產生器零件","RTP基本素材","99_角色產生器零件\RTP基本素材\TVD\Female\TVD_AccA_p04_c.png","144","48","Generator\TVD\Female\TVD_AccA_p04_c.png"
"99_角色產生器零件","RTP基本素材","99_角色產生器零件\RTP基本素材\TVD\Female\TVD_AccA_p05.png","144","48","Generator\TVD\Female\TVD_AccA_p05.png"
"99_角色產生器零件","RTP基本素材","99_角色產生器零件\RTP基本素材\TVD\Female\TVD_AccA_p05_c.png","144","48","Generator\TVD\Female\TVD_AccA_p05_c.png"
"99_角色產生器零件","RTP基本素材","99_角色產生器零件\RTP基本素材\TVD\Female\TVD_AccA_p06.png","144","48","Generator\TVD\Female\TVD_AccA_p06.png"
"99_角色產生器零件","RTP基本素材","99_角色產生器零件\RTP基本素材\TVD\Female\TVD_AccA_p06_c.png","144","48","Generator\TVD\Female\TVD_AccA_p06_c.png"
"99_角色產生器零件","RTP基本素材","99_角色產生器零件\RTP基本素材\TVD\Female\TVD_AccA_p07.png","144","48","Generator\TVD\Female\TVD_AccA_p07.png"
"99_角色產生器零件","RTP基本素材","99_角色產生器零件\RTP基本素材\TVD\Female\TVD_AccA_p07_c.png","144","48","Generator\TVD\Female\TVD_AccA_p07_c.png"
"99_角色產生器零件","RTP基本素材","99_角色產生器零件\RTP基本素材\TVD\Female\TVD_AccB_p01.png","144","48","Generator\TVD\Female\TVD_AccB_p01.png"
"99_角色產生器零件","RTP基本素材","99_角色產生器零件\RTP基本素材\TVD\Female\TVD_AccB_p01_c.png","144","48","Generator\TVD\Female\TVD_AccB_p01_c.png"
"99_角色產生器零件","RTP基本素材","99_角色產生器零件\RTP基本素材\TVD\Female\TVD_AccB_p02.png","144","48","Generator\TVD\Female\TVD_AccB_p02.png"
"99_角色產生器零件","RTP基本素材","99_角色產生器零件\RTP基本素材\TVD\Female\TVD_AccB_p02_c.png","144","48","Generator\TVD\Female\TVD_AccB_p02_c.png"
"99_角色產生器零件","RTP基本素材","99_角色產生器零件\RTP基本素材\TVD\Female\TVD_AccB_p03.png","144","48","Generator\TVD\Female\TVD_AccB_p03.png"
"99_角色產生器零件","RTP基本素材","99_角色產生器零件\RTP基本素材\TVD\Female\TVD_AccB_p03_c.png","144","48","Generator\TVD\Female\TVD_AccB_p03_c.png"
"99_角色產生器零件","RTP基本素材","99_角色產生器零件\RTP基本素材\TVD\Female\TVD_AccB_p04.png","144","48","Generator\TVD\Female\TVD_AccB_p04.png"
"99_角色產生器零件","RTP基本素材","99_角色產生器零件\RTP基本素材\TVD\Female\TVD_AccB_p04_c.png","144","48","Generator\TVD\Female\TVD_AccB_p04_c.png"
"99_角色產生器零件","RTP基本素材","99_角色產生器零件\RTP基本素材\TVD\Female\TVD_AccB_p05.png","144","48","Generator\TVD\Female\TVD_AccB_p05.png"
"99_角色產生器零件","RTP基本素材","99_角色產生器零件\RTP基本素材\TVD\Female\TVD_AccB_p05_c.png","144","48","Generator\TVD\Female\TVD_AccB_p05_c.png"
"99_角色產生器零件","RTP基本素材","99_角色產生器零件\RTP基本素材\TVD\Female\TVD_AccB_p06.png","144","48","Generator\TVD\Female\TVD_AccB_p06.png"
"99_角色產生器零件","RTP基本素材","99_角色產生器零件\RTP基本素材\TVD\Female\TVD_AccB_p06_c.png","144","48","Generator\TVD\Female\TVD_AccB_p06_c.png"
"99_角色產生器零件","RTP基本素材","99_角色產生器零件\RTP基本素材\TVD\Female\TVD_AccB_p07.png","144","48","Generator\TVD\Female\TVD_AccB_p07.png"
"99_角色產生器零件","RTP基本素材","99_角色產生器零件\RTP基本素材\TVD\Female\TVD_AccB_p07_c.png","144","48","Generator\TVD\Female\TVD_AccB_p07_c.png"
"99_角色產生器零件","RTP基本素材","99_角色產生器零件\RTP基本素材\TVD\Female\TVD_AccB_p08.png","144","48","Generator\TVD\Female\TVD_AccB_p08.png"
"99_角色產生器零件","RTP基本素材","99_角色產生器零件\RTP基本素材\TVD\Female\TVD_AccB_p08_c.png","144","48","Generator\TVD\Female\TVD_AccB_p08_c.png"
"99_角色產生器零件","RTP基本素材","99_角色產生器零件\RTP基本素材\TVD\Female\TVD_AccB_p09.png","144","48","Generator\TVD\Female\TVD_AccB_p09.png"
"99_角色產生器零件","RTP基本素材","99_角色產生器零件\RTP基本素材\TVD\Female\TVD_AccB_p09_c.png","144","48","Generator\TVD\Female\TVD_AccB_p09_c.png"
"99_角色產生器零件","RTP基本素材","99_角色產生器零件\RTP基本素材\TVD\Female\TVD_AccB_p10.png","144","48","Generator\TVD\Female\TVD_AccB_p10.png"
"99_角色產生器零件","RTP基本素材","99_角色產生器零件\RTP基本素材\TVD\Female\TVD_AccB_p10_c.png","144","48","Generator\TVD\Female\TVD_AccB_p10_c.png"
"99_角色產生器零件","RTP基本素材","99_角色產生器零件\RTP基本素材\TVD\Female\TVD_BeastEars_p01.png","144","48","Generator\TVD\Female\TVD_BeastEars_p01.png"
"99_角色產生器零件","RTP基本素材","99_角色產生器零件\RTP基本素材\TVD\Female\TVD_BeastEars_p01_c.png","144","48","Generator\TVD\Female\TVD_BeastEars_p01_c.png"
"99_角色產生器零件","RTP基本素材","99_角色產生器零件\RTP基本素材\TVD\Female\TVD_BeastEars_p02.png","144","48","Generator\TVD\Female\TVD_BeastEars_p02.png"
"99_角色產生器零件","RTP基本素材","99_角色產生器零件\RTP基本素材\TVD\Female\TVD_BeastEars_p02_c.png","144","48","Generator\TVD\Female\TVD_BeastEars_p02_c.png"
"99_角色產生器零件","RTP基本素材","99_角色產生器零件\RTP基本素材\TVD\Female\TVD_BeastEars_p03.png","144","48","Generator\TVD\Female\TVD_BeastEars_p03.png"
"99_角色產生器零件","RTP基本素材","99_角色產生器零件\RTP基本素材\TVD\Female\TVD_BeastEars_p03_c.png","144","48","Generator\TVD\Female\TVD_BeastEars_p03_c.png"
"99_角色產生器零件","RTP基本素材","99_角色產生器零件\RTP基本素材\TVD\Female\TVD_BeastEars_p04.png","144","48","Generator\TVD\Female\TVD_BeastEars_p04.png"
"99_角色產生器零件","RTP基本素材","99_角色產生器零件\RTP基本素材\TVD\Female\TVD_BeastEars_p04_c.png","144","48","Generator\TVD\Female\TVD_BeastEars_p04_c.png"
"99_角色產生器零件","RTP基本素材","99_角色產生器零件\RTP基本素材\TVD\Female\TVD_BeastEars_p05.png","144","48","Generator\TVD\Female\TVD_BeastEars_p05.png"
"99_角色產生器零件","RTP基本素材","99_角色產生器零件\RTP基本素材\TVD\Female\TVD_BeastEars_p05_c.png","144","48","Generator\TVD\Female\TVD_BeastEars_p05_c.png"
"99_角色產生器零件","RTP基本素材","99_角色產生器零件\RTP基本素材\TVD\Female\TVD_BeastEars_p06.png","144","48","Generator\TVD\Female\TVD_BeastEars_p06.png"
"99_角色產生器零件","RTP基本素材","99_角色產生器零件\RTP基本素材\TVD\Female\TVD_BeastEars_p06_c.png","144","48","Generator\TVD\Female\TVD_BeastEars_p06_c.png"
"99_角色產生器零件","RTP基本素材","99_角色產生器零件\RTP基本素材\TVD\Female\TVD_Body_p01.png","144","48","Generator\TVD\Female\TVD_Body_p01.png"
"99_角色產生器零件","RTP基本素材","99_角色產生器零件\RTP基本素材\TVD\Female\TVD_Body_p01_c.png","144","48","Generator\TVD\Female\TVD_Body_p01_c.png"
"99_角色產生器零件","RTP基本素材","99_角色產生器零件\RTP基本素材\TVD\Female\TVD_Cloak_p01.png","144","48","Generator\TVD\Female\TVD_Cloak_p01.png"
"99_角色產生器零件","RTP基本素材","99_角色產生器零件\RTP基本素材\TVD\Female\TVD_Cloak_p01_c.png","144","48","Generator\TVD\Female\TVD_Cloak_p01_c.png"
"99_角色產生器零件","RTP基本素材","99_角色產生器零件\RTP基本素材\TVD\Female\TVD_Cloak_p02.png","144","48","Generator\TVD\Female\TVD_Cloak_p02.png"
"99_角色產生器零件","RTP基本素材","99_角色產生器零件\RTP基本素材\TVD\Female\TVD_Cloak_p02_c.png","144","48","Generator\TVD\Female\TVD_Cloak_p02_c.png"
"99_角色產生器零件","RTP基本素材","99_角色產生器零件\RTP基本素材\TVD\Female\TVD_Cloak_p03.png","144","48","Generator\TVD\Female\TVD_Cloak_p03.png"
"99_角色產生器零件","RTP基本素材","99_角色產生器零件\RTP基本素材\TVD\Female\TVD_Cloak_p03_c.png","144","48","Generator\TVD\Female\TVD_Cloak_p03_c.png"
"99_角色產生器零件","RTP基本素材","99_角色產生器零件\RTP基本素材\TVD\Female\TVD_Cloak_p04.png","144","48","Generator\TVD\Female\TVD_Cloak_p04.png"
"99_角色產生器零件","RTP基本素材","99_角色產生器零件\RTP基本素材\TVD\Female\TVD_Cloak_p04_c.png","144","48","Generator\TVD\Female\TVD_Cloak_p04_c.png"
"99_角色產生器零件","RTP基本素材","99_角色產生器零件\RTP基本素材\TVD\Female\TVD_Clothing_p01.png","144","48","Generator\TVD\Female\TVD_Clothing_p01.png"
"99_角色產生器零件","RTP基本素材","99_角色產生器零件\RTP基本素材\TVD\Female\TVD_Clothing_p01_c.png","144","48","Generator\TVD\Female\TVD_Clothing_p01_c.png"
"99_角色產生器零件","RTP基本素材","99_角色產生器零件\RTP基本素材\TVD\Female\TVD_Clothing_p02.png","144","48","Generator\TVD\Female\TVD_Clothing_p02.png"
"99_角色產生器零件","RTP基本素材","99_角色產生器零件\RTP基本素材\TVD\Female\TVD_Clothing_p02_c.png","144","48","Generator\TVD\Female\TVD_Clothing_p02_c.png"
"99_角色產生器零件","RTP基本素材","99_角色產生器零件\RTP基本素材\TVD\Female\TVD_Clothing_p03.png","144","48","Generator\TVD\Female\TVD_Clothing_p03.png"
"99_角色產生器零件","RTP基本素材","99_角色產生器零件\RTP基本素材\TVD\Female\TVD_Clothing_p03_c.png","144","48","Generator\TVD\Female\TVD_Clothing_p03_c.png"
"99_角色產生器零件","RTP基本素材","99_角色產生器零件\RTP基本素材\TVD\Female\TVD_Clothing_p04.png","144","48","Generator\TVD\Female\TVD_Clothing_p04.png"
"99_角色產生器零件","RTP基本素材","99_角色產生器零件\RTP基本素材\TVD\Female\TVD_Clothing_p04_c.png","144","48","Generator\TVD\Female\TVD_Clothing_p04_c.png"
"99_角色產生器零件","RTP基本素材","99_角色產生器零件\RTP基本素材\TVD\Female\TVD_Clothing_p05.png","144","48","Generator\TVD\Female\TVD_Clothing_p05.png"
"99_角色產生器零件","RTP基本素材","99_角色產生器零件\RTP基本素材\TVD\Female\TVD_Clothing_p05_c.png","144","48","Generator\TVD\Female\TVD_Clothing_p05_c.png"
"99_角色產生器零件","RTP基本素材","99_角色產生器零件\RTP基本素材\TVD\Female\TVD_Clothing_p06.png","144","48","Generator\TVD\Female\TVD_Clothing_p06.png"
"99_角色產生器零件","RTP基本素材","99_角色產生器零件\RTP基本素材\TVD\Female\TVD_Clothing_p06_c.png","144","48","Generator\TVD\Female\TVD_Clothing_p06_c.png"
"99_角色產生器零件","RTP基本素材","99_角色產生器零件\RTP基本素材\TVD\Female\TVD_Clothing_p07.png","144","48","Generator\TVD\Female\TVD_Clothing_p07.png"
"99_角色產生器零件","RTP基本素材","99_角色產生器零件\RTP基本素材\TVD\Female\TVD_Clothing_p07_c.png","144","48","Generator\TVD\Female\TVD_Clothing_p07_c.png"
"99_角色產生器零件","RTP基本素材","99_角色產生器零件\RTP基本素材\TVD\Female\TVD_Clothing_p08.png","144","48","Generator\TVD\Female\TVD_Clothing_p08.png"
"99_角色產生器零件","RTP基本素材","99_角色產生器零件\RTP基本素材\TVD\Female\TVD_Clothing_p08_c.png","144","48","Generator\TVD\Female\TVD_Clothing_p08_c.png"
"99_角色產生器零件","RTP基本素材","99_角色產生器零件\RTP基本素材\TVD\Female\TVD_Clothing_p09.png","144","48","Generator\TVD\Female\TVD_Clothing_p09.png"
"99_角色產生器零件","RTP基本素材","99_角色產生器零件\RTP基本素材\TVD\Female\TVD_Clothing_p09_c.png","144","48","Generator\TVD\Female\TVD_Clothing_p09_c.png"
"99_角色產生器零件","RTP基本素材","99_角色產生器零件\RTP基本素材\TVD\Female\TVD_Clothing_p10.png","144","48","Generator\TVD\Female\TVD_Clothing_p10.png"
"99_角色產生器零件","RTP基本素材","99_角色產生器零件\RTP基本素材\TVD\Female\TVD_Clothing_p10_c.png","144","48","Generator\TVD\Female\TVD_Clothing_p10_c.png"
"99_角色產生器零件","RTP基本素材","99_角色產生器零件\RTP基本素材\TVD\Female\TVD_Clothing_p11.png","144","48","Generator\TVD\Female\TVD_Clothing_p11.png"
"99_角色產生器零件","RTP基本素材","99_角色產生器零件\RTP基本素材\TVD\Female\TVD_Clothing_p11_c.png","144","48","Generator\TVD\Female\TVD_Clothing_p11_c.png"
"99_角色產生器零件","RTP基本素材","99_角色產生器零件\RTP基本素材\TVD\Female\TVD_Clothing_p12.png","144","48","Generator\TVD\Female\TVD_Clothing_p12.png"
"99_角色產生器零件","RTP基本素材","99_角色產生器零件\RTP基本素材\TVD\Female\TVD_Clothing_p12_c.png","144","48","Generator\TVD\Female\TVD_Clothing_p12_c.png"
"99_角色產生器零件","RTP基本素材","99_角色產生器零件\RTP基本素材\TVD\Female\TVD_Clothing_p13.png","144","48","Generator\TVD\Female\TVD_Clothing_p13.png"
"99_角色產生器零件","RTP基本素材","99_角色產生器零件\RTP基本素材\TVD\Female\TVD_Clothing_p13_c.png","144","48","Generator\TVD\Female\TVD_Clothing_p13_c.png"
"99_角色產生器零件","RTP基本素材","99_角色產生器零件\RTP基本素材\TVD\Female\TVD_Clothing_p14.png","144","48","Generator\TVD\Female\TVD_Clothing_p14.png"
"99_角色產生器零件","RTP基本素材","99_角色產生器零件\RTP基本素材\TVD\Female\TVD_Clothing_p14_c.png","144","48","Generator\TVD\Female\TVD_Clothing_p14_c.png"
"99_角色產生器零件","RTP基本素材","99_角色產生器零件\RTP基本素材\TVD\Female\TVD_Clothing_p15.png","144","48","Generator\TVD\Female\TVD_Clothing_p15.png"
"99_角色產生器零件","RTP基本素材","99_角色產生器零件\RTP基本素材\TVD\Female\TVD_Clothing_p15_c.png","144","48","Generator\TVD\Female\TVD_Clothing_p15_c.png"
"99_角色產生器零件","RTP基本素材","99_角色產生器零件\RTP基本素材\TVD\Female\TVD_Clothing_p16.png","144","48","Generator\TVD\Female\TVD_Clothing_p16.png"
"99_角色產生器零件","RTP基本素材","99_角色產生器零件\RTP基本素材\TVD\Female\TVD_Clothing_p16_c.png","144","48","Generator\TVD\Female\TVD_Clothing_p16_c.png"
"99_角色產生器零件","RTP基本素材","99_角色產生器零件\RTP基本素材\TVD\Female\TVD_Clothing_p17.png","144","48","Generator\TVD\Female\TVD_Clothing_p17.png"
"99_角色產生器零件","RTP基本素材","99_角色產生器零件\RTP基本素材\TVD\Female\TVD_Clothing_p17_c.png","144","48","Generator\TVD\Female\TVD_Clothing_p17_c.png"
"99_角色產生器零件","RTP基本素材","99_角色產生器零件\RTP基本素材\TVD\Female\TVD_Clothing_p18.png","144","48","Generator\TVD\Female\TVD_Clothing_p18.png"
"99_角色產生器零件","RTP基本素材","99_角色產生器零件\RTP基本素材\TVD\Female\TVD_Clothing_p18_c.png","144","48","Generator\TVD\Female\TVD_Clothing_p18_c.png"
"99_角色產生器零件","RTP基本素材","99_角色產生器零件\RTP基本素材\TVD\Female\TVD_Clothing_p19.png","144","48","Generator\TVD\Female\TVD_Clothing_p19.png"
"99_角色產生器零件","RTP基本素材","99_角色產生器零件\RTP基本素材\TVD\Female\TVD_Clothing_p19_c.png","144","48","Generator\TVD\Female\TVD_Clothing_p19_c.png"
"99_角色產生器零件","RTP基本素材","99_角色產生器零件\RTP基本素材\TVD\Female\TVD_Clothing_p20.png","144","48","Generator\TVD\Female\TVD_Clothing_p20.png"
"99_角色產生器零件","RTP基本素材","99_角色產生器零件\RTP基本素材\TVD\Female\TVD_Clothing_p20_c.png","144","48","Generator\TVD\Female\TVD_Clothing_p20_c.png"
"99_角色產生器零件","RTP基本素材","99_角色產生器零件\RTP基本素材\TVD\Female\TVD_Clothing_p21.png","144","48","Generator\TVD\Female\TVD_Clothing_p21.png"
"99_角色產生器零件","RTP基本素材","99_角色產生器零件\RTP基本素材\TVD\Female\TVD_Clothing_p22.png","144","48","Generator\TVD\Female\TVD_Clothing_p22.png"
"99_角色產生器零件","RTP基本素材","99_角色產生器零件\RTP基本素材\TVD\Female\TVD_Clothing_p22_c.png","144","48","Generator\TVD\Female\TVD_Clothing_p22_c.png"
"99_角色產生器零件","RTP基本素材","99_角色產生器零件\RTP基本素材\TVD\Female\TVD_Clothing_p23.png","144","48","Generator\TVD\Female\TVD_Clothing_p23.png"
"99_角色產生器零件","RTP基本素材","99_角色產生器零件\RTP基本素材\TVD\Female\TVD_Clothing_p23_c.png","144","48","Generator\TVD\Female\TVD_Clothing_p23_c.png"
"99_角色產生器零件","RTP基本素材","99_角色產生器零件\RTP基本素材\TVD\Female\TVD_Clothing_p24.png","144","48","Generator\TVD\Female\TVD_Clothing_p24.png"
"99_角色產生器零件","RTP基本素材","99_角色產生器零件\RTP基本素材\TVD\Female\TVD_Clothing_p24_c.png","144","48","Generator\TVD\Female\TVD_Clothing_p24_c.png"
"99_角色產生器零件","RTP基本素材","99_角色產生器零件\RTP基本素材\TVD\Female\TVD_Clothing_p25.png","144","48","Generator\TVD\Female\TVD_Clothing_p25.png"
"99_角色產生器零件","RTP基本素材","99_角色產生器零件\RTP基本素材\TVD\Female\TVD_Clothing_p25_c.png","144","48","Generator\TVD\Female\TVD_Clothing_p25_c.png"
"99_角色產生器零件","RTP基本素材","99_角色產生器零件\RTP基本素材\TVD\Female\TVD_Clothing_p26.png","144","48","Generator\TVD\Female\TVD_Clothing_p26.png"
"99_角色產生器零件","RTP基本素材","99_角色產生器零件\RTP基本素材\TVD\Female\TVD_Clothing_p26_c.png","144","48","Generator\TVD\Female\TVD_Clothing_p26_c.png"
"99_角色產生器零件","RTP基本素材","99_角色產生器零件\RTP基本素材\TVD\Female\TVD_Ears_p02.png","144","48","Generator\TVD\Female\TVD_Ears_p02.png"
"99_角色產生器零件","RTP基本素材","99_角色產生器零件\RTP基本素材\TVD\Female\TVD_Ears_p02_c.png","144","48","Generator\TVD\Female\TVD_Ears_p02_c.png"
"99_角色產生器零件","RTP基本素材","99_角色產生器零件\RTP基本素材\TVD\Female\TVD_FacialMark_p01.png","144","48","Generator\TVD\Female\TVD_FacialMark_p01.png"
"99_角色產生器零件","RTP基本素材","99_角色產生器零件\RTP基本素材\TVD\Female\TVD_FacialMark_p01_c.png","144","48","Generator\TVD\Female\TVD_FacialMark_p01_c.png"
"99_角色產生器零件","RTP基本素材","99_角色產生器零件\RTP基本素材\TVD\Female\TVD_FacialMark_p03.png","144","48","Generator\TVD\Female\TVD_FacialMark_p03.png"
"99_角色產生器零件","RTP基本素材","99_角色產生器零件\RTP基本素材\TVD\Female\TVD_FacialMark_p03_c.png","144","48","Generator\TVD\Female\TVD_FacialMark_p03_c.png"
"99_角色產生器零件","RTP基本素材","99_角色產生器零件\RTP基本素材\TVD\Female\TVD_FacialMark_p04.png","144","48","Generator\TVD\Female\TVD_FacialMark_p04.png"
"99_角色產生器零件","RTP基本素材","99_角色產生器零件\RTP基本素材\TVD\Female\TVD_FacialMark_p04_c.png","144","48","Generator\TVD\Female\TVD_FacialMark_p04_c.png"
"99_角色產生器零件","RTP基本素材","99_角色產生器零件\RTP基本素材\TVD\Female\TVD_FacialMark_p05.png","144","48","Generator\TVD\Female\TVD_FacialMark_p05.png"
"99_角色產生器零件","RTP基本素材","99_角色產生器零件\RTP基本素材\TVD\Female\TVD_FacialMark_p05_c.png","144","48","Generator\TVD\Female\TVD_FacialMark_p05_c.png"
"99_角色產生器零件","RTP基本素材","99_角色產生器零件\RTP基本素材\TVD\Female\TVD_FacialMark_p06.png","144","48","Generator\TVD\Female\TVD_FacialMark_p06.png"
"99_角色產生器零件","RTP基本素材","99_角色產生器零件\RTP基本素材\TVD\Female\TVD_FacialMark_p06_c.png","144","48","Generator\TVD\Female\TVD_FacialMark_p06_c.png"
"99_角色產生器零件","RTP基本素材","99_角色產生器零件\RTP基本素材\TVD\Female\TVD_FacialMark_p07.png","144","48","Generator\TVD\Female\TVD_FacialMark_p07.png"
"99_角色產生器零件","RTP基本素材","99_角色產生器零件\RTP基本素材\TVD\Female\TVD_FacialMark_p07_c.png","144","48","Generator\TVD\Female\TVD_FacialMark_p07_c.png"
"99_角色產生器零件","RTP基本素材","99_角色產生器零件\RTP基本素材\TVD\Female\TVD_FrontHair_p01.png","144","48","Generator\TVD\Female\TVD_FrontHair_p01.png"
"99_角色產生器零件","RTP基本素材","99_角色產生器零件\RTP基本素材\TVD\Female\TVD_FrontHair_p01_c.png","144","48","Generator\TVD\Female\TVD_FrontHair_p01_c.png"
"99_角色產生器零件","RTP基本素材","99_角色產生器零件\RTP基本素材\TVD\Female\TVD_FrontHair_p02.png","144","48","Generator\TVD\Female\TVD_FrontHair_p02.png"
"99_角色產生器零件","RTP基本素材","99_角色產生器零件\RTP基本素材\TVD\Female\TVD_FrontHair_p02_c.png","144","48","Generator\TVD\Female\TVD_FrontHair_p02_c.png"
"99_角色產生器零件","RTP基本素材","99_角色產生器零件\RTP基本素材\TVD\Female\TVD_FrontHair_p03.png","144","48","Generator\TVD\Female\TVD_FrontHair_p03.png"
"99_角色產生器零件","RTP基本素材","99_角色產生器零件\RTP基本素材\TVD\Female\TVD_FrontHair_p03_c.png","144","48","Generator\TVD\Female\TVD_FrontHair_p03_c.png"
"99_角色產生器零件","RTP基本素材","99_角色產生器零件\RTP基本素材\TVD\Female\TVD_FrontHair_p04.png","144","48","Generator\TVD\Female\TVD_FrontHair_p04.png"
"99_角色產生器零件","RTP基本素材","99_角色產生器零件\RTP基本素材\TVD\Female\TVD_FrontHair_p04_c.png","144","48","Generator\TVD\Female\TVD_FrontHair_p04_c.png"
"99_角色產生器零件","RTP基本素材","99_角色產生器零件\RTP基本素材\TVD\Female\TVD_FrontHair_p05.png","144","48","Generator\TVD\Female\TVD_FrontHair_p05.png"
"99_角色產生器零件","RTP基本素材","99_角色產生器零件\RTP基本素材\TVD\Female\TVD_FrontHair_p05_c.png","144","48","Generator\TVD\Female\TVD_FrontHair_p05_c.png"
"99_角色產生器零件","RTP基本素材","99_角色產生器零件\RTP基本素材\TVD\Female\TVD_FrontHair_p06.png","144","48","Generator\TVD\Female\TVD_FrontHair_p06.png"
"99_角色產生器零件","RTP基本素材","99_角色產生器零件\RTP基本素材\TVD\Female\TVD_FrontHair_p06_c.png","144","48","Generator\TVD\Female\TVD_FrontHair_p06_c.png"
"99_角色產生器零件","RTP基本素材","99_角色產生器零件\RTP基本素材\TVD\Female\TVD_FrontHair_p07.png","144","48","Generator\TVD\Female\TVD_FrontHair_p07.png"
"99_角色產生器零件","RTP基本素材","99_角色產生器零件\RTP基本素材\TVD\Female\TVD_FrontHair_p07_c.png","144","48","Generator\TVD\Female\TVD_FrontHair_p07_c.png"
"99_角色產生器零件","RTP基本素材","99_角色產生器零件\RTP基本素材\TVD\Female\TVD_FrontHair_p08.png","144","48","Generator\TVD\Female\TVD_FrontHair_p08.png"
"99_角色產生器零件","RTP基本素材","99_角色產生器零件\RTP基本素材\TVD\Female\TVD_FrontHair_p08_c.png","144","48","Generator\TVD\Female\TVD_FrontHair_p08_c.png"
"99_角色產生器零件","RTP基本素材","99_角色產生器零件\RTP基本素材\TVD\Female\TVD_FrontHair_p09.png","144","48","Generator\TVD\Female\TVD_FrontHair_p09.png"
"99_角色產生器零件","RTP基本素材","99_角色產生器零件\RTP基本素材\TVD\Female\TVD_FrontHair_p09_c.png","144","48","Generator\TVD\Female\TVD_FrontHair_p09_c.png"
"99_角色產生器零件","RTP基本素材","99_角色產生器零件\RTP基本素材\TVD\Female\TVD_FrontHair_p10.png","144","48","Generator\TVD\Female\TVD_FrontHair_p10.png"
"99_角色產生器零件","RTP基本素材","99_角色產生器零件\RTP基本素材\TVD\Female\TVD_FrontHair_p10_c.png","144","48","Generator\TVD\Female\TVD_FrontHair_p10_c.png"
"99_角色產生器零件","RTP基本素材","99_角色產生器零件\RTP基本素材\TVD\Female\TVD_FrontHair_p11.png","144","48","Generator\TVD\Female\TVD_FrontHair_p11.png"
"99_角色產生器零件","RTP基本素材","99_角色產生器零件\RTP基本素材\TVD\Female\TVD_FrontHair_p11_c.png","144","48","Generator\TVD\Female\TVD_FrontHair_p11_c.png"
"99_角色產生器零件","RTP基本素材","99_角色產生器零件\RTP基本素材\TVD\Female\TVD_FrontHair_p12.png","144","48","Generator\TVD\Female\TVD_FrontHair_p12.png"
"99_角色產生器零件","RTP基本素材","99_角色產生器零件\RTP基本素材\TVD\Female\TVD_FrontHair_p12_c.png","144","48","Generator\TVD\Female\TVD_FrontHair_p12_c.png"
"99_角色產生器零件","RTP基本素材","99_角色產生器零件\RTP基本素材\TVD\Female\TVD_FrontHair_p13.png","144","48","Generator\TVD\Female\TVD_FrontHair_p13.png"
"99_角色產生器零件","RTP基本素材","99_角色產生器零件\RTP基本素材\TVD\Female\TVD_FrontHair_p13_c.png","144","48","Generator\TVD\Female\TVD_FrontHair_p13_c.png"
"99_角色產生器零件","RTP基本素材","99_角色產生器零件\RTP基本素材\TVD\Female\TVD_FrontHair_p14.png","144","48","Generator\TVD\Female\TVD_FrontHair_p14.png"
"99_角色產生器零件","RTP基本素材","99_角色產生器零件\RTP基本素材\TVD\Female\TVD_FrontHair_p14_c.png","144","48","Generator\TVD\Female\TVD_FrontHair_p14_c.png"
"99_角色產生器零件","RTP基本素材","99_角色產生器零件\RTP基本素材\TVD\Female\TVD_FrontHair_p15.png","144","48","Generator\TVD\Female\TVD_FrontHair_p15.png"
"99_角色產生器零件","RTP基本素材","99_角色產生器零件\RTP基本素材\TVD\Female\TVD_FrontHair_p15_c.png","144","48","Generator\TVD\Female\TVD_FrontHair_p15_c.png"
"99_角色產生器零件","RTP基本素材","99_角色產生器零件\RTP基本素材\TVD\Female\TVD_Glasses_p01.png","144","48","Generator\TVD\Female\TVD_Glasses_p01.png"
"99_角色產生器零件","RTP基本素材","99_角色產生器零件\RTP基本素材\TVD\Female\TVD_Glasses_p01_c.png","144","48","Generator\TVD\Female\TVD_Glasses_p01_c.png"
"99_角色產生器零件","RTP基本素材","99_角色產生器零件\RTP基本素材\TVD\Female\TVD_Glasses_p02.png","144","48","Generator\TVD\Female\TVD_Glasses_p02.png"
"99_角色產生器零件","RTP基本素材","99_角色產生器零件\RTP基本素材\TVD\Female\TVD_Glasses_p02_c.png","144","48","Generator\TVD\Female\TVD_Glasses_p02_c.png"
"99_角色產生器零件","RTP基本素材","99_角色產生器零件\RTP基本素材\TVD\Female\TVD_Glasses_p03.png","144","48","Generator\TVD\Female\TVD_Glasses_p03.png"
"99_角色產生器零件","RTP基本素材","99_角色產生器零件\RTP基本素材\TVD\Female\TVD_Glasses_p03_c.png","144","48","Generator\TVD\Female\TVD_Glasses_p03_c.png"
"99_角色產生器零件","RTP基本素材","99_角色產生器零件\RTP基本素材\TVD\Female\TVD_Glasses_p04.png","144","48","Generator\TVD\Female\TVD_Glasses_p04.png"
"99_角色產生器零件","RTP基本素材","99_角色產生器零件\RTP基本素材\TVD\Female\TVD_Glasses_p04_c.png","144","48","Generator\TVD\Female\TVD_Glasses_p04_c.png"
"99_角色產生器零件","RTP基本素材","99_角色產生器零件\RTP基本素材\TVD\Female\TVD_Glasses_p05.png","144","48","Generator\TVD\Female\TVD_Glasses_p05.png"
"99_角色產生器零件","RTP基本素材","99_角色產生器零件\RTP基本素材\TVD\Female\TVD_Glasses_p05_c.png","144","48","Generator\TVD\Female\TVD_Glasses_p05_c.png"
"99_角色產生器零件","RTP基本素材","99_角色產生器零件\RTP基本素材\TVD\Female\TVD_Glasses_p06.png","144","48","Generator\TVD\Female\TVD_Glasses_p06.png"
"99_角色產生器零件","RTP基本素材","99_角色產生器零件\RTP基本素材\TVD\Female\TVD_Glasses_p06_c.png","144","48","Generator\TVD\Female\TVD_Glasses_p06_c.png"
"99_角色產生器零件","RTP基本素材","99_角色產生器零件\RTP基本素材\TVD\Female\TVD_RearHair_p01.png","144","48","Generator\TVD\Female\TVD_RearHair_p01.png"
"99_角色產生器零件","RTP基本素材","99_角色產生器零件\RTP基本素材\TVD\Female\TVD_RearHair_p01_c.png","144","48","Generator\TVD\Female\TVD_RearHair_p01_c.png"
"99_角色產生器零件","RTP基本素材","99_角色產生器零件\RTP基本素材\TVD\Female\TVD_RearHair_p02.png","144","48","Generator\TVD\Female\TVD_RearHair_p02.png"
"99_角色產生器零件","RTP基本素材","99_角色產生器零件\RTP基本素材\TVD\Female\TVD_RearHair_p02_c.png","144","48","Generator\TVD\Female\TVD_RearHair_p02_c.png"
"99_角色產生器零件","RTP基本素材","99_角色產生器零件\RTP基本素材\TVD\Female\TVD_RearHair_p03.png","144","48","Generator\TVD\Female\TVD_RearHair_p03.png"
"99_角色產生器零件","RTP基本素材","99_角色產生器零件\RTP基本素材\TVD\Female\TVD_RearHair_p03_c.png","144","48","Generator\TVD\Female\TVD_RearHair_p03_c.png"
"99_角色產生器零件","RTP基本素材","99_角色產生器零件\RTP基本素材\TVD\Female\TVD_RearHair_p04.png","144","48","Generator\TVD\Female\TVD_RearHair_p04.png"
"99_角色產生器零件","RTP基本素材","99_角色產生器零件\RTP基本素材\TVD\Female\TVD_RearHair_p04_c.png","144","48","Generator\TVD\Female\TVD_RearHair_p04_c.png"
"99_角色產生器零件","RTP基本素材","99_角色產生器零件\RTP基本素材\TVD\Female\TVD_RearHair_p05.png","144","48","Generator\TVD\Female\TVD_RearHair_p05.png"
"99_角色產生器零件","RTP基本素材","99_角色產生器零件\RTP基本素材\TVD\Female\TVD_RearHair_p05_c.png","144","48","Generator\TVD\Female\TVD_RearHair_p05_c.png"
"99_角色產生器零件","RTP基本素材","99_角色產生器零件\RTP基本素材\TVD\Female\TVD_RearHair_p06.png","144","48","Generator\TVD\Female\TVD_RearHair_p06.png"
"99_角色產生器零件","RTP基本素材","99_角色產生器零件\RTP基本素材\TVD\Female\TVD_RearHair_p06_c.png","144","48","Generator\TVD\Female\TVD_RearHair_p06_c.png"
"99_角色產生器零件","RTP基本素材","99_角色產生器零件\RTP基本素材\TVD\Female\TVD_RearHair_p07.png","144","48","Generator\TVD\Female\TVD_RearHair_p07.png"
"99_角色產生器零件","RTP基本素材","99_角色產生器零件\RTP基本素材\TVD\Female\TVD_RearHair_p07_c.png","144","48","Generator\TVD\Female\TVD_RearHair_p07_c.png"
"99_角色產生器零件","RTP基本素材","99_角色產生器零件\RTP基本素材\TVD\Female\TVD_RearHair_p08.png","144","48","Generator\TVD\Female\TVD_RearHair_p08.png"
"99_角色產生器零件","RTP基本素材","99_角色產生器零件\RTP基本素材\TVD\Female\TVD_RearHair_p08_c.png","144","48","Generator\TVD\Female\TVD_RearHair_p08_c.png"
"99_角色產生器零件","RTP基本素材","99_角色產生器零件\RTP基本素材\TVD\Female\TVD_RearHair_p09.png","144","48","Generator\TVD\Female\TVD_RearHair_p09.png"
"99_角色產生器零件","RTP基本素材","99_角色產生器零件\RTP基本素材\TVD\Female\TVD_RearHair_p09_c.png","144","48","Generator\TVD\Female\TVD_RearHair_p09_c.png"
"99_角色產生器零件","RTP基本素材","99_角色產生器零件\RTP基本素材\TVD\Female\TVD_RearHair_p10.png","144","48","Generator\TVD\Female\TVD_RearHair_p10.png"
"99_角色產生器零件","RTP基本素材","99_角色產生器零件\RTP基本素材\TVD\Female\TVD_RearHair_p10_c.png","144","48","Generator\TVD\Female\TVD_RearHair_p10_c.png"
"99_角色產生器零件","RTP基本素材","99_角色產生器零件\RTP基本素材\TVD\Female\TVD_RearHair_p11.png","144","48","Generator\TVD\Female\TVD_RearHair_p11.png"
"99_角色產生器零件","RTP基本素材","99_角色產生器零件\RTP基本素材\TVD\Female\TVD_RearHair_p11_c.png","144","48","Generator\TVD\Female\TVD_RearHair_p11_c.png"
"99_角色產生器零件","RTP基本素材","99_角色產生器零件\RTP基本素材\TVD\Female\TVD_RearHair_p12.png","144","48","Generator\TVD\Female\TVD_RearHair_p12.png"
"99_角色產生器零件","RTP基本素材","99_角色產生器零件\RTP基本素材\TVD\Female\TVD_RearHair_p12_c.png","144","48","Generator\TVD\Female\TVD_RearHair_p12_c.png"
"99_角色產生器零件","RTP基本素材","99_角色產生器零件\RTP基本素材\TVD\Female\TVD_RearHair_p13.png","144","48","Generator\TVD\Female\TVD_RearHair_p13.png"
"99_角色產生器零件","RTP基本素材","99_角色產生器零件\RTP基本素材\TVD\Female\TVD_RearHair_p13_c.png","144","48","Generator\TVD\Female\TVD_RearHair_p13_c.png"
"99_角色產生器零件","RTP基本素材","99_角色產生器零件\RTP基本素材\TVD\Female\TVD_RearHair_p14.png","144","48","Generator\TVD\Female\TVD_RearHair_p14.png"
"99_角色產生器零件","RTP基本素材","99_角色產生器零件\RTP基本素材\TVD\Female\TVD_RearHair_p14_c.png","144","48","Generator\TVD\Female\TVD_RearHair_p14_c.png"
"99_角色產生器零件","RTP基本素材","99_角色產生器零件\RTP基本素材\TVD\Female\TVD_RearHair_p15.png","144","48","Generator\TVD\Female\TVD_RearHair_p15.png"
"99_角色產生器零件","RTP基本素材","99_角色產生器零件\RTP基本素材\TVD\Female\TVD_RearHair_p15_c.png","144","48","Generator\TVD\Female\TVD_RearHair_p15_c.png"
"99_角色產生器零件","RTP基本素材","99_角色產生器零件\RTP基本素材\TVD\Female\TVD_RearHair_p16.png","144","48","Generator\TVD\Female\TVD_RearHair_p16.png"
"99_角色產生器零件","RTP基本素材","99_角色產生器零件\RTP基本素材\TVD\Female\TVD_RearHair_p16_c.png","144","48","Generator\TVD\Female\TVD_RearHair_p16_c.png"
"99_角色產生器零件","RTP基本素材","99_角色產生器零件\RTP基本素材\TVD\Female\TVD_RearHair_p17.png","144","48","Generator\TVD\Female\TVD_RearHair_p17.png"
"99_角色產生器零件","RTP基本素材","99_角色產生器零件\RTP基本素材\TVD\Female\TVD_RearHair_p17_c.png","144","48","Generator\TVD\Female\TVD_RearHair_p17_c.png"
"99_角色產生器零件","RTP基本素材","99_角色產生器零件\RTP基本素材\TVD\Female\TVD_RearHair_p18.png","144","48","Generator\TVD\Female\TVD_RearHair_p18.png"
"99_角色產生器零件","RTP基本素材","99_角色產生器零件\RTP基本素材\TVD\Female\TVD_RearHair_p18_c.png","144","48","Generator\TVD\Female\TVD_RearHair_p18_c.png"
"99_角色產生器零件","RTP基本素材","99_角色產生器零件\RTP基本素材\TVD\Female\TVD_RearHair_p19.png","144","48","Generator\TVD\Female\TVD_RearHair_p19.png"
"99_角色產生器零件","RTP基本素材","99_角色產生器零件\RTP基本素材\TVD\Female\TVD_RearHair_p19_c.png","144","48","Generator\TVD\Female\TVD_RearHair_p19_c.png"
"99_角色產生器零件","RTP基本素材","99_角色產生器零件\RTP基本素材\TVD\Female\TVD_RearHair_p20.png","144","48","Generator\TVD\Female\TVD_RearHair_p20.png"
"99_角色產生器零件","RTP基本素材","99_角色產生器零件\RTP基本素材\TVD\Female\TVD_RearHair_p20_c.png","144","48","Generator\TVD\Female\TVD_RearHair_p20_c.png"
"99_角色產生器零件","RTP基本素材","99_角色產生器零件\RTP基本素材\TVD\Female\TVD_Tail_p01.png","144","48","Generator\TVD\Female\TVD_Tail_p01.png"
"99_角色產生器零件","RTP基本素材","99_角色產生器零件\RTP基本素材\TVD\Female\TVD_Tail_p01_c.png","144","48","Generator\TVD\Female\TVD_Tail_p01_c.png"
"99_角色產生器零件","RTP基本素材","99_角色產生器零件\RTP基本素材\TVD\Female\TVD_Tail_p02.png","144","48","Generator\TVD\Female\TVD_Tail_p02.png"
"99_角色產生器零件","RTP基本素材","99_角色產生器零件\RTP基本素材\TVD\Female\TVD_Tail_p02_c.png","144","48","Generator\TVD\Female\TVD_Tail_p02_c.png"
"99_角色產生器零件","RTP基本素材","99_角色產生器零件\RTP基本素材\TVD\Female\TVD_Tail_p03.png","144","48","Generator\TVD\Female\TVD_Tail_p03.png"
"99_角色產生器零件","RTP基本素材","99_角色產生器零件\RTP基本素材\TVD\Female\TVD_Tail_p03_c.png","144","48","Generator\TVD\Female\TVD_Tail_p03_c.png"
"99_角色產生器零件","RTP基本素材","99_角色產生器零件\RTP基本素材\TVD\Female\TVD_Tail_p04.png","144","48","Generator\TVD\Female\TVD_Tail_p04.png"
"99_角色產生器零件","RTP基本素材","99_角色產生器零件\RTP基本素材\TVD\Female\TVD_Tail_p04_c.png","144","48","Generator\TVD\Female\TVD_Tail_p04_c.png"
"99_角色產生器零件","RTP基本素材","99_角色產生器零件\RTP基本素材\TVD\Female\TVD_Tail_p05.png","144","48","Generator\TVD\Female\TVD_Tail_p05.png"
"99_角色產生器零件","RTP基本素材","99_角色產生器零件\RTP基本素材\TVD\Female\TVD_Tail_p05_c.png","144","48","Generator\TVD\Female\TVD_Tail_p05_c.png"
"99_角色產生器零件","RTP基本素材","99_角色產生器零件\RTP基本素材\TVD\Female\TVD_Tail_p06.png","144","48","Generator\TVD\Female\TVD_Tail_p06.png"
"99_角色產生器零件","RTP基本素材","99_角色產生器零件\RTP基本素材\TVD\Female\TVD_Tail_p06_c.png","144","48","Generator\TVD\Female\TVD_Tail_p06_c.png"
"99_角色產生器零件","RTP基本素材","99_角色產生器零件\RTP基本素材\TVD\Female\TVD_Wing_p01.png","144","48","Generator\TVD\Female\TVD_Wing_p01.png"
"99_角色產生器零件","RTP基本素材","99_角色產生器零件\RTP基本素材\TVD\Female\TVD_Wing_p01_c.png","144","48","Generator\TVD\Female\TVD_Wing_p01_c.png"
"99_角色產生器零件","RTP基本素材","99_角色產生器零件\RTP基本素材\TVD\Female\TVD_Wing_p02.png","144","48","Generator\TVD\Female\TVD_Wing_p02.png"
"99_角色產生器零件","RTP基本素材","99_角色產生器零件\RTP基本素材\TVD\Female\TVD_Wing_p03.png","144","48","Generator\TVD\Female\TVD_Wing_p03.png"
"99_角色產生器零件","RTP基本素材","99_角色產生器零件\RTP基本素材\TVD\Female\TVD_Wing_p03_c.png","144","48","Generator\TVD\Female\TVD_Wing_p03_c.png"
"99_角色產生器零件","RTP基本素材","99_角色產生器零件\RTP基本素材\TVD\Female\TVD_Wing_p04.png","144","48","Generator\TVD\Female\TVD_Wing_p04.png"
"99_角色產生器零件","RTP基本素材","99_角色產生器零件\RTP基本素材\TVD\Female\TVD_Wing_p04_c.png","144","48","Generator\TVD\Female\TVD_Wing_p04_c.png"
"99_角色產生器零件","RTP基本素材","99_角色產生器零件\RTP基本素材\TVD\Female\TVD_Wing_p05.png","144","48","Generator\TVD\Female\TVD_Wing_p05.png"
"99_角色產生器零件","RTP基本素材","99_角色產生器零件\RTP基本素材\TVD\Female\TVD_Wing_p05_c.png","144","48","Generator\TVD\Female\TVD_Wing_p05_c.png"
"99_角色產生器零件","RTP基本素材","99_角色產生器零件\RTP基本素材\TVD\Kid\TVD_Body_p01.png","144","48","Generator\TVD\Kid\TVD_Body_p01.png"
"99_角色產生器零件","RTP基本素材","99_角色產生器零件\RTP基本素材\TVD\Kid\TVD_Body_p01_c.png","144","48","Generator\TVD\Kid\TVD_Body_p01_c.png"
"99_角色產生器零件","RTP基本素材","99_角色產生器零件\RTP基本素材\TVD\Kid\TVD_Clothing_p00.png","144","48","Generator\TVD\Kid\TVD_Clothing_p00.png"
"99_角色產生器零件","RTP基本素材","99_角色產生器零件\RTP基本素材\TVD\Kid\TVD_Clothing_p00_c.png","144","48","Generator\TVD\Kid\TVD_Clothing_p00_c.png"
"99_角色產生器零件","RTP基本素材","99_角色產生器零件\RTP基本素材\TVD\Kid\TVD_FrontHair_p00.png","144","48","Generator\TVD\Kid\TVD_FrontHair_p00.png"
"99_角色產生器零件","RTP基本素材","99_角色產生器零件\RTP基本素材\TVD\Kid\TVD_FrontHair_p00_c.png","144","48","Generator\TVD\Kid\TVD_FrontHair_p00_c.png"
"99_角色產生器零件","RTP基本素材","99_角色產生器零件\RTP基本素材\TVD\Kid\TVD_RearHair_p00.png","144","48","Generator\TVD\Kid\TVD_RearHair_p00.png"
"99_角色產生器零件","RTP基本素材","99_角色產生器零件\RTP基本素材\TVD\Kid\TVD_RearHair_p00_c.png","144","48","Generator\TVD\Kid\TVD_RearHair_p00_c.png"
"99_角色產生器零件","RTP基本素材","99_角色產生器零件\RTP基本素材\TVD\Male\TVD_AccA_p01.png","144","48","Generator\TVD\Male\TVD_AccA_p01.png"
"99_角色產生器零件","RTP基本素材","99_角色產生器零件\RTP基本素材\TVD\Male\TVD_AccA_p01_c.png","144","48","Generator\TVD\Male\TVD_AccA_p01_c.png"
"99_角色產生器零件","RTP基本素材","99_角色產生器零件\RTP基本素材\TVD\Male\TVD_AccA_p02.png","144","48","Generator\TVD\Male\TVD_AccA_p02.png"
"99_角色產生器零件","RTP基本素材","99_角色產生器零件\RTP基本素材\TVD\Male\TVD_AccA_p03.png","144","48","Generator\TVD\Male\TVD_AccA_p03.png"
"99_角色產生器零件","RTP基本素材","99_角色產生器零件\RTP基本素材\TVD\Male\TVD_AccA_p03_c.png","144","48","Generator\TVD\Male\TVD_AccA_p03_c.png"
"99_角色產生器零件","RTP基本素材","99_角色產生器零件\RTP基本素材\TVD\Male\TVD_AccA_p04.png","144","48","Generator\TVD\Male\TVD_AccA_p04.png"
"99_角色產生器零件","RTP基本素材","99_角色產生器零件\RTP基本素材\TVD\Male\TVD_AccA_p04_c.png","144","48","Generator\TVD\Male\TVD_AccA_p04_c.png"
"99_角色產生器零件","RTP基本素材","99_角色產生器零件\RTP基本素材\TVD\Male\TVD_AccA_p05.png","144","48","Generator\TVD\Male\TVD_AccA_p05.png"
"99_角色產生器零件","RTP基本素材","99_角色產生器零件\RTP基本素材\TVD\Male\TVD_AccA_p06.png","144","48","Generator\TVD\Male\TVD_AccA_p06.png"
"99_角色產生器零件","RTP基本素材","99_角色產生器零件\RTP基本素材\TVD\Male\TVD_AccA_p06_c.png","144","48","Generator\TVD\Male\TVD_AccA_p06_c.png"
"99_角色產生器零件","RTP基本素材","99_角色產生器零件\RTP基本素材\TVD\Male\TVD_AccB_p01.png","144","48","Generator\TVD\Male\TVD_AccB_p01.png"
"99_角色產生器零件","RTP基本素材","99_角色產生器零件\RTP基本素材\TVD\Male\TVD_AccB_p01_c.png","144","48","Generator\TVD\Male\TVD_AccB_p01_c.png"
"99_角色產生器零件","RTP基本素材","99_角色產生器零件\RTP基本素材\TVD\Male\TVD_AccB_p02.png","144","48","Generator\TVD\Male\TVD_AccB_p02.png"
"99_角色產生器零件","RTP基本素材","99_角色產生器零件\RTP基本素材\TVD\Male\TVD_AccB_p02_c.png","144","48","Generator\TVD\Male\TVD_AccB_p02_c.png"
"99_角色產生器零件","RTP基本素材","99_角色產生器零件\RTP基本素材\TVD\Male\TVD_AccB_p03.png","144","48","Generator\TVD\Male\TVD_AccB_p03.png"
"99_角色產生器零件","RTP基本素材","99_角色產生器零件\RTP基本素材\TVD\Male\TVD_AccB_p03_c.png","144","48","Generator\TVD\Male\TVD_AccB_p03_c.png"
"99_角色產生器零件","RTP基本素材","99_角色產生器零件\RTP基本素材\TVD\Male\TVD_AccB_p04.png","144","48","Generator\TVD\Male\TVD_AccB_p04.png"
"99_角色產生器零件","RTP基本素材","99_角色產生器零件\RTP基本素材\TVD\Male\TVD_AccB_p04_c.png","144","48","Generator\TVD\Male\TVD_AccB_p04_c.png"
"99_角色產生器零件","RTP基本素材","99_角色產生器零件\RTP基本素材\TVD\Male\TVD_AccB_p05.png","144","48","Generator\TVD\Male\TVD_AccB_p05.png"
"99_角色產生器零件","RTP基本素材","99_角色產生器零件\RTP基本素材\TVD\Male\TVD_AccB_p05_c.png","144","48","Generator\TVD\Male\TVD_AccB_p05_c.png"
"99_角色產生器零件","RTP基本素材","99_角色產生器零件\RTP基本素材\TVD\Male\TVD_AccB_p06.png","144","48","Generator\TVD\Male\TVD_AccB_p06.png"
"99_角色產生器零件","RTP基本素材","99_角色產生器零件\RTP基本素材\TVD\Male\TVD_Beard_p01.png","144","48","Generator\TVD\Male\TVD_Beard_p01.png"
"99_角色產生器零件","RTP基本素材","99_角色產生器零件\RTP基本素材\TVD\Male\TVD_Beard_p01_c.png","144","48","Generator\TVD\Male\TVD_Beard_p01_c.png"
"99_角色產生器零件","RTP基本素材","99_角色產生器零件\RTP基本素材\TVD\Male\TVD_Beard_p02.png","144","48","Generator\TVD\Male\TVD_Beard_p02.png"
"99_角色產生器零件","RTP基本素材","99_角色產生器零件\RTP基本素材\TVD\Male\TVD_Beard_p02_c.png","144","48","Generator\TVD\Male\TVD_Beard_p02_c.png"
"99_角色產生器零件","RTP基本素材","99_角色產生器零件\RTP基本素材\TVD\Male\TVD_Beard_p03.png","144","48","Generator\TVD\Male\TVD_Beard_p03.png"
"99_角色產生器零件","RTP基本素材","99_角色產生器零件\RTP基本素材\TVD\Male\TVD_Beard_p03_c.png","144","48","Generator\TVD\Male\TVD_Beard_p03_c.png"
"99_角色產生器零件","RTP基本素材","99_角色產生器零件\RTP基本素材\TVD\Male\TVD_Beard_p04.png","144","48","Generator\TVD\Male\TVD_Beard_p04.png"
"99_角色產生器零件","RTP基本素材","99_角色產生器零件\RTP基本素材\TVD\Male\TVD_Beard_p04_c.png","144","48","Generator\TVD\Male\TVD_Beard_p04_c.png"
"99_角色產生器零件","RTP基本素材","99_角色產生器零件\RTP基本素材\TVD\Male\TVD_Beard_p05.png","144","48","Generator\TVD\Male\TVD_Beard_p05.png"
"99_角色產生器零件","RTP基本素材","99_角色產生器零件\RTP基本素材\TVD\Male\TVD_Beard_p05_c.png","144","48","Generator\TVD\Male\TVD_Beard_p05_c.png"
"99_角色產生器零件","RTP基本素材","99_角色產生器零件\RTP基本素材\TVD\Male\TVD_Beard_p06.png","144","48","Generator\TVD\Male\TVD_Beard_p06.png"
"99_角色產生器零件","RTP基本素材","99_角色產生器零件\RTP基本素材\TVD\Male\TVD_Beard_p06_c.png","144","48","Generator\TVD\Male\TVD_Beard_p06_c.png"
"99_角色產生器零件","RTP基本素材","99_角色產生器零件\RTP基本素材\TVD\Male\TVD_Beard_p07.png","144","48","Generator\TVD\Male\TVD_Beard_p07.png"
"99_角色產生器零件","RTP基本素材","99_角色產生器零件\RTP基本素材\TVD\Male\TVD_Beard_p07_c.png","144","48","Generator\TVD\Male\TVD_Beard_p07_c.png"
"99_角色產生器零件","RTP基本素材","99_角色產生器零件\RTP基本素材\TVD\Male\TVD_Beard_p08.png","144","48","Generator\TVD\Male\TVD_Beard_p08.png"
"99_角色產生器零件","RTP基本素材","99_角色產生器零件\RTP基本素材\TVD\Male\TVD_Beard_p08_c.png","144","48","Generator\TVD\Male\TVD_Beard_p08_c.png"
"99_角色產生器零件","RTP基本素材","99_角色產生器零件\RTP基本素材\TVD\Male\TVD_Beard_p09.png","144","48","Generator\TVD\Male\TVD_Beard_p09.png"
"99_角色產生器零件","RTP基本素材","99_角色產生器零件\RTP基本素材\TVD\Male\TVD_Beard_p09_c.png","144","48","Generator\TVD\Male\TVD_Beard_p09_c.png"
"99_角色產生器零件","RTP基本素材","99_角色產生器零件\RTP基本素材\TVD\Male\TVD_Beard_p10.png","144","48","Generator\TVD\Male\TVD_Beard_p10.png"
"99_角色產生器零件","RTP基本素材","99_角色產生器零件\RTP基本素材\TVD\Male\TVD_Beard_p10_c.png","144","48","Generator\TVD\Male\TVD_Beard_p10_c.png"
"99_角色產生器零件","RTP基本素材","99_角色產生器零件\RTP基本素材\TVD\Male\TVD_Beard_p11.png","144","48","Generator\TVD\Male\TVD_Beard_p11.png"
"99_角色產生器零件","RTP基本素材","99_角色產生器零件\RTP基本素材\TVD\Male\TVD_Beard_p11_c.png","144","48","Generator\TVD\Male\TVD_Beard_p11_c.png"
"99_角色產生器零件","RTP基本素材","99_角色產生器零件\RTP基本素材\TVD\Male\TVD_Clothing_p01.png","144","48","Generator\TVD\Male\TVD_Clothing_p01.png"
"99_角色產生器零件","RTP基本素材","99_角色產生器零件\RTP基本素材\TVD\Male\TVD_Clothing_p01_c.png","144","48","Generator\TVD\Male\TVD_Clothing_p01_c.png"
"99_角色產生器零件","RTP基本素材","99_角色產生器零件\RTP基本素材\TVD\Male\TVD_Clothing_p02.png","144","48","Generator\TVD\Male\TVD_Clothing_p02.png"
"99_角色產生器零件","RTP基本素材","99_角色產生器零件\RTP基本素材\TVD\Male\TVD_Clothing_p02_c.png","144","48","Generator\TVD\Male\TVD_Clothing_p02_c.png"
"99_角色產生器零件","RTP基本素材","99_角色產生器零件\RTP基本素材\TVD\Male\TVD_Clothing_p03.png","144","48","Generator\TVD\Male\TVD_Clothing_p03.png"
"99_角色產生器零件","RTP基本素材","99_角色產生器零件\RTP基本素材\TVD\Male\TVD_Clothing_p03_c.png","144","48","Generator\TVD\Male\TVD_Clothing_p03_c.png"
"99_角色產生器零件","RTP基本素材","99_角色產生器零件\RTP基本素材\TVD\Male\TVD_Clothing_p04.png","144","48","Generator\TVD\Male\TVD_Clothing_p04.png"
"99_角色產生器零件","RTP基本素材","99_角色產生器零件\RTP基本素材\TVD\Male\TVD_Clothing_p04_c.png","144","48","Generator\TVD\Male\TVD_Clothing_p04_c.png"
"99_角色產生器零件","RTP基本素材","99_角色產生器零件\RTP基本素材\TVD\Male\TVD_Clothing_p05.png","144","48","Generator\TVD\Male\TVD_Clothing_p05.png"
"99_角色產生器零件","RTP基本素材","99_角色產生器零件\RTP基本素材\TVD\Male\TVD_Clothing_p05_c.png","144","48","Generator\TVD\Male\TVD_Clothing_p05_c.png"
"99_角色產生器零件","RTP基本素材","99_角色產生器零件\RTP基本素材\TVD\Male\TVD_Clothing_p06.png","144","48","Generator\TVD\Male\TVD_Clothing_p06.png"
"99_角色產生器零件","RTP基本素材","99_角色產生器零件\RTP基本素材\TVD\Male\TVD_Clothing_p06_c.png","144","48","Generator\TVD\Male\TVD_Clothing_p06_c.png"
"99_角色產生器零件","RTP基本素材","99_角色產生器零件\RTP基本素材\TVD\Male\TVD_Clothing_p07.png","144","48","Generator\TVD\Male\TVD_Clothing_p07.png"
"99_角色產生器零件","RTP基本素材","99_角色產生器零件\RTP基本素材\TVD\Male\TVD_Clothing_p07_c.png","144","48","Generator\TVD\Male\TVD_Clothing_p07_c.png"
"99_角色產生器零件","RTP基本素材","99_角色產生器零件\RTP基本素材\TVD\Male\TVD_Clothing_p08.png","144","48","Generator\TVD\Male\TVD_Clothing_p08.png"
"99_角色產生器零件","RTP基本素材","99_角色產生器零件\RTP基本素材\TVD\Male\TVD_Clothing_p08_c.png","144","48","Generator\TVD\Male\TVD_Clothing_p08_c.png"
"99_角色產生器零件","RTP基本素材","99_角色產生器零件\RTP基本素材\TVD\Male\TVD_Clothing_p09.png","144","48","Generator\TVD\Male\TVD_Clothing_p09.png"
"99_角色產生器零件","RTP基本素材","99_角色產生器零件\RTP基本素材\TVD\Male\TVD_Clothing_p09_c.png","144","48","Generator\TVD\Male\TVD_Clothing_p09_c.png"
"99_角色產生器零件","RTP基本素材","99_角色產生器零件\RTP基本素材\TVD\Male\TVD_Clothing_p10.png","144","48","Generator\TVD\Male\TVD_Clothing_p10.png"
"99_角色產生器零件","RTP基本素材","99_角色產生器零件\RTP基本素材\TVD\Male\TVD_Clothing_p10_c.png","144","48","Generator\TVD\Male\TVD_Clothing_p10_c.png"
"99_角色產生器零件","RTP基本素材","99_角色產生器零件\RTP基本素材\TVD\Male\TVD_Clothing_p11.png","144","48","Generator\TVD\Male\TVD_Clothing_p11.png"
"99_角色產生器零件","RTP基本素材","99_角色產生器零件\RTP基本素材\TVD\Male\TVD_Clothing_p11_c.png","144","48","Generator\TVD\Male\TVD_Clothing_p11_c.png"
"99_角色產生器零件","RTP基本素材","99_角色產生器零件\RTP基本素材\TVD\Male\TVD_Clothing_p12.png","144","48","Generator\TVD\Male\TVD_Clothing_p12.png"
"99_角色產生器零件","RTP基本素材","99_角色產生器零件\RTP基本素材\TVD\Male\TVD_Clothing_p12_c.png","144","48","Generator\TVD\Male\TVD_Clothing_p12_c.png"
"99_角色產生器零件","RTP基本素材","99_角色產生器零件\RTP基本素材\TVD\Male\TVD_Clothing_p13_c.png","144","48","Generator\TVD\Male\TVD_Clothing_p13_c.png"
"99_角色產生器零件","RTP基本素材","99_角色產生器零件\RTP基本素材\TVD\Male\TVD_Clothing_p15.png","144","48","Generator\TVD\Male\TVD_Clothing_p15.png"
"99_角色產生器零件","RTP基本素材","99_角色產生器零件\RTP基本素材\TVD\Male\TVD_Clothing_p15_c.png","144","48","Generator\TVD\Male\TVD_Clothing_p15_c.png"
"99_角色產生器零件","RTP基本素材","99_角色產生器零件\RTP基本素材\TVD\Male\TVD_Clothing_p16.png","144","48","Generator\TVD\Male\TVD_Clothing_p16.png"
"99_角色產生器零件","RTP基本素材","99_角色產生器零件\RTP基本素材\TVD\Male\TVD_Clothing_p16_c.png","144","48","Generator\TVD\Male\TVD_Clothing_p16_c.png"
"99_角色產生器零件","RTP基本素材","99_角色產生器零件\RTP基本素材\TVD\Male\TVD_Clothing_p17.png","144","48","Generator\TVD\Male\TVD_Clothing_p17.png"
"99_角色產生器零件","RTP基本素材","99_角色產生器零件\RTP基本素材\TVD\Male\TVD_Clothing_p18.png","144","48","Generator\TVD\Male\TVD_Clothing_p18.png"
"99_角色產生器零件","RTP基本素材","99_角色產生器零件\RTP基本素材\TVD\Male\TVD_Clothing_p18_c.png","144","48","Generator\TVD\Male\TVD_Clothing_p18_c.png"
"99_角色產生器零件","RTP基本素材","99_角色產生器零件\RTP基本素材\TVD\Male\TVD_Clothing_p19.png","144","48","Generator\TVD\Male\TVD_Clothing_p19.png"
"99_角色產生器零件","RTP基本素材","99_角色產生器零件\RTP基本素材\TVD\Male\TVD_Clothing_p19_c.png","144","48","Generator\TVD\Male\TVD_Clothing_p19_c.png"
"99_角色產生器零件","RTP基本素材","99_角色產生器零件\RTP基本素材\TVD\Male\TVD_Clothing_p20.png","144","48","Generator\TVD\Male\TVD_Clothing_p20.png"
"99_角色產生器零件","RTP基本素材","99_角色產生器零件\RTP基本素材\TVD\Male\TVD_Clothing_p20_c.png","144","48","Generator\TVD\Male\TVD_Clothing_p20_c.png"
"99_角色產生器零件","RTP基本素材","99_角色產生器零件\RTP基本素材\TVD\Male\TVD_Clothing_p21.png","144","48","Generator\TVD\Male\TVD_Clothing_p21.png"
"99_角色產生器零件","RTP基本素材","99_角色產生器零件\RTP基本素材\TVD\Male\TVD_Clothing_p21_c.png","144","48","Generator\TVD\Male\TVD_Clothing_p21_c.png"
"99_角色產生器零件","RTP基本素材","99_角色產生器零件\RTP基本素材\TVD\Male\TVD_Clothing_p22.png","144","48","Generator\TVD\Male\TVD_Clothing_p22.png"
"99_角色產生器零件","RTP基本素材","99_角色產生器零件\RTP基本素材\TVD\Male\TVD_Clothing_p22_c.png","144","48","Generator\TVD\Male\TVD_Clothing_p22_c.png"
"99_角色產生器零件","RTP基本素材","99_角色產生器零件\RTP基本素材\TVD\Male\TVD_Clothing_p23.png","144","48","Generator\TVD\Male\TVD_Clothing_p23.png"
"99_角色產生器零件","RTP基本素材","99_角色產生器零件\RTP基本素材\TVD\Male\TVD_Clothing_p23_c.png","144","48","Generator\TVD\Male\TVD_Clothing_p23_c.png"
"99_角色產生器零件","RTP基本素材","99_角色產生器零件\RTP基本素材\TVD\Male\TVD_FacialMark_p01.png","144","48","Generator\TVD\Male\TVD_FacialMark_p01.png"
"99_角色產生器零件","RTP基本素材","99_角色產生器零件\RTP基本素材\TVD\Male\TVD_FacialMark_p01_c.png","144","48","Generator\TVD\Male\TVD_FacialMark_p01_c.png"
"99_角色產生器零件","RTP基本素材","99_角色產生器零件\RTP基本素材\TVD\Male\TVD_FrontHair_p16.png","144","48","Generator\TVD\Male\TVD_FrontHair_p16.png"
"99_角色產生器零件","RTP基本素材","99_角色產生器零件\RTP基本素材\TVD\Male\TVD_FrontHair_p16_c.png","144","48","Generator\TVD\Male\TVD_FrontHair_p16_c.png"
"99_角色產生器零件","RTP基本素材","99_角色產生器零件\RTP基本素材\TVD\Male\TVD_FrontHair_p17.png","144","48","Generator\TVD\Male\TVD_FrontHair_p17.png"
"99_角色產生器零件","RTP基本素材","99_角色產生器零件\RTP基本素材\TVD\Male\TVD_FrontHair_p17_c.png","144","48","Generator\TVD\Male\TVD_FrontHair_p17_c.png"
"99_角色產生器零件","RTP基本素材","99_角色產生器零件\RTP基本素材\TVD\Male\TVD_Glasses_p01.png","144","48","Generator\TVD\Male\TVD_Glasses_p01.png"
"99_角色產生器零件","RTP基本素材","99_角色產生器零件\RTP基本素材\TVD\Male\TVD_Glasses_p02.png","144","48","Generator\TVD\Male\TVD_Glasses_p02.png"
"99_角色產生器零件","RTP基本素材","99_角色產生器零件\RTP基本素材\TVD\Male\TVD_Glasses_p02_c.png","144","48","Generator\TVD\Male\TVD_Glasses_p02_c.png"
"99_角色產生器零件","RTP基本素材","99_角色產生器零件\RTP基本素材\TVD\Male\TVD_RearHair_p18.png","144","48","Generator\TVD\Male\TVD_RearHair_p18.png"
"99_角色產生器零件","RTP基本素材","99_角色產生器零件\RTP基本素材\TVD\Male\TVD_RearHair_p18_c.png","144","48","Generator\TVD\Male\TVD_RearHair_p18_c.png"
"99_角色產生器零件","RTP基本素材","99_角色產生器零件\RTP基本素材\TVD\Male\TVD_Wing_p04.png","144","48","Generator\TVD\Male\TVD_Wing_p04.png"
"99_角色產生器零件","RTP基本素材","99_角色產生器零件\RTP基本素材\TVD\Male\TVD_Wing_p04_c.png","144","48","Generator\TVD\Male\TVD_Wing_p04_c.png"
"99_角色產生器零件","RTP基本素材","99_角色產生器零件\RTP基本素材\TV\Female\TV_AccA_p01.png","144","192","Generator\TV\Female\TV_AccA_p01.png"
"99_角色產生器零件","RTP基本素材","99_角色產生器零件\RTP基本素材\TV\Female\TV_AccA_p01_c.png","144","192","Generator\TV\Female\TV_AccA_p01_c.png"
"99_角色產生器零件","RTP基本素材","99_角色產生器零件\RTP基本素材\TV\Female\TV_AccA_p02.png","144","192","Generator\TV\Female\TV_AccA_p02.png"
"99_角色產生器零件","RTP基本素材","99_角色產生器零件\RTP基本素材\TV\Female\TV_AccA_p02_c.png","144","192","Generator\TV\Female\TV_AccA_p02_c.png"
"99_角色產生器零件","RTP基本素材","99_角色產生器零件\RTP基本素材\TV\Female\TV_AccA_p03.png","144","192","Generator\TV\Female\TV_AccA_p03.png"
"99_角色產生器零件","RTP基本素材","99_角色產生器零件\RTP基本素材\TV\Female\TV_AccA_p03_c.png","144","192","Generator\TV\Female\TV_AccA_p03_c.png"
"99_角色產生器零件","RTP基本素材","99_角色產生器零件\RTP基本素材\TV\Female\TV_AccA_p04.png","144","192","Generator\TV\Female\TV_AccA_p04.png"
"99_角色產生器零件","RTP基本素材","99_角色產生器零件\RTP基本素材\TV\Female\TV_AccA_p04_c.png","144","192","Generator\TV\Female\TV_AccA_p04_c.png"
"99_角色產生器零件","RTP基本素材","99_角色產生器零件\RTP基本素材\TV\Female\TV_AccA_p05.png","144","192","Generator\TV\Female\TV_AccA_p05.png"
"99_角色產生器零件","RTP基本素材","99_角色產生器零件\RTP基本素材\TV\Female\TV_AccA_p05_c.png","144","192","Generator\TV\Female\TV_AccA_p05_c.png"
"99_角色產生器零件","RTP基本素材","99_角色產生器零件\RTP基本素材\TV\Female\TV_AccA_p06.png","144","192","Generator\TV\Female\TV_AccA_p06.png"
"99_角色產生器零件","RTP基本素材","99_角色產生器零件\RTP基本素材\TV\Female\TV_AccA_p06_c.png","144","192","Generator\TV\Female\TV_AccA_p06_c.png"
"99_角色產生器零件","RTP基本素材","99_角色產生器零件\RTP基本素材\TV\Female\TV_AccA_p07.png","144","192","Generator\TV\Female\TV_AccA_p07.png"
"99_角色產生器零件","RTP基本素材","99_角色產生器零件\RTP基本素材\TV\Female\TV_AccA_p07_c.png","144","192","Generator\TV\Female\TV_AccA_p07_c.png"
"99_角色產生器零件","RTP基本素材","99_角色產生器零件\RTP基本素材\TV\Female\TV_AccB_p01.png","144","192","Generator\TV\Female\TV_AccB_p01.png"
"99_角色產生器零件","RTP基本素材","99_角色產生器零件\RTP基本素材\TV\Female\TV_AccB_p01_c.png","144","192","Generator\TV\Female\TV_AccB_p01_c.png"
"99_角色產生器零件","RTP基本素材","99_角色產生器零件\RTP基本素材\TV\Female\TV_AccB_p02.png","144","192","Generator\TV\Female\TV_AccB_p02.png"
"99_角色產生器零件","RTP基本素材","99_角色產生器零件\RTP基本素材\TV\Female\TV_AccB_p02_c.png","144","192","Generator\TV\Female\TV_AccB_p02_c.png"
"99_角色產生器零件","RTP基本素材","99_角色產生器零件\RTP基本素材\TV\Female\TV_AccB_p03.png","144","192","Generator\TV\Female\TV_AccB_p03.png"
"99_角色產生器零件","RTP基本素材","99_角色產生器零件\RTP基本素材\TV\Female\TV_AccB_p03_c.png","144","192","Generator\TV\Female\TV_AccB_p03_c.png"
"99_角色產生器零件","RTP基本素材","99_角色產生器零件\RTP基本素材\TV\Female\TV_AccB_p04.png","144","192","Generator\TV\Female\TV_AccB_p04.png"
"99_角色產生器零件","RTP基本素材","99_角色產生器零件\RTP基本素材\TV\Female\TV_AccB_p04_c.png","144","192","Generator\TV\Female\TV_AccB_p04_c.png"
"99_角色產生器零件","RTP基本素材","99_角色產生器零件\RTP基本素材\TV\Female\TV_AccB_p05.png","144","192","Generator\TV\Female\TV_AccB_p05.png"
"99_角色產生器零件","RTP基本素材","99_角色產生器零件\RTP基本素材\TV\Female\TV_AccB_p05_c.png","144","192","Generator\TV\Female\TV_AccB_p05_c.png"
"99_角色產生器零件","RTP基本素材","99_角色產生器零件\RTP基本素材\TV\Female\TV_AccB_p06.png","144","192","Generator\TV\Female\TV_AccB_p06.png"
"99_角色產生器零件","RTP基本素材","99_角色產生器零件\RTP基本素材\TV\Female\TV_AccB_p06_c.png","144","192","Generator\TV\Female\TV_AccB_p06_c.png"
"99_角色產生器零件","RTP基本素材","99_角色產生器零件\RTP基本素材\TV\Female\TV_AccB_p07.png","144","192","Generator\TV\Female\TV_AccB_p07.png"
"99_角色產生器零件","RTP基本素材","99_角色產生器零件\RTP基本素材\TV\Female\TV_AccB_p07_c.png","144","192","Generator\TV\Female\TV_AccB_p07_c.png"
"99_角色產生器零件","RTP基本素材","99_角色產生器零件\RTP基本素材\TV\Female\TV_AccB_p08.png","144","192","Generator\TV\Female\TV_AccB_p08.png"
"99_角色產生器零件","RTP基本素材","99_角色產生器零件\RTP基本素材\TV\Female\TV_AccB_p08_c.png","144","192","Generator\TV\Female\TV_AccB_p08_c.png"
"99_角色產生器零件","RTP基本素材","99_角色產生器零件\RTP基本素材\TV\Female\TV_AccB_p09.png","144","192","Generator\TV\Female\TV_AccB_p09.png"
"99_角色產生器零件","RTP基本素材","99_角色產生器零件\RTP基本素材\TV\Female\TV_AccB_p09_c.png","144","192","Generator\TV\Female\TV_AccB_p09_c.png"
"99_角色產生器零件","RTP基本素材","99_角色產生器零件\RTP基本素材\TV\Female\TV_AccB_p10.png","144","192","Generator\TV\Female\TV_AccB_p10.png"
"99_角色產生器零件","RTP基本素材","99_角色產生器零件\RTP基本素材\TV\Female\TV_AccB_p10_c.png","144","192","Generator\TV\Female\TV_AccB_p10_c.png"
"99_角色產生器零件","RTP基本素材","99_角色產生器零件\RTP基本素材\TV\Female\TV_BeastEars_p01.png","144","192","Generator\TV\Female\TV_BeastEars_p01.png"
"99_角色產生器零件","RTP基本素材","99_角色產生器零件\RTP基本素材\TV\Female\TV_BeastEars_p01_c.png","144","192","Generator\TV\Female\TV_BeastEars_p01_c.png"
"99_角色產生器零件","RTP基本素材","99_角色產生器零件\RTP基本素材\TV\Female\TV_BeastEars_p02.png","144","192","Generator\TV\Female\TV_BeastEars_p02.png"
"99_角色產生器零件","RTP基本素材","99_角色產生器零件\RTP基本素材\TV\Female\TV_BeastEars_p02_c.png","144","192","Generator\TV\Female\TV_BeastEars_p02_c.png"
"99_角色產生器零件","RTP基本素材","99_角色產生器零件\RTP基本素材\TV\Female\TV_BeastEars_p03.png","144","192","Generator\TV\Female\TV_BeastEars_p03.png"
"99_角色產生器零件","RTP基本素材","99_角色產生器零件\RTP基本素材\TV\Female\TV_BeastEars_p03_c.png","144","192","Generator\TV\Female\TV_BeastEars_p03_c.png"
"99_角色產生器零件","RTP基本素材","99_角色產生器零件\RTP基本素材\TV\Female\TV_BeastEars_p04.png","144","192","Generator\TV\Female\TV_BeastEars_p04.png"
"99_角色產生器零件","RTP基本素材","99_角色產生器零件\RTP基本素材\TV\Female\TV_BeastEars_p04_c.png","144","192","Generator\TV\Female\TV_BeastEars_p04_c.png"
"99_角色產生器零件","RTP基本素材","99_角色產生器零件\RTP基本素材\TV\Female\TV_BeastEars_p05.png","144","192","Generator\TV\Female\TV_BeastEars_p05.png"
"99_角色產生器零件","RTP基本素材","99_角色產生器零件\RTP基本素材\TV\Female\TV_BeastEars_p05_c.png","144","192","Generator\TV\Female\TV_BeastEars_p05_c.png"
"99_角色產生器零件","RTP基本素材","99_角色產生器零件\RTP基本素材\TV\Female\TV_BeastEars_p06.png","144","192","Generator\TV\Female\TV_BeastEars_p06.png"
"99_角色產生器零件","RTP基本素材","99_角色產生器零件\RTP基本素材\TV\Female\TV_BeastEars_p06_c.png","144","192","Generator\TV\Female\TV_BeastEars_p06_c.png"
"99_角色產生器零件","RTP基本素材","99_角色產生器零件\RTP基本素材\TV\Female\TV_Body_p01.png","144","192","Generator\TV\Female\TV_Body_p01.png"
"99_角色產生器零件","RTP基本素材","99_角色產生器零件\RTP基本素材\TV\Female\TV_Body_p01_c.png","144","192","Generator\TV\Female\TV_Body_p01_c.png"
"99_角色產生器零件","RTP基本素材","99_角色產生器零件\RTP基本素材\TV\Female\TV_Cloak1_p01.png","144","192","Generator\TV\Female\TV_Cloak1_p01.png"
"99_角色產生器零件","RTP基本素材","99_角色產生器零件\RTP基本素材\TV\Female\TV_Cloak1_p01_c.png","144","192","Generator\TV\Female\TV_Cloak1_p01_c.png"
"99_角色產生器零件","RTP基本素材","99_角色產生器零件\RTP基本素材\TV\Female\TV_Cloak1_p02.png","144","192","Generator\TV\Female\TV_Cloak1_p02.png"
"99_角色產生器零件","RTP基本素材","99_角色產生器零件\RTP基本素材\TV\Female\TV_Cloak1_p02_c.png","144","192","Generator\TV\Female\TV_Cloak1_p02_c.png"
"99_角色產生器零件","RTP基本素材","99_角色產生器零件\RTP基本素材\TV\Female\TV_Cloak1_p03.png","144","192","Generator\TV\Female\TV_Cloak1_p03.png"
"99_角色產生器零件","RTP基本素材","99_角色產生器零件\RTP基本素材\TV\Female\TV_Cloak1_p03_c.png","144","192","Generator\TV\Female\TV_Cloak1_p03_c.png"
"99_角色產生器零件","RTP基本素材","99_角色產生器零件\RTP基本素材\TV\Female\TV_Cloak1_p04.png","144","192","Generator\TV\Female\TV_Cloak1_p04.png"
"99_角色產生器零件","RTP基本素材","99_角色產生器零件\RTP基本素材\TV\Female\TV_Cloak1_p04_c.png","144","192","Generator\TV\Female\TV_Cloak1_p04_c.png"
"99_角色產生器零件","RTP基本素材","99_角色產生器零件\RTP基本素材\TV\Female\TV_Cloak2_p01.png","144","192","Generator\TV\Female\TV_Cloak2_p01.png"
"99_角色產生器零件","RTP基本素材","99_角色產生器零件\RTP基本素材\TV\Female\TV_Cloak2_p01_c.png","144","192","Generator\TV\Female\TV_Cloak2_p01_c.png"
"99_角色產生器零件","RTP基本素材","99_角色產生器零件\RTP基本素材\TV\Female\TV_Cloak2_p02.png","144","192","Generator\TV\Female\TV_Cloak2_p02.png"
"99_角色產生器零件","RTP基本素材","99_角色產生器零件\RTP基本素材\TV\Female\TV_Cloak2_p02_c.png","144","192","Generator\TV\Female\TV_Cloak2_p02_c.png"
"99_角色產生器零件","RTP基本素材","99_角色產生器零件\RTP基本素材\TV\Female\TV_Cloak2_p03.png","144","192","Generator\TV\Female\TV_Cloak2_p03.png"
"99_角色產生器零件","RTP基本素材","99_角色產生器零件\RTP基本素材\TV\Female\TV_Cloak2_p03_c.png","144","192","Generator\TV\Female\TV_Cloak2_p03_c.png"
"99_角色產生器零件","RTP基本素材","99_角色產生器零件\RTP基本素材\TV\Female\TV_Cloak2_p04.png","144","192","Generator\TV\Female\TV_Cloak2_p04.png"
"99_角色產生器零件","RTP基本素材","99_角色產生器零件\RTP基本素材\TV\Female\TV_Cloak2_p04_c.png","144","192","Generator\TV\Female\TV_Cloak2_p04_c.png"
"99_角色產生器零件","RTP基本素材","99_角色產生器零件\RTP基本素材\TV\Female\TV_Clothing1_p01.png","144","192","Generator\TV\Female\TV_Clothing1_p01.png"
"99_角色產生器零件","RTP基本素材","99_角色產生器零件\RTP基本素材\TV\Female\TV_Clothing1_p01_c.png","144","192","Generator\TV\Female\TV_Clothing1_p01_c.png"
"99_角色產生器零件","RTP基本素材","99_角色產生器零件\RTP基本素材\TV\Female\TV_Clothing1_p02.png","144","192","Generator\TV\Female\TV_Clothing1_p02.png"
"99_角色產生器零件","RTP基本素材","99_角色產生器零件\RTP基本素材\TV\Female\TV_Clothing1_p02_c.png","144","192","Generator\TV\Female\TV_Clothing1_p02_c.png"
"99_角色產生器零件","RTP基本素材","99_角色產生器零件\RTP基本素材\TV\Female\TV_Clothing1_p03.png","144","192","Generator\TV\Female\TV_Clothing1_p03.png"
"99_角色產生器零件","RTP基本素材","99_角色產生器零件\RTP基本素材\TV\Female\TV_Clothing1_p03_c.png","144","192","Generator\TV\Female\TV_Clothing1_p03_c.png"
"99_角色產生器零件","RTP基本素材","99_角色產生器零件\RTP基本素材\TV\Female\TV_Clothing1_p04.png","144","192","Generator\TV\Female\TV_Clothing1_p04.png"
"99_角色產生器零件","RTP基本素材","99_角色產生器零件\RTP基本素材\TV\Female\TV_Clothing1_p04_c.png","144","192","Generator\TV\Female\TV_Clothing1_p04_c.png"
"99_角色產生器零件","RTP基本素材","99_角色產生器零件\RTP基本素材\TV\Female\TV_Clothing1_p05.png","144","192","Generator\TV\Female\TV_Clothing1_p05.png"
"99_角色產生器零件","RTP基本素材","99_角色產生器零件\RTP基本素材\TV\Female\TV_Clothing1_p05_c.png","144","192","Generator\TV\Female\TV_Clothing1_p05_c.png"
"99_角色產生器零件","RTP基本素材","99_角色產生器零件\RTP基本素材\TV\Female\TV_Clothing1_p06.png","144","192","Generator\TV\Female\TV_Clothing1_p06.png"
"99_角色產生器零件","RTP基本素材","99_角色產生器零件\RTP基本素材\TV\Female\TV_Clothing1_p06_c.png","144","192","Generator\TV\Female\TV_Clothing1_p06_c.png"
"99_角色產生器零件","RTP基本素材","99_角色產生器零件\RTP基本素材\TV\Female\TV_Clothing1_p07.png","144","192","Generator\TV\Female\TV_Clothing1_p07.png"
"99_角色產生器零件","RTP基本素材","99_角色產生器零件\RTP基本素材\TV\Female\TV_Clothing1_p07_c.png","144","192","Generator\TV\Female\TV_Clothing1_p07_c.png"
"99_角色產生器零件","RTP基本素材","99_角色產生器零件\RTP基本素材\TV\Female\TV_Clothing1_p08.png","144","192","Generator\TV\Female\TV_Clothing1_p08.png"
"99_角色產生器零件","RTP基本素材","99_角色產生器零件\RTP基本素材\TV\Female\TV_Clothing1_p08_c.png","144","192","Generator\TV\Female\TV_Clothing1_p08_c.png"
"99_角色產生器零件","RTP基本素材","99_角色產生器零件\RTP基本素材\TV\Female\TV_Clothing1_p09.png","144","192","Generator\TV\Female\TV_Clothing1_p09.png"
"99_角色產生器零件","RTP基本素材","99_角色產生器零件\RTP基本素材\TV\Female\TV_Clothing1_p09_c.png","144","192","Generator\TV\Female\TV_Clothing1_p09_c.png"
"99_角色產生器零件","RTP基本素材","99_角色產生器零件\RTP基本素材\TV\Female\TV_Clothing1_p10.png","144","192","Generator\TV\Female\TV_Clothing1_p10.png"
"99_角色產生器零件","RTP基本素材","99_角色產生器零件\RTP基本素材\TV\Female\TV_Clothing1_p10_c.png","144","192","Generator\TV\Female\TV_Clothing1_p10_c.png"
"99_角色產生器零件","RTP基本素材","99_角色產生器零件\RTP基本素材\TV\Female\TV_Clothing1_p11.png","144","192","Generator\TV\Female\TV_Clothing1_p11.png"
"99_角色產生器零件","RTP基本素材","99_角色產生器零件\RTP基本素材\TV\Female\TV_Clothing1_p11_c.png","144","192","Generator\TV\Female\TV_Clothing1_p11_c.png"
"99_角色產生器零件","RTP基本素材","99_角色產生器零件\RTP基本素材\TV\Female\TV_Clothing1_p12.png","144","192","Generator\TV\Female\TV_Clothing1_p12.png"
"99_角色產生器零件","RTP基本素材","99_角色產生器零件\RTP基本素材\TV\Female\TV_Clothing1_p12_c.png","144","192","Generator\TV\Female\TV_Clothing1_p12_c.png"
"99_角色產生器零件","RTP基本素材","99_角色產生器零件\RTP基本素材\TV\Female\TV_Clothing1_p13.png","144","192","Generator\TV\Female\TV_Clothing1_p13.png"
"99_角色產生器零件","RTP基本素材","99_角色產生器零件\RTP基本素材\TV\Female\TV_Clothing1_p13_c.png","144","192","Generator\TV\Female\TV_Clothing1_p13_c.png"
"99_角色產生器零件","RTP基本素材","99_角色產生器零件\RTP基本素材\TV\Female\TV_Clothing1_p14.png","144","192","Generator\TV\Female\TV_Clothing1_p14.png"
"99_角色產生器零件","RTP基本素材","99_角色產生器零件\RTP基本素材\TV\Female\TV_Clothing1_p14_c.png","144","192","Generator\TV\Female\TV_Clothing1_p14_c.png"
"99_角色產生器零件","RTP基本素材","99_角色產生器零件\RTP基本素材\TV\Female\TV_Clothing1_p15.png","144","192","Generator\TV\Female\TV_Clothing1_p15.png"
"99_角色產生器零件","RTP基本素材","99_角色產生器零件\RTP基本素材\TV\Female\TV_Clothing1_p15_c.png","144","192","Generator\TV\Female\TV_Clothing1_p15_c.png"
"99_角色產生器零件","RTP基本素材","99_角色產生器零件\RTP基本素材\TV\Female\TV_Clothing1_p16.png","144","192","Generator\TV\Female\TV_Clothing1_p16.png"
"99_角色產生器零件","RTP基本素材","99_角色產生器零件\RTP基本素材\TV\Female\TV_Clothing1_p16_c.png","144","192","Generator\TV\Female\TV_Clothing1_p16_c.png"
"99_角色產生器零件","RTP基本素材","99_角色產生器零件\RTP基本素材\TV\Female\TV_Clothing1_p17.png","144","192","Generator\TV\Female\TV_Clothing1_p17.png"
"99_角色產生器零件","RTP基本素材","99_角色產生器零件\RTP基本素材\TV\Female\TV_Clothing1_p17_c.png","144","192","Generator\TV\Female\TV_Clothing1_p17_c.png"
"99_角色產生器零件","RTP基本素材","99_角色產生器零件\RTP基本素材\TV\Female\TV_Clothing1_p18.png","144","192","Generator\TV\Female\TV_Clothing1_p18.png"
"99_角色產生器零件","RTP基本素材","99_角色產生器零件\RTP基本素材\TV\Female\TV_Clothing1_p18_c.png","144","192","Generator\TV\Female\TV_Clothing1_p18_c.png"
"99_角色產生器零件","RTP基本素材","99_角色產生器零件\RTP基本素材\TV\Female\TV_Clothing1_p19.png","144","192","Generator\TV\Female\TV_Clothing1_p19.png"
"99_角色產生器零件","RTP基本素材","99_角色產生器零件\RTP基本素材\TV\Female\TV_Clothing1_p19_c.png","144","192","Generator\TV\Female\TV_Clothing1_p19_c.png"
"99_角色產生器零件","RTP基本素材","99_角色產生器零件\RTP基本素材\TV\Female\TV_Clothing1_p20.png","144","192","Generator\TV\Female\TV_Clothing1_p20.png"
"99_角色產生器零件","RTP基本素材","99_角色產生器零件\RTP基本素材\TV\Female\TV_Clothing1_p20_c.png","144","192","Generator\TV\Female\TV_Clothing1_p20_c.png"
"99_角色產生器零件","RTP基本素材","99_角色產生器零件\RTP基本素材\TV\Female\TV_Clothing1_p21.png","144","192","Generator\TV\Female\TV_Clothing1_p21.png"
"99_角色產生器零件","RTP基本素材","99_角色產生器零件\RTP基本素材\TV\Female\TV_Clothing1_p22.png","144","192","Generator\TV\Female\TV_Clothing1_p22.png"
"99_角色產生器零件","RTP基本素材","99_角色產生器零件\RTP基本素材\TV\Female\TV_Clothing1_p22_c.png","144","192","Generator\TV\Female\TV_Clothing1_p22_c.png"
"99_角色產生器零件","RTP基本素材","99_角色產生器零件\RTP基本素材\TV\Female\TV_Clothing1_p23.png","144","192","Generator\TV\Female\TV_Clothing1_p23.png"
"99_角色產生器零件","RTP基本素材","99_角色產生器零件\RTP基本素材\TV\Female\TV_Clothing1_p23_c.png","144","192","Generator\TV\Female\TV_Clothing1_p23_c.png"
"99_角色產生器零件","RTP基本素材","99_角色產生器零件\RTP基本素材\TV\Female\TV_Clothing1_p24.png","144","192","Generator\TV\Female\TV_Clothing1_p24.png"
"99_角色產生器零件","RTP基本素材","99_角色產生器零件\RTP基本素材\TV\Female\TV_Clothing1_p24_c.png","144","192","Generator\TV\Female\TV_Clothing1_p24_c.png"
"99_角色產生器零件","RTP基本素材","99_角色產生器零件\RTP基本素材\TV\Female\TV_Clothing1_p25.png","144","192","Generator\TV\Female\TV_Clothing1_p25.png"
"99_角色產生器零件","RTP基本素材","99_角色產生器零件\RTP基本素材\TV\Female\TV_Clothing1_p25_c.png","144","192","Generator\TV\Female\TV_Clothing1_p25_c.png"
"99_角色產生器零件","RTP基本素材","99_角色產生器零件\RTP基本素材\TV\Female\TV_Clothing1_p26.png","144","192","Generator\TV\Female\TV_Clothing1_p26.png"
"99_角色產生器零件","RTP基本素材","99_角色產生器零件\RTP基本素材\TV\Female\TV_Clothing1_p26_c.png","144","192","Generator\TV\Female\TV_Clothing1_p26_c.png"
"99_角色產生器零件","RTP基本素材","99_角色產生器零件\RTP基本素材\TV\Female\TV_Ears_p02.png","144","192","Generator\TV\Female\TV_Ears_p02.png"
"99_角色產生器零件","RTP基本素材","99_角色產生器零件\RTP基本素材\TV\Female\TV_Ears_p02_c.png","144","192","Generator\TV\Female\TV_Ears_p02_c.png"
"99_角色產生器零件","RTP基本素材","99_角色產生器零件\RTP基本素材\TV\Female\TV_FacialMark_p01.png","144","192","Generator\TV\Female\TV_FacialMark_p01.png"
"99_角色產生器零件","RTP基本素材","99_角色產生器零件\RTP基本素材\TV\Female\TV_FacialMark_p01_c.png","144","192","Generator\TV\Female\TV_FacialMark_p01_c.png"
"99_角色產生器零件","RTP基本素材","99_角色產生器零件\RTP基本素材\TV\Female\TV_FacialMark_p02.png","144","192","Generator\TV\Female\TV_FacialMark_p02.png"
"99_角色產生器零件","RTP基本素材","99_角色產生器零件\RTP基本素材\TV\Female\TV_FacialMark_p03.png","144","192","Generator\TV\Female\TV_FacialMark_p03.png"
"99_角色產生器零件","RTP基本素材","99_角色產生器零件\RTP基本素材\TV\Female\TV_FacialMark_p03_c.png","144","192","Generator\TV\Female\TV_FacialMark_p03_c.png"
"99_角色產生器零件","RTP基本素材","99_角色產生器零件\RTP基本素材\TV\Female\TV_FacialMark_p04.png","144","192","Generator\TV\Female\TV_FacialMark_p04.png"
"99_角色產生器零件","RTP基本素材","99_角色產生器零件\RTP基本素材\TV\Female\TV_FacialMark_p04_c.png","144","192","Generator\TV\Female\TV_FacialMark_p04_c.png"
"99_角色產生器零件","RTP基本素材","99_角色產生器零件\RTP基本素材\TV\Female\TV_FacialMark_p05.png","144","192","Generator\TV\Female\TV_FacialMark_p05.png"
"99_角色產生器零件","RTP基本素材","99_角色產生器零件\RTP基本素材\TV\Female\TV_FacialMark_p05_c.png","144","192","Generator\TV\Female\TV_FacialMark_p05_c.png"
"99_角色產生器零件","RTP基本素材","99_角色產生器零件\RTP基本素材\TV\Female\TV_FacialMark_p06.png","144","192","Generator\TV\Female\TV_FacialMark_p06.png"
"99_角色產生器零件","RTP基本素材","99_角色產生器零件\RTP基本素材\TV\Female\TV_FacialMark_p06_c.png","144","192","Generator\TV\Female\TV_FacialMark_p06_c.png"
"99_角色產生器零件","RTP基本素材","99_角色產生器零件\RTP基本素材\TV\Female\TV_FacialMark_p07.png","144","192","Generator\TV\Female\TV_FacialMark_p07.png"
"99_角色產生器零件","RTP基本素材","99_角色產生器零件\RTP基本素材\TV\Female\TV_FacialMark_p07_c.png","144","192","Generator\TV\Female\TV_FacialMark_p07_c.png"
"99_角色產生器零件","RTP基本素材","99_角色產生器零件\RTP基本素材\TV\Female\TV_FrontHair1_p01.png","144","192","Generator\TV\Female\TV_FrontHair1_p01.png"
"99_角色產生器零件","RTP基本素材","99_角色產生器零件\RTP基本素材\TV\Female\TV_FrontHair1_p01_c.png","144","192","Generator\TV\Female\TV_FrontHair1_p01_c.png"
"99_角色產生器零件","RTP基本素材","99_角色產生器零件\RTP基本素材\TV\Female\TV_FrontHair1_p02.png","144","192","Generator\TV\Female\TV_FrontHair1_p02.png"
"99_角色產生器零件","RTP基本素材","99_角色產生器零件\RTP基本素材\TV\Female\TV_FrontHair1_p02_c.png","144","192","Generator\TV\Female\TV_FrontHair1_p02_c.png"
"99_角色產生器零件","RTP基本素材","99_角色產生器零件\RTP基本素材\TV\Female\TV_FrontHair1_p03.png","144","192","Generator\TV\Female\TV_FrontHair1_p03.png"
"99_角色產生器零件","RTP基本素材","99_角色產生器零件\RTP基本素材\TV\Female\TV_FrontHair1_p03_c.png","144","192","Generator\TV\Female\TV_FrontHair1_p03_c.png"
"99_角色產生器零件","RTP基本素材","99_角色產生器零件\RTP基本素材\TV\Female\TV_FrontHair1_p04.png","144","192","Generator\TV\Female\TV_FrontHair1_p04.png"
"99_角色產生器零件","RTP基本素材","99_角色產生器零件\RTP基本素材\TV\Female\TV_FrontHair1_p04_c.png","144","192","Generator\TV\Female\TV_FrontHair1_p04_c.png"
"99_角色產生器零件","RTP基本素材","99_角色產生器零件\RTP基本素材\TV\Female\TV_FrontHair1_p05.png","144","192","Generator\TV\Female\TV_FrontHair1_p05.png"
"99_角色產生器零件","RTP基本素材","99_角色產生器零件\RTP基本素材\TV\Female\TV_FrontHair1_p05_c.png","144","192","Generator\TV\Female\TV_FrontHair1_p05_c.png"
"99_角色產生器零件","RTP基本素材","99_角色產生器零件\RTP基本素材\TV\Female\TV_FrontHair1_p06.png","144","192","Generator\TV\Female\TV_FrontHair1_p06.png"
"99_角色產生器零件","RTP基本素材","99_角色產生器零件\RTP基本素材\TV\Female\TV_FrontHair1_p06_c.png","144","192","Generator\TV\Female\TV_FrontHair1_p06_c.png"
"99_角色產生器零件","RTP基本素材","99_角色產生器零件\RTP基本素材\TV\Female\TV_FrontHair1_p07.png","144","192","Generator\TV\Female\TV_FrontHair1_p07.png"
"99_角色產生器零件","RTP基本素材","99_角色產生器零件\RTP基本素材\TV\Female\TV_FrontHair1_p07_c.png","144","192","Generator\TV\Female\TV_FrontHair1_p07_c.png"
"99_角色產生器零件","RTP基本素材","99_角色產生器零件\RTP基本素材\TV\Female\TV_FrontHair1_p08.png","144","192","Generator\TV\Female\TV_FrontHair1_p08.png"
"99_角色產生器零件","RTP基本素材","99_角色產生器零件\RTP基本素材\TV\Female\TV_FrontHair1_p08_c.png","144","192","Generator\TV\Female\TV_FrontHair1_p08_c.png"
"99_角色產生器零件","RTP基本素材","99_角色產生器零件\RTP基本素材\TV\Female\TV_FrontHair1_p09.png","144","192","Generator\TV\Female\TV_FrontHair1_p09.png"
"99_角色產生器零件","RTP基本素材","99_角色產生器零件\RTP基本素材\TV\Female\TV_FrontHair1_p09_c.png","144","192","Generator\TV\Female\TV_FrontHair1_p09_c.png"
"99_角色產生器零件","RTP基本素材","99_角色產生器零件\RTP基本素材\TV\Female\TV_FrontHair1_p10.png","144","192","Generator\TV\Female\TV_FrontHair1_p10.png"
"99_角色產生器零件","RTP基本素材","99_角色產生器零件\RTP基本素材\TV\Female\TV_FrontHair1_p10_c.png","144","192","Generator\TV\Female\TV_FrontHair1_p10_c.png"
"99_角色產生器零件","RTP基本素材","99_角色產生器零件\RTP基本素材\TV\Female\TV_FrontHair1_p11.png","144","192","Generator\TV\Female\TV_FrontHair1_p11.png"
"99_角色產生器零件","RTP基本素材","99_角色產生器零件\RTP基本素材\TV\Female\TV_FrontHair1_p11_c.png","144","192","Generator\TV\Female\TV_FrontHair1_p11_c.png"
"99_角色產生器零件","RTP基本素材","99_角色產生器零件\RTP基本素材\TV\Female\TV_FrontHair1_p12.png","144","192","Generator\TV\Female\TV_FrontHair1_p12.png"
"99_角色產生器零件","RTP基本素材","99_角色產生器零件\RTP基本素材\TV\Female\TV_FrontHair1_p12_c.png","144","192","Generator\TV\Female\TV_FrontHair1_p12_c.png"
"99_角色產生器零件","RTP基本素材","99_角色產生器零件\RTP基本素材\TV\Female\TV_FrontHair1_p13.png","144","192","Generator\TV\Female\TV_FrontHair1_p13.png"
"99_角色產生器零件","RTP基本素材","99_角色產生器零件\RTP基本素材\TV\Female\TV_FrontHair1_p13_c.png","144","192","Generator\TV\Female\TV_FrontHair1_p13_c.png"
"99_角色產生器零件","RTP基本素材","99_角色產生器零件\RTP基本素材\TV\Female\TV_FrontHair1_p14.png","144","192","Generator\TV\Female\TV_FrontHair1_p14.png"
"99_角色產生器零件","RTP基本素材","99_角色產生器零件\RTP基本素材\TV\Female\TV_FrontHair1_p14_c.png","144","192","Generator\TV\Female\TV_FrontHair1_p14_c.png"
"99_角色產生器零件","RTP基本素材","99_角色產生器零件\RTP基本素材\TV\Female\TV_FrontHair1_p15.png","144","192","Generator\TV\Female\TV_FrontHair1_p15.png"
"99_角色產生器零件","RTP基本素材","99_角色產生器零件\RTP基本素材\TV\Female\TV_FrontHair1_p15_c.png","144","192","Generator\TV\Female\TV_FrontHair1_p15_c.png"
"99_角色產生器零件","RTP基本素材","99_角色產生器零件\RTP基本素材\TV\Female\TV_FrontHair2_p01.png","144","192","Generator\TV\Female\TV_FrontHair2_p01.png"
"99_角色產生器零件","RTP基本素材","99_角色產生器零件\RTP基本素材\TV\Female\TV_FrontHair2_p01_c.png","144","192","Generator\TV\Female\TV_FrontHair2_p01_c.png"
"99_角色產生器零件","RTP基本素材","99_角色產生器零件\RTP基本素材\TV\Female\TV_FrontHair2_p02.png","144","192","Generator\TV\Female\TV_FrontHair2_p02.png"
"99_角色產生器零件","RTP基本素材","99_角色產生器零件\RTP基本素材\TV\Female\TV_FrontHair2_p02_c.png","144","192","Generator\TV\Female\TV_FrontHair2_p02_c.png"
"99_角色產生器零件","RTP基本素材","99_角色產生器零件\RTP基本素材\TV\Female\TV_FrontHair2_p03.png","144","192","Generator\TV\Female\TV_FrontHair2_p03.png"
"99_角色產生器零件","RTP基本素材","99_角色產生器零件\RTP基本素材\TV\Female\TV_FrontHair2_p03_c.png","144","192","Generator\TV\Female\TV_FrontHair2_p03_c.png"
"99_角色產生器零件","RTP基本素材","99_角色產生器零件\RTP基本素材\TV\Female\TV_FrontHair2_p05.png","144","192","Generator\TV\Female\TV_FrontHair2_p05.png"
"99_角色產生器零件","RTP基本素材","99_角色產生器零件\RTP基本素材\TV\Female\TV_FrontHair2_p05_c.png","144","192","Generator\TV\Female\TV_FrontHair2_p05_c.png"
"99_角色產生器零件","RTP基本素材","99_角色產生器零件\RTP基本素材\TV\Female\TV_FrontHair2_p06.png","144","192","Generator\TV\Female\TV_FrontHair2_p06.png"
"99_角色產生器零件","RTP基本素材","99_角色產生器零件\RTP基本素材\TV\Female\TV_FrontHair2_p06_c.png","144","192","Generator\TV\Female\TV_FrontHair2_p06_c.png"
"99_角色產生器零件","RTP基本素材","99_角色產生器零件\RTP基本素材\TV\Female\TV_FrontHair2_p08.png","144","192","Generator\TV\Female\TV_FrontHair2_p08.png"
"99_角色產生器零件","RTP基本素材","99_角色產生器零件\RTP基本素材\TV\Female\TV_FrontHair2_p08_c.png","144","192","Generator\TV\Female\TV_FrontHair2_p08_c.png"
"99_角色產生器零件","RTP基本素材","99_角色產生器零件\RTP基本素材\TV\Female\TV_FrontHair2_p09.png","144","192","Generator\TV\Female\TV_FrontHair2_p09.png"
"99_角色產生器零件","RTP基本素材","99_角色產生器零件\RTP基本素材\TV\Female\TV_FrontHair2_p09_c.png","144","192","Generator\TV\Female\TV_FrontHair2_p09_c.png"
"99_角色產生器零件","RTP基本素材","99_角色產生器零件\RTP基本素材\TV\Female\TV_FrontHair2_p10.png","144","192","Generator\TV\Female\TV_FrontHair2_p10.png"
"99_角色產生器零件","RTP基本素材","99_角色產生器零件\RTP基本素材\TV\Female\TV_FrontHair2_p10_c.png","144","192","Generator\TV\Female\TV_FrontHair2_p10_c.png"
"99_角色產生器零件","RTP基本素材","99_角色產生器零件\RTP基本素材\TV\Female\TV_FrontHair2_p11.png","144","192","Generator\TV\Female\TV_FrontHair2_p11.png"
"99_角色產生器零件","RTP基本素材","99_角色產生器零件\RTP基本素材\TV\Female\TV_FrontHair2_p11_c.png","144","192","Generator\TV\Female\TV_FrontHair2_p11_c.png"
"99_角色產生器零件","RTP基本素材","99_角色產生器零件\RTP基本素材\TV\Female\TV_FrontHair2_p12.png","144","192","Generator\TV\Female\TV_FrontHair2_p12.png"
"99_角色產生器零件","RTP基本素材","99_角色產生器零件\RTP基本素材\TV\Female\TV_FrontHair2_p12_c.png","144","192","Generator\TV\Female\TV_FrontHair2_p12_c.png"
"99_角色產生器零件","RTP基本素材","99_角色產生器零件\RTP基本素材\TV\Female\TV_FrontHair2_p13.png","144","192","Generator\TV\Female\TV_FrontHair2_p13.png"
"99_角色產生器零件","RTP基本素材","99_角色產生器零件\RTP基本素材\TV\Female\TV_FrontHair2_p13_c.png","144","192","Generator\TV\Female\TV_FrontHair2_p13_c.png"
"99_角色產生器零件","RTP基本素材","99_角色產生器零件\RTP基本素材\TV\Female\TV_FrontHair2_p14.png","144","192","Generator\TV\Female\TV_FrontHair2_p14.png"
"99_角色產生器零件","RTP基本素材","99_角色產生器零件\RTP基本素材\TV\Female\TV_FrontHair2_p14_c.png","144","192","Generator\TV\Female\TV_FrontHair2_p14_c.png"
"99_角色產生器零件","RTP基本素材","99_角色產生器零件\RTP基本素材\TV\Female\TV_FrontHair2_p15.png","144","192","Generator\TV\Female\TV_FrontHair2_p15.png"
"99_角色產生器零件","RTP基本素材","99_角色產生器零件\RTP基本素材\TV\Female\TV_Glasses_p01.png","144","192","Generator\TV\Female\TV_Glasses_p01.png"
"99_角色產生器零件","RTP基本素材","99_角色產生器零件\RTP基本素材\TV\Female\TV_Glasses_p01_c.png","144","192","Generator\TV\Female\TV_Glasses_p01_c.png"
"99_角色產生器零件","RTP基本素材","99_角色產生器零件\RTP基本素材\TV\Female\TV_Glasses_p02.png","144","192","Generator\TV\Female\TV_Glasses_p02.png"
"99_角色產生器零件","RTP基本素材","99_角色產生器零件\RTP基本素材\TV\Female\TV_Glasses_p02_c.png","144","192","Generator\TV\Female\TV_Glasses_p02_c.png"
"99_角色產生器零件","RTP基本素材","99_角色產生器零件\RTP基本素材\TV\Female\TV_Glasses_p03.png","144","192","Generator\TV\Female\TV_Glasses_p03.png"
"99_角色產生器零件","RTP基本素材","99_角色產生器零件\RTP基本素材\TV\Female\TV_Glasses_p03_c.png","144","192","Generator\TV\Female\TV_Glasses_p03_c.png"
"99_角色產生器零件","RTP基本素材","99_角色產生器零件\RTP基本素材\TV\Female\TV_Glasses_p04.png","144","192","Generator\TV\Female\TV_Glasses_p04.png"
"99_角色產生器零件","RTP基本素材","99_角色產生器零件\RTP基本素材\TV\Female\TV_Glasses_p04_c.png","144","192","Generator\TV\Female\TV_Glasses_p04_c.png"
"99_角色產生器零件","RTP基本素材","99_角色產生器零件\RTP基本素材\TV\Female\TV_Glasses_p05.png","144","192","Generator\TV\Female\TV_Glasses_p05.png"
"99_角色產生器零件","RTP基本素材","99_角色產生器零件\RTP基本素材\TV\Female\TV_Glasses_p05_c.png","144","192","Generator\TV\Female\TV_Glasses_p05_c.png"
"99_角色產生器零件","RTP基本素材","99_角色產生器零件\RTP基本素材\TV\Female\TV_Glasses_p06.png","144","192","Generator\TV\Female\TV_Glasses_p06.png"
"99_角色產生器零件","RTP基本素材","99_角色產生器零件\RTP基本素材\TV\Female\TV_Glasses_p06_c.png","144","192","Generator\TV\Female\TV_Glasses_p06_c.png"
"99_角色產生器零件","RTP基本素材","99_角色產生器零件\RTP基本素材\TV\Female\TV_RearHair1_p01.png","144","192","Generator\TV\Female\TV_RearHair1_p01.png"
"99_角色產生器零件","RTP基本素材","99_角色產生器零件\RTP基本素材\TV\Female\TV_RearHair1_p01_c.png","144","192","Generator\TV\Female\TV_RearHair1_p01_c.png"
"99_角色產生器零件","RTP基本素材","99_角色產生器零件\RTP基本素材\TV\Female\TV_RearHair1_p02.png","144","192","Generator\TV\Female\TV_RearHair1_p02.png"
"99_角色產生器零件","RTP基本素材","99_角色產生器零件\RTP基本素材\TV\Female\TV_RearHair1_p02_c.png","144","192","Generator\TV\Female\TV_RearHair1_p02_c.png"
"99_角色產生器零件","RTP基本素材","99_角色產生器零件\RTP基本素材\TV\Female\TV_RearHair1_p03.png","144","192","Generator\TV\Female\TV_RearHair1_p03.png"
"99_角色產生器零件","RTP基本素材","99_角色產生器零件\RTP基本素材\TV\Female\TV_RearHair1_p03_c.png","144","192","Generator\TV\Female\TV_RearHair1_p03_c.png"
"99_角色產生器零件","RTP基本素材","99_角色產生器零件\RTP基本素材\TV\Female\TV_RearHair1_p04.png","144","192","Generator\TV\Female\TV_RearHair1_p04.png"
"99_角色產生器零件","RTP基本素材","99_角色產生器零件\RTP基本素材\TV\Female\TV_RearHair1_p04_c.png","144","192","Generator\TV\Female\TV_RearHair1_p04_c.png"
"99_角色產生器零件","RTP基本素材","99_角色產生器零件\RTP基本素材\TV\Female\TV_RearHair1_p05.png","144","192","Generator\TV\Female\TV_RearHair1_p05.png"
"99_角色產生器零件","RTP基本素材","99_角色產生器零件\RTP基本素材\TV\Female\TV_RearHair1_p05_c.png","144","192","Generator\TV\Female\TV_RearHair1_p05_c.png"
"99_角色產生器零件","RTP基本素材","99_角色產生器零件\RTP基本素材\TV\Female\TV_RearHair1_p06.png","144","192","Generator\TV\Female\TV_RearHair1_p06.png"
"99_角色產生器零件","RTP基本素材","99_角色產生器零件\RTP基本素材\TV\Female\TV_RearHair1_p06_c.png","144","192","Generator\TV\Female\TV_RearHair1_p06_c.png"
"99_角色產生器零件","RTP基本素材","99_角色產生器零件\RTP基本素材\TV\Female\TV_RearHair1_p07.png","144","192","Generator\TV\Female\TV_RearHair1_p07.png"
"99_角色產生器零件","RTP基本素材","99_角色產生器零件\RTP基本素材\TV\Female\TV_RearHair1_p07_c.png","144","192","Generator\TV\Female\TV_RearHair1_p07_c.png"
"99_角色產生器零件","RTP基本素材","99_角色產生器零件\RTP基本素材\TV\Female\TV_RearHair1_p08.png","144","192","Generator\TV\Female\TV_RearHair1_p08.png"
"99_角色產生器零件","RTP基本素材","99_角色產生器零件\RTP基本素材\TV\Female\TV_RearHair1_p08_c.png","144","192","Generator\TV\Female\TV_RearHair1_p08_c.png"
"99_角色產生器零件","RTP基本素材","99_角色產生器零件\RTP基本素材\TV\Female\TV_RearHair1_p09.png","144","192","Generator\TV\Female\TV_RearHair1_p09.png"
"99_角色產生器零件","RTP基本素材","99_角色產生器零件\RTP基本素材\TV\Female\TV_RearHair1_p09_c.png","144","192","Generator\TV\Female\TV_RearHair1_p09_c.png"
"99_角色產生器零件","RTP基本素材","99_角色產生器零件\RTP基本素材\TV\Female\TV_RearHair1_p10.png","144","192","Generator\TV\Female\TV_RearHair1_p10.png"
"99_角色產生器零件","RTP基本素材","99_角色產生器零件\RTP基本素材\TV\Female\TV_RearHair1_p10_c.png","144","192","Generator\TV\Female\TV_RearHair1_p10_c.png"
"99_角色產生器零件","RTP基本素材","99_角色產生器零件\RTP基本素材\TV\Female\TV_RearHair1_p11.png","144","192","Generator\TV\Female\TV_RearHair1_p11.png"
"99_角色產生器零件","RTP基本素材","99_角色產生器零件\RTP基本素材\TV\Female\TV_RearHair1_p11_c.png","144","192","Generator\TV\Female\TV_RearHair1_p11_c.png"
"99_角色產生器零件","RTP基本素材","99_角色產生器零件\RTP基本素材\TV\Female\TV_RearHair1_p12.png","144","192","Generator\TV\Female\TV_RearHair1_p12.png"
"99_角色產生器零件","RTP基本素材","99_角色產生器零件\RTP基本素材\TV\Female\TV_RearHair1_p12_c.png","144","192","Generator\TV\Female\TV_RearHair1_p12_c.png"
"99_角色產生器零件","RTP基本素材","99_角色產生器零件\RTP基本素材\TV\Female\TV_RearHair1_p13.png","144","192","Generator\TV\Female\TV_RearHair1_p13.png"
"99_角色產生器零件","RTP基本素材","99_角色產生器零件\RTP基本素材\TV\Female\TV_RearHair1_p13_c.png","144","192","Generator\TV\Female\TV_RearHair1_p13_c.png"
"99_角色產生器零件","RTP基本素材","99_角色產生器零件\RTP基本素材\TV\Female\TV_RearHair1_p14.png","144","192","Generator\TV\Female\TV_RearHair1_p14.png"
"99_角色產生器零件","RTP基本素材","99_角色產生器零件\RTP基本素材\TV\Female\TV_RearHair1_p14_c.png","144","192","Generator\TV\Female\TV_RearHair1_p14_c.png"
"99_角色產生器零件","RTP基本素材","99_角色產生器零件\RTP基本素材\TV\Female\TV_RearHair1_p15.png","144","192","Generator\TV\Female\TV_RearHair1_p15.png"
"99_角色產生器零件","RTP基本素材","99_角色產生器零件\RTP基本素材\TV\Female\TV_RearHair1_p15_c.png","144","192","Generator\TV\Female\TV_RearHair1_p15_c.png"
"99_角色產生器零件","RTP基本素材","99_角色產生器零件\RTP基本素材\TV\Female\TV_RearHair1_p16.png","144","192","Generator\TV\Female\TV_RearHair1_p16.png"
"99_角色產生器零件","RTP基本素材","99_角色產生器零件\RTP基本素材\TV\Female\TV_RearHair1_p16_c.png","144","192","Generator\TV\Female\TV_RearHair1_p16_c.png"
"99_角色產生器零件","RTP基本素材","99_角色產生器零件\RTP基本素材\TV\Female\TV_RearHair1_p17.png","144","192","Generator\TV\Female\TV_RearHair1_p17.png"
"99_角色產生器零件","RTP基本素材","99_角色產生器零件\RTP基本素材\TV\Female\TV_RearHair1_p17_c.png","144","192","Generator\TV\Female\TV_RearHair1_p17_c.png"
"99_角色產生器零件","RTP基本素材","99_角色產生器零件\RTP基本素材\TV\Female\TV_RearHair1_p18.png","144","192","Generator\TV\Female\TV_RearHair1_p18.png"
"99_角色產生器零件","RTP基本素材","99_角色產生器零件\RTP基本素材\TV\Female\TV_RearHair1_p18_c.png","144","192","Generator\TV\Female\TV_RearHair1_p18_c.png"
"99_角色產生器零件","RTP基本素材","99_角色產生器零件\RTP基本素材\TV\Female\TV_RearHair1_p19.png","144","192","Generator\TV\Female\TV_RearHair1_p19.png"
"99_角色產生器零件","RTP基本素材","99_角色產生器零件\RTP基本素材\TV\Female\TV_RearHair1_p19_c.png","144","192","Generator\TV\Female\TV_RearHair1_p19_c.png"
"99_角色產生器零件","RTP基本素材","99_角色產生器零件\RTP基本素材\TV\Female\TV_RearHair1_p20.png","144","192","Generator\TV\Female\TV_RearHair1_p20.png"
"99_角色產生器零件","RTP基本素材","99_角色產生器零件\RTP基本素材\TV\Female\TV_RearHair1_p20_c.png","144","192","Generator\TV\Female\TV_RearHair1_p20_c.png"
"99_角色產生器零件","RTP基本素材","99_角色產生器零件\RTP基本素材\TV\Female\TV_RearHair2_p01.png","144","192","Generator\TV\Female\TV_RearHair2_p01.png"
"99_角色產生器零件","RTP基本素材","99_角色產生器零件\RTP基本素材\TV\Female\TV_RearHair2_p01_c.png","144","192","Generator\TV\Female\TV_RearHair2_p01_c.png"
"99_角色產生器零件","RTP基本素材","99_角色產生器零件\RTP基本素材\TV\Female\TV_RearHair2_p02.png","144","192","Generator\TV\Female\TV_RearHair2_p02.png"
"99_角色產生器零件","RTP基本素材","99_角色產生器零件\RTP基本素材\TV\Female\TV_RearHair2_p02_c.png","144","192","Generator\TV\Female\TV_RearHair2_p02_c.png"
"99_角色產生器零件","RTP基本素材","99_角色產生器零件\RTP基本素材\TV\Female\TV_RearHair2_p03.png","144","192","Generator\TV\Female\TV_RearHair2_p03.png"
"99_角色產生器零件","RTP基本素材","99_角色產生器零件\RTP基本素材\TV\Female\TV_RearHair2_p03_c.png","144","192","Generator\TV\Female\TV_RearHair2_p03_c.png"
"99_角色產生器零件","RTP基本素材","99_角色產生器零件\RTP基本素材\TV\Female\TV_RearHair2_p04.png","144","192","Generator\TV\Female\TV_RearHair2_p04.png"
"99_角色產生器零件","RTP基本素材","99_角色產生器零件\RTP基本素材\TV\Female\TV_RearHair2_p04_c.png","144","192","Generator\TV\Female\TV_RearHair2_p04_c.png"
"99_角色產生器零件","RTP基本素材","99_角色產生器零件\RTP基本素材\TV\Female\TV_RearHair2_p05.png","144","192","Generator\TV\Female\TV_RearHair2_p05.png"
"99_角色產生器零件","RTP基本素材","99_角色產生器零件\RTP基本素材\TV\Female\TV_RearHair2_p05_c.png","144","192","Generator\TV\Female\TV_RearHair2_p05_c.png"
"99_角色產生器零件","RTP基本素材","99_角色產生器零件\RTP基本素材\TV\Female\TV_RearHair2_p06.png","144","192","Generator\TV\Female\TV_RearHair2_p06.png"
"99_角色產生器零件","RTP基本素材","99_角色產生器零件\RTP基本素材\TV\Female\TV_RearHair2_p06_c.png","144","192","Generator\TV\Female\TV_RearHair2_p06_c.png"
"99_角色產生器零件","RTP基本素材","99_角色產生器零件\RTP基本素材\TV\Female\TV_RearHair2_p07.png","144","192","Generator\TV\Female\TV_RearHair2_p07.png"
"99_角色產生器零件","RTP基本素材","99_角色產生器零件\RTP基本素材\TV\Female\TV_RearHair2_p07_c.png","144","192","Generator\TV\Female\TV_RearHair2_p07_c.png"
"99_角色產生器零件","RTP基本素材","99_角色產生器零件\RTP基本素材\TV\Female\TV_RearHair2_p08.png","144","192","Generator\TV\Female\TV_RearHair2_p08.png"
"99_角色產生器零件","RTP基本素材","99_角色產生器零件\RTP基本素材\TV\Female\TV_RearHair2_p08_c.png","144","192","Generator\TV\Female\TV_RearHair2_p08_c.png"
"99_角色產生器零件","RTP基本素材","99_角色產生器零件\RTP基本素材\TV\Female\TV_RearHair2_p09.png","144","192","Generator\TV\Female\TV_RearHair2_p09.png"
"99_角色產生器零件","RTP基本素材","99_角色產生器零件\RTP基本素材\TV\Female\TV_RearHair2_p09_c.png","144","192","Generator\TV\Female\TV_RearHair2_p09_c.png"
"99_角色產生器零件","RTP基本素材","99_角色產生器零件\RTP基本素材\TV\Female\TV_RearHair2_p10.png","144","192","Generator\TV\Female\TV_RearHair2_p10.png"
"99_角色產生器零件","RTP基本素材","99_角色產生器零件\RTP基本素材\TV\Female\TV_RearHair2_p10_c.png","144","192","Generator\TV\Female\TV_RearHair2_p10_c.png"
"99_角色產生器零件","RTP基本素材","99_角色產生器零件\RTP基本素材\TV\Female\TV_RearHair2_p11.png","144","192","Generator\TV\Female\TV_RearHair2_p11.png"
"99_角色產生器零件","RTP基本素材","99_角色產生器零件\RTP基本素材\TV\Female\TV_RearHair2_p11_c.png","144","192","Generator\TV\Female\TV_RearHair2_p11_c.png"
"99_角色產生器零件","RTP基本素材","99_角色產生器零件\RTP基本素材\TV\Female\TV_RearHair2_p12.png","144","192","Generator\TV\Female\TV_RearHair2_p12.png"
"99_角色產生器零件","RTP基本素材","99_角色產生器零件\RTP基本素材\TV\Female\TV_RearHair2_p12_c.png","144","192","Generator\TV\Female\TV_RearHair2_p12_c.png"
"99_角色產生器零件","RTP基本素材","99_角色產生器零件\RTP基本素材\TV\Female\TV_RearHair2_p13.png","144","192","Generator\TV\Female\TV_RearHair2_p13.png"
"99_角色產生器零件","RTP基本素材","99_角色產生器零件\RTP基本素材\TV\Female\TV_RearHair2_p13_c.png","144","192","Generator\TV\Female\TV_RearHair2_p13_c.png"
"99_角色產生器零件","RTP基本素材","99_角色產生器零件\RTP基本素材\TV\Female\TV_RearHair2_p14.png","144","192","Generator\TV\Female\TV_RearHair2_p14.png"
"99_角色產生器零件","RTP基本素材","99_角色產生器零件\RTP基本素材\TV\Female\TV_RearHair2_p14_c.png","144","192","Generator\TV\Female\TV_RearHair2_p14_c.png"
"99_角色產生器零件","RTP基本素材","99_角色產生器零件\RTP基本素材\TV\Female\TV_RearHair2_p15.png","144","192","Generator\TV\Female\TV_RearHair2_p15.png"
"99_角色產生器零件","RTP基本素材","99_角色產生器零件\RTP基本素材\TV\Female\TV_RearHair2_p15_c.png","144","192","Generator\TV\Female\TV_RearHair2_p15_c.png"
"99_角色產生器零件","RTP基本素材","99_角色產生器零件\RTP基本素材\TV\Female\TV_RearHair2_p16.png","144","192","Generator\TV\Female\TV_RearHair2_p16.png"
"99_角色產生器零件","RTP基本素材","99_角色產生器零件\RTP基本素材\TV\Female\TV_RearHair2_p16_c.png","144","192","Generator\TV\Female\TV_RearHair2_p16_c.png"
"99_角色產生器零件","RTP基本素材","99_角色產生器零件\RTP基本素材\TV\Female\TV_RearHair2_p17.png","144","192","Generator\TV\Female\TV_RearHair2_p17.png"
"99_角色產生器零件","RTP基本素材","99_角色產生器零件\RTP基本素材\TV\Female\TV_RearHair2_p17_c.png","144","192","Generator\TV\Female\TV_RearHair2_p17_c.png"
"99_角色產生器零件","RTP基本素材","99_角色產生器零件\RTP基本素材\TV\Female\TV_RearHair2_p18.png","144","192","Generator\TV\Female\TV_RearHair2_p18.png"
"99_角色產生器零件","RTP基本素材","99_角色產生器零件\RTP基本素材\TV\Female\TV_RearHair2_p18_c.png","144","192","Generator\TV\Female\TV_RearHair2_p18_c.png"
"99_角色產生器零件","RTP基本素材","99_角色產生器零件\RTP基本素材\TV\Female\TV_RearHair2_p19.png","144","192","Generator\TV\Female\TV_RearHair2_p19.png"
"99_角色產生器零件","RTP基本素材","99_角色產生器零件\RTP基本素材\TV\Female\TV_RearHair2_p19_c.png","144","192","Generator\TV\Female\TV_RearHair2_p19_c.png"
"99_角色產生器零件","RTP基本素材","99_角色產生器零件\RTP基本素材\TV\Female\TV_RearHair2_p20.png","144","192","Generator\TV\Female\TV_RearHair2_p20.png"
"99_角色產生器零件","RTP基本素材","99_角色產生器零件\RTP基本素材\TV\Female\TV_RearHair2_p20_c.png","144","192","Generator\TV\Female\TV_RearHair2_p20_c.png"
"99_角色產生器零件","RTP基本素材","99_角色產生器零件\RTP基本素材\TV\Female\TV_Tail1_p01.png","144","192","Generator\TV\Female\TV_Tail1_p01.png"
"99_角色產生器零件","RTP基本素材","99_角色產生器零件\RTP基本素材\TV\Female\TV_Tail1_p01_c.png","144","192","Generator\TV\Female\TV_Tail1_p01_c.png"
"99_角色產生器零件","RTP基本素材","99_角色產生器零件\RTP基本素材\TV\Female\TV_Tail1_p02.png","144","192","Generator\TV\Female\TV_Tail1_p02.png"
"99_角色產生器零件","RTP基本素材","99_角色產生器零件\RTP基本素材\TV\Female\TV_Tail1_p02_c.png","144","192","Generator\TV\Female\TV_Tail1_p02_c.png"
"99_角色產生器零件","RTP基本素材","99_角色產生器零件\RTP基本素材\TV\Female\TV_Tail1_p03.png","144","192","Generator\TV\Female\TV_Tail1_p03.png"
"99_角色產生器零件","RTP基本素材","99_角色產生器零件\RTP基本素材\TV\Female\TV_Tail1_p03_c.png","144","192","Generator\TV\Female\TV_Tail1_p03_c.png"
"99_角色產生器零件","RTP基本素材","99_角色產生器零件\RTP基本素材\TV\Female\TV_Tail1_p04.png","144","192","Generator\TV\Female\TV_Tail1_p04.png"
"99_角色產生器零件","RTP基本素材","99_角色產生器零件\RTP基本素材\TV\Female\TV_Tail1_p04_c.png","144","192","Generator\TV\Female\TV_Tail1_p04_c.png"
"99_角色產生器零件","RTP基本素材","99_角色產生器零件\RTP基本素材\TV\Female\TV_Tail1_p05.png","144","192","Generator\TV\Female\TV_Tail1_p05.png"
"99_角色產生器零件","RTP基本素材","99_角色產生器零件\RTP基本素材\TV\Female\TV_Tail1_p05_c.png","144","192","Generator\TV\Female\TV_Tail1_p05_c.png"
"99_角色產生器零件","RTP基本素材","99_角色產生器零件\RTP基本素材\TV\Female\TV_Tail1_p06.png","144","192","Generator\TV\Female\TV_Tail1_p06.png"
"99_角色產生器零件","RTP基本素材","99_角色產生器零件\RTP基本素材\TV\Female\TV_Tail1_p06_c.png","144","192","Generator\TV\Female\TV_Tail1_p06_c.png"
"99_角色產生器零件","RTP基本素材","99_角色產生器零件\RTP基本素材\TV\Female\TV_Tail2_p01.png","144","192","Generator\TV\Female\TV_Tail2_p01.png"
"99_角色產生器零件","RTP基本素材","99_角色產生器零件\RTP基本素材\TV\Female\TV_Tail2_p01_c.png","144","192","Generator\TV\Female\TV_Tail2_p01_c.png"
"99_角色產生器零件","RTP基本素材","99_角色產生器零件\RTP基本素材\TV\Female\TV_Tail2_p02.png","144","192","Generator\TV\Female\TV_Tail2_p02.png"
"99_角色產生器零件","RTP基本素材","99_角色產生器零件\RTP基本素材\TV\Female\TV_Tail2_p02_c.png","144","192","Generator\TV\Female\TV_Tail2_p02_c.png"
"99_角色產生器零件","RTP基本素材","99_角色產生器零件\RTP基本素材\TV\Female\TV_Tail2_p03.png","144","192","Generator\TV\Female\TV_Tail2_p03.png"
"99_角色產生器零件","RTP基本素材","99_角色產生器零件\RTP基本素材\TV\Female\TV_Tail2_p03_c.png","144","192","Generator\TV\Female\TV_Tail2_p03_c.png"
"99_角色產生器零件","RTP基本素材","99_角色產生器零件\RTP基本素材\TV\Female\TV_Tail2_p04.png","144","192","Generator\TV\Female\TV_Tail2_p04.png"
"99_角色產生器零件","RTP基本素材","99_角色產生器零件\RTP基本素材\TV\Female\TV_Tail2_p04_c.png","144","192","Generator\TV\Female\TV_Tail2_p04_c.png"
"99_角色產生器零件","RTP基本素材","99_角色產生器零件\RTP基本素材\TV\Female\TV_Tail2_p05.png","144","192","Generator\TV\Female\TV_Tail2_p05.png"
"99_角色產生器零件","RTP基本素材","99_角色產生器零件\RTP基本素材\TV\Female\TV_Tail2_p05_c.png","144","192","Generator\TV\Female\TV_Tail2_p05_c.png"
"99_角色產生器零件","RTP基本素材","99_角色產生器零件\RTP基本素材\TV\Female\TV_Tail2_p06.png","144","192","Generator\TV\Female\TV_Tail2_p06.png"
"99_角色產生器零件","RTP基本素材","99_角色產生器零件\RTP基本素材\TV\Female\TV_Tail2_p06_c.png","144","192","Generator\TV\Female\TV_Tail2_p06_c.png"
"99_角色產生器零件","RTP基本素材","99_角色產生器零件\RTP基本素材\TV\Female\TV_Wing1_p01.png","144","192","Generator\TV\Female\TV_Wing1_p01.png"
"99_角色產生器零件","RTP基本素材","99_角色產生器零件\RTP基本素材\TV\Female\TV_Wing1_p01_c.png","144","192","Generator\TV\Female\TV_Wing1_p01_c.png"
"99_角色產生器零件","RTP基本素材","99_角色產生器零件\RTP基本素材\TV\Female\TV_Wing1_p02.png","144","192","Generator\TV\Female\TV_Wing1_p02.png"
"99_角色產生器零件","RTP基本素材","99_角色產生器零件\RTP基本素材\TV\Female\TV_Wing1_p03.png","144","192","Generator\TV\Female\TV_Wing1_p03.png"
"99_角色產生器零件","RTP基本素材","99_角色產生器零件\RTP基本素材\TV\Female\TV_Wing1_p03_c.png","144","192","Generator\TV\Female\TV_Wing1_p03_c.png"
"99_角色產生器零件","RTP基本素材","99_角色產生器零件\RTP基本素材\TV\Female\TV_Wing1_p04.png","144","192","Generator\TV\Female\TV_Wing1_p04.png"
"99_角色產生器零件","RTP基本素材","99_角色產生器零件\RTP基本素材\TV\Female\TV_Wing1_p04_c.png","144","192","Generator\TV\Female\TV_Wing1_p04_c.png"
"99_角色產生器零件","RTP基本素材","99_角色產生器零件\RTP基本素材\TV\Female\TV_Wing1_p05.png","144","192","Generator\TV\Female\TV_Wing1_p05.png"
"99_角色產生器零件","RTP基本素材","99_角色產生器零件\RTP基本素材\TV\Female\TV_Wing1_p05_c.png","144","192","Generator\TV\Female\TV_Wing1_p05_c.png"
"99_角色產生器零件","RTP基本素材","99_角色產生器零件\RTP基本素材\TV\Female\TV_Wing2_p01.png","144","192","Generator\TV\Female\TV_Wing2_p01.png"
"99_角色產生器零件","RTP基本素材","99_角色產生器零件\RTP基本素材\TV\Female\TV_Wing2_p01_c.png","144","192","Generator\TV\Female\TV_Wing2_p01_c.png"
"99_角色產生器零件","RTP基本素材","99_角色產生器零件\RTP基本素材\TV\Female\TV_Wing2_p02.png","144","192","Generator\TV\Female\TV_Wing2_p02.png"
"99_角色產生器零件","RTP基本素材","99_角色產生器零件\RTP基本素材\TV\Female\TV_Wing2_p03.png","144","192","Generator\TV\Female\TV_Wing2_p03.png"
"99_角色產生器零件","RTP基本素材","99_角色產生器零件\RTP基本素材\TV\Female\TV_Wing2_p03_c.png","144","192","Generator\TV\Female\TV_Wing2_p03_c.png"
"99_角色產生器零件","RTP基本素材","99_角色產生器零件\RTP基本素材\TV\Female\TV_Wing2_p04.png","144","192","Generator\TV\Female\TV_Wing2_p04.png"
"99_角色產生器零件","RTP基本素材","99_角色產生器零件\RTP基本素材\TV\Female\TV_Wing2_p04_c.png","144","192","Generator\TV\Female\TV_Wing2_p04_c.png"
"99_角色產生器零件","RTP基本素材","99_角色產生器零件\RTP基本素材\TV\Female\TV_Wing2_p05.png","144","192","Generator\TV\Female\TV_Wing2_p05.png"
"99_角色產生器零件","RTP基本素材","99_角色產生器零件\RTP基本素材\TV\Female\TV_Wing2_p05_c.png","144","192","Generator\TV\Female\TV_Wing2_p05_c.png"
"99_角色產生器零件","RTP基本素材","99_角色產生器零件\RTP基本素材\TV\Kid\TV_Body_p01.png","144","192","Generator\TV\Kid\TV_Body_p01.png"
"99_角色產生器零件","RTP基本素材","99_角色產生器零件\RTP基本素材\TV\Kid\TV_Body_p01_c.png","144","192","Generator\TV\Kid\TV_Body_p01_c.png"
"99_角色產生器零件","RTP基本素材","99_角色產生器零件\RTP基本素材\TV\Kid\TV_Clothing2_p00.png","144","192","Generator\TV\Kid\TV_Clothing2_p00.png"
"99_角色產生器零件","RTP基本素材","99_角色產生器零件\RTP基本素材\TV\Kid\TV_Clothing2_p00_c.png","144","192","Generator\TV\Kid\TV_Clothing2_p00_c.png"
"99_角色產生器零件","RTP基本素材","99_角色產生器零件\RTP基本素材\TV\Kid\TV_FrontHair1_p00.png","144","192","Generator\TV\Kid\TV_FrontHair1_p00.png"
"99_角色產生器零件","RTP基本素材","99_角色產生器零件\RTP基本素材\TV\Kid\TV_FrontHair1_p00_c.png","144","192","Generator\TV\Kid\TV_FrontHair1_p00_c.png"
"99_角色產生器零件","RTP基本素材","99_角色產生器零件\RTP基本素材\TV\Kid\TV_RearHair1_p00.png","144","192","Generator\TV\Kid\TV_RearHair1_p00.png"
"99_角色產生器零件","RTP基本素材","99_角色產生器零件\RTP基本素材\TV\Kid\TV_RearHair1_p00_c.png","144","192","Generator\TV\Kid\TV_RearHair1_p00_c.png"
"99_角色產生器零件","RTP基本素材","99_角色產生器零件\RTP基本素材\TV\Kid\TV_RearHair2_p00.png","144","192","Generator\TV\Kid\TV_RearHair2_p00.png"
"99_角色產生器零件","RTP基本素材","99_角色產生器零件\RTP基本素材\TV\Kid\TV_RearHair2_p00_c.png","144","192","Generator\TV\Kid\TV_RearHair2_p00_c.png"
"99_角色產生器零件","RTP基本素材","99_角色產生器零件\RTP基本素材\TV\Male\TV_AccA_p01.png","144","192","Generator\TV\Male\TV_AccA_p01.png"
"99_角色產生器零件","RTP基本素材","99_角色產生器零件\RTP基本素材\TV\Male\TV_AccA_p02.png","144","192","Generator\TV\Male\TV_AccA_p02.png"
"99_角色產生器零件","RTP基本素材","99_角色產生器零件\RTP基本素材\TV\Male\TV_AccA_p02_c.png","144","192","Generator\TV\Male\TV_AccA_p02_c.png"
"99_角色產生器零件","RTP基本素材","99_角色產生器零件\RTP基本素材\TV\Male\TV_AccA_p03.png","144","192","Generator\TV\Male\TV_AccA_p03.png"
"99_角色產生器零件","RTP基本素材","99_角色產生器零件\RTP基本素材\TV\Male\TV_AccA_p03_c.png","144","192","Generator\TV\Male\TV_AccA_p03_c.png"
"99_角色產生器零件","RTP基本素材","99_角色產生器零件\RTP基本素材\TV\Male\TV_AccA_p04.png","144","192","Generator\TV\Male\TV_AccA_p04.png"
"99_角色產生器零件","RTP基本素材","99_角色產生器零件\RTP基本素材\TV\Male\TV_AccA_p04_c.png","144","192","Generator\TV\Male\TV_AccA_p04_c.png"
"99_角色產生器零件","RTP基本素材","99_角色產生器零件\RTP基本素材\TV\Male\TV_AccA_p05.png","144","192","Generator\TV\Male\TV_AccA_p05.png"
"99_角色產生器零件","RTP基本素材","99_角色產生器零件\RTP基本素材\TV\Male\TV_AccA_p05_c.png","144","192","Generator\TV\Male\TV_AccA_p05_c.png"
"99_角色產生器零件","RTP基本素材","99_角色產生器零件\RTP基本素材\TV\Male\TV_AccA_p06.png","144","192","Generator\TV\Male\TV_AccA_p06.png"
"99_角色產生器零件","RTP基本素材","99_角色產生器零件\RTP基本素材\TV\Male\TV_AccA_p06_c.png","144","192","Generator\TV\Male\TV_AccA_p06_c.png"
"99_角色產生器零件","RTP基本素材","99_角色產生器零件\RTP基本素材\TV\Male\TV_AccB_p01.png","144","192","Generator\TV\Male\TV_AccB_p01.png"
"99_角色產生器零件","RTP基本素材","99_角色產生器零件\RTP基本素材\TV\Male\TV_AccB_p01_c.png","144","192","Generator\TV\Male\TV_AccB_p01_c.png"
"99_角色產生器零件","RTP基本素材","99_角色產生器零件\RTP基本素材\TV\Male\TV_AccB_p02.png","144","192","Generator\TV\Male\TV_AccB_p02.png"
"99_角色產生器零件","RTP基本素材","99_角色產生器零件\RTP基本素材\TV\Male\TV_AccB_p02_c.png","144","192","Generator\TV\Male\TV_AccB_p02_c.png"
"99_角色產生器零件","RTP基本素材","99_角色產生器零件\RTP基本素材\TV\Male\TV_AccB_p03.png","144","192","Generator\TV\Male\TV_AccB_p03.png"
"99_角色產生器零件","RTP基本素材","99_角色產生器零件\RTP基本素材\TV\Male\TV_AccB_p03_c.png","144","192","Generator\TV\Male\TV_AccB_p03_c.png"
"99_角色產生器零件","RTP基本素材","99_角色產生器零件\RTP基本素材\TV\Male\TV_AccB_p04.png","144","192","Generator\TV\Male\TV_AccB_p04.png"
"99_角色產生器零件","RTP基本素材","99_角色產生器零件\RTP基本素材\TV\Male\TV_AccB_p04_c.png","144","192","Generator\TV\Male\TV_AccB_p04_c.png"
"99_角色產生器零件","RTP基本素材","99_角色產生器零件\RTP基本素材\TV\Male\TV_AccB_p05.png","144","192","Generator\TV\Male\TV_AccB_p05.png"
"99_角色產生器零件","RTP基本素材","99_角色產生器零件\RTP基本素材\TV\Male\TV_AccB_p05_c.png","144","192","Generator\TV\Male\TV_AccB_p05_c.png"
"99_角色產生器零件","RTP基本素材","99_角色產生器零件\RTP基本素材\TV\Male\TV_Beard1_p01.png","144","192","Generator\TV\Male\TV_Beard1_p01.png"
"99_角色產生器零件","RTP基本素材","99_角色產生器零件\RTP基本素材\TV\Male\TV_Beard1_p01_c.png","144","192","Generator\TV\Male\TV_Beard1_p01_c.png"
"99_角色產生器零件","RTP基本素材","99_角色產生器零件\RTP基本素材\TV\Male\TV_Beard1_p02.png","144","192","Generator\TV\Male\TV_Beard1_p02.png"
"99_角色產生器零件","RTP基本素材","99_角色產生器零件\RTP基本素材\TV\Male\TV_Beard1_p02_c.png","144","192","Generator\TV\Male\TV_Beard1_p02_c.png"
"99_角色產生器零件","RTP基本素材","99_角色產生器零件\RTP基本素材\TV\Male\TV_Beard1_p03.png","144","192","Generator\TV\Male\TV_Beard1_p03.png"
"99_角色產生器零件","RTP基本素材","99_角色產生器零件\RTP基本素材\TV\Male\TV_Beard1_p03_c.png","144","192","Generator\TV\Male\TV_Beard1_p03_c.png"
"99_角色產生器零件","RTP基本素材","99_角色產生器零件\RTP基本素材\TV\Male\TV_Beard1_p04.png","144","192","Generator\TV\Male\TV_Beard1_p04.png"
"99_角色產生器零件","RTP基本素材","99_角色產生器零件\RTP基本素材\TV\Male\TV_Beard1_p04_c.png","144","192","Generator\TV\Male\TV_Beard1_p04_c.png"
"99_角色產生器零件","RTP基本素材","99_角色產生器零件\RTP基本素材\TV\Male\TV_Beard1_p05.png","144","192","Generator\TV\Male\TV_Beard1_p05.png"
"99_角色產生器零件","RTP基本素材","99_角色產生器零件\RTP基本素材\TV\Male\TV_Beard1_p05_c.png","144","192","Generator\TV\Male\TV_Beard1_p05_c.png"
"99_角色產生器零件","RTP基本素材","99_角色產生器零件\RTP基本素材\TV\Male\TV_Beard1_p06.png","144","192","Generator\TV\Male\TV_Beard1_p06.png"
"99_角色產生器零件","RTP基本素材","99_角色產生器零件\RTP基本素材\TV\Male\TV_Beard1_p06_c.png","144","192","Generator\TV\Male\TV_Beard1_p06_c.png"
"99_角色產生器零件","RTP基本素材","99_角色產生器零件\RTP基本素材\TV\Male\TV_Beard1_p07.png","144","192","Generator\TV\Male\TV_Beard1_p07.png"
"99_角色產生器零件","RTP基本素材","99_角色產生器零件\RTP基本素材\TV\Male\TV_Beard1_p07_c.png","144","192","Generator\TV\Male\TV_Beard1_p07_c.png"
"99_角色產生器零件","RTP基本素材","99_角色產生器零件\RTP基本素材\TV\Male\TV_Beard1_p08.png","144","192","Generator\TV\Male\TV_Beard1_p08.png"
"99_角色產生器零件","RTP基本素材","99_角色產生器零件\RTP基本素材\TV\Male\TV_Beard1_p08_c.png","144","192","Generator\TV\Male\TV_Beard1_p08_c.png"
"99_角色產生器零件","RTP基本素材","99_角色產生器零件\RTP基本素材\TV\Male\TV_Beard1_p09.png","144","192","Generator\TV\Male\TV_Beard1_p09.png"
"99_角色產生器零件","RTP基本素材","99_角色產生器零件\RTP基本素材\TV\Male\TV_Beard1_p09_c.png","144","192","Generator\TV\Male\TV_Beard1_p09_c.png"
"99_角色產生器零件","RTP基本素材","99_角色產生器零件\RTP基本素材\TV\Male\TV_Beard1_p10.png","144","192","Generator\TV\Male\TV_Beard1_p10.png"
"99_角色產生器零件","RTP基本素材","99_角色產生器零件\RTP基本素材\TV\Male\TV_Beard1_p10_c.png","144","192","Generator\TV\Male\TV_Beard1_p10_c.png"
"99_角色產生器零件","RTP基本素材","99_角色產生器零件\RTP基本素材\TV\Male\TV_Beard1_p11.png","144","192","Generator\TV\Male\TV_Beard1_p11.png"
"99_角色產生器零件","RTP基本素材","99_角色產生器零件\RTP基本素材\TV\Male\TV_Beard1_p11_c.png","144","192","Generator\TV\Male\TV_Beard1_p11_c.png"
"99_角色產生器零件","RTP基本素材","99_角色產生器零件\RTP基本素材\TV\Male\TV_Beard2_p01.png","144","192","Generator\TV\Male\TV_Beard2_p01.png"
"99_角色產生器零件","RTP基本素材","99_角色產生器零件\RTP基本素材\TV\Male\TV_Beard2_p01_c.png","144","192","Generator\TV\Male\TV_Beard2_p01_c.png"
"99_角色產生器零件","RTP基本素材","99_角色產生器零件\RTP基本素材\TV\Male\TV_Beard2_p02.png","144","192","Generator\TV\Male\TV_Beard2_p02.png"
"99_角色產生器零件","RTP基本素材","99_角色產生器零件\RTP基本素材\TV\Male\TV_Beard2_p02_c.png","144","192","Generator\TV\Male\TV_Beard2_p02_c.png"
"99_角色產生器零件","RTP基本素材","99_角色產生器零件\RTP基本素材\TV\Male\TV_Body_p01.png","144","192","Generator\TV\Male\TV_Body_p01.png"
"99_角色產生器零件","RTP基本素材","99_角色產生器零件\RTP基本素材\TV\Male\TV_Body_p01_c.png","144","192","Generator\TV\Male\TV_Body_p01_c.png"
"99_角色產生器零件","RTP基本素材","99_角色產生器零件\RTP基本素材\TV\Male\TV_Cloak1_p01.png","144","192","Generator\TV\Male\TV_Cloak1_p01.png"
"99_角色產生器零件","RTP基本素材","99_角色產生器零件\RTP基本素材\TV\Male\TV_Cloak1_p01_c.png","144","192","Generator\TV\Male\TV_Cloak1_p01_c.png"
"99_角色產生器零件","RTP基本素材","99_角色產生器零件\RTP基本素材\TV\Male\TV_Cloak2_p01.png","144","192","Generator\TV\Male\TV_Cloak2_p01.png"
"99_角色產生器零件","RTP基本素材","99_角色產生器零件\RTP基本素材\TV\Male\TV_Cloak2_p01_c.png","144","192","Generator\TV\Male\TV_Cloak2_p01_c.png"
"99_角色產生器零件","RTP基本素材","99_角色產生器零件\RTP基本素材\TV\Male\TV_Cloak2_p02.png","144","192","Generator\TV\Male\TV_Cloak2_p02.png"
"99_角色產生器零件","RTP基本素材","99_角色產生器零件\RTP基本素材\TV\Male\TV_Cloak2_p02_c.png","144","192","Generator\TV\Male\TV_Cloak2_p02_c.png"
"99_角色產生器零件","RTP基本素材","99_角色產生器零件\RTP基本素材\TV\Male\TV_Cloak2_p03.png","144","192","Generator\TV\Male\TV_Cloak2_p03.png"
"99_角色產生器零件","RTP基本素材","99_角色產生器零件\RTP基本素材\TV\Male\TV_Cloak2_p03_c.png","144","192","Generator\TV\Male\TV_Cloak2_p03_c.png"
"99_角色產生器零件","RTP基本素材","99_角色產生器零件\RTP基本素材\TV\Male\TV_Cloak2_p04.png","144","192","Generator\TV\Male\TV_Cloak2_p04.png"
"99_角色產生器零件","RTP基本素材","99_角色產生器零件\RTP基本素材\TV\Male\TV_Cloak2_p04_c.png","144","192","Generator\TV\Male\TV_Cloak2_p04_c.png"
"99_角色產生器零件","RTP基本素材","99_角色產生器零件\RTP基本素材\TV\Male\TV_Clothing1_p01.png","144","192","Generator\TV\Male\TV_Clothing1_p01.png"
"99_角色產生器零件","RTP基本素材","99_角色產生器零件\RTP基本素材\TV\Male\TV_Clothing1_p01_c.png","144","192","Generator\TV\Male\TV_Clothing1_p01_c.png"
"99_角色產生器零件","RTP基本素材","99_角色產生器零件\RTP基本素材\TV\Male\TV_Clothing1_p02.png","144","192","Generator\TV\Male\TV_Clothing1_p02.png"
"99_角色產生器零件","RTP基本素材","99_角色產生器零件\RTP基本素材\TV\Male\TV_Clothing1_p02_c.png","144","192","Generator\TV\Male\TV_Clothing1_p02_c.png"
"99_角色產生器零件","RTP基本素材","99_角色產生器零件\RTP基本素材\TV\Male\TV_Clothing1_p03.png","144","192","Generator\TV\Male\TV_Clothing1_p03.png"
"99_角色產生器零件","RTP基本素材","99_角色產生器零件\RTP基本素材\TV\Male\TV_Clothing1_p03_c.png","144","192","Generator\TV\Male\TV_Clothing1_p03_c.png"
"99_角色產生器零件","RTP基本素材","99_角色產生器零件\RTP基本素材\TV\Male\TV_Clothing1_p04.png","144","192","Generator\TV\Male\TV_Clothing1_p04.png"
"99_角色產生器零件","RTP基本素材","99_角色產生器零件\RTP基本素材\TV\Male\TV_Clothing1_p04_c.png","144","192","Generator\TV\Male\TV_Clothing1_p04_c.png"
"99_角色產生器零件","RTP基本素材","99_角色產生器零件\RTP基本素材\TV\Male\TV_Clothing1_p05.png","144","192","Generator\TV\Male\TV_Clothing1_p05.png"
"99_角色產生器零件","RTP基本素材","99_角色產生器零件\RTP基本素材\TV\Male\TV_Clothing1_p05_c.png","144","192","Generator\TV\Male\TV_Clothing1_p05_c.png"
"99_角色產生器零件","RTP基本素材","99_角色產生器零件\RTP基本素材\TV\Male\TV_Clothing1_p06.png","144","192","Generator\TV\Male\TV_Clothing1_p06.png"
"99_角色產生器零件","RTP基本素材","99_角色產生器零件\RTP基本素材\TV\Male\TV_Clothing1_p06_c.png","144","192","Generator\TV\Male\TV_Clothing1_p06_c.png"
"99_角色產生器零件","RTP基本素材","99_角色產生器零件\RTP基本素材\TV\Male\TV_Clothing1_p07.png","144","192","Generator\TV\Male\TV_Clothing1_p07.png"
"99_角色產生器零件","RTP基本素材","99_角色產生器零件\RTP基本素材\TV\Male\TV_Clothing1_p07_c.png","144","192","Generator\TV\Male\TV_Clothing1_p07_c.png"
"99_角色產生器零件","RTP基本素材","99_角色產生器零件\RTP基本素材\TV\Male\TV_Clothing1_p08.png","144","192","Generator\TV\Male\TV_Clothing1_p08.png"
"99_角色產生器零件","RTP基本素材","99_角色產生器零件\RTP基本素材\TV\Male\TV_Clothing1_p08_c.png","144","192","Generator\TV\Male\TV_Clothing1_p08_c.png"
"99_角色產生器零件","RTP基本素材","99_角色產生器零件\RTP基本素材\TV\Male\TV_Clothing1_p09.png","144","192","Generator\TV\Male\TV_Clothing1_p09.png"
"99_角色產生器零件","RTP基本素材","99_角色產生器零件\RTP基本素材\TV\Male\TV_Clothing1_p09_c.png","144","192","Generator\TV\Male\TV_Clothing1_p09_c.png"
"99_角色產生器零件","RTP基本素材","99_角色產生器零件\RTP基本素材\TV\Male\TV_Clothing2_p01.png","144","192","Generator\TV\Male\TV_Clothing2_p01.png"
"99_角色產生器零件","RTP基本素材","99_角色產生器零件\RTP基本素材\TV\Male\TV_Clothing2_p01_c.png","144","192","Generator\TV\Male\TV_Clothing2_p01_c.png"
"99_角色產生器零件","RTP基本素材","99_角色產生器零件\RTP基本素材\TV\Male\TV_Clothing2_p02.png","144","192","Generator\TV\Male\TV_Clothing2_p02.png"
"99_角色產生器零件","RTP基本素材","99_角色產生器零件\RTP基本素材\TV\Male\TV_Clothing2_p02_c.png","144","192","Generator\TV\Male\TV_Clothing2_p02_c.png"
"99_角色產生器零件","RTP基本素材","99_角色產生器零件\RTP基本素材\TV\Male\TV_Clothing2_p03.png","144","192","Generator\TV\Male\TV_Clothing2_p03.png"
"99_角色產生器零件","RTP基本素材","99_角色產生器零件\RTP基本素材\TV\Male\TV_Clothing2_p03_c.png","144","192","Generator\TV\Male\TV_Clothing2_p03_c.png"
"99_角色產生器零件","RTP基本素材","99_角色產生器零件\RTP基本素材\TV\Male\TV_Clothing2_p04.png","144","192","Generator\TV\Male\TV_Clothing2_p04.png"
"99_角色產生器零件","RTP基本素材","99_角色產生器零件\RTP基本素材\TV\Male\TV_Clothing2_p04_c.png","144","192","Generator\TV\Male\TV_Clothing2_p04_c.png"
"99_角色產生器零件","RTP基本素材","99_角色產生器零件\RTP基本素材\TV\Male\TV_Clothing2_p05.png","144","192","Generator\TV\Male\TV_Clothing2_p05.png"
"99_角色產生器零件","RTP基本素材","99_角色產生器零件\RTP基本素材\TV\Male\TV_Clothing2_p05_c.png","144","192","Generator\TV\Male\TV_Clothing2_p05_c.png"
"99_角色產生器零件","RTP基本素材","99_角色產生器零件\RTP基本素材\TV\Male\TV_Clothing2_p06.png","144","192","Generator\TV\Male\TV_Clothing2_p06.png"
"99_角色產生器零件","RTP基本素材","99_角色產生器零件\RTP基本素材\TV\Male\TV_Clothing2_p06_c.png","144","192","Generator\TV\Male\TV_Clothing2_p06_c.png"
"99_角色產生器零件","RTP基本素材","99_角色產生器零件\RTP基本素材\TV\Male\TV_Clothing2_p07.png","144","192","Generator\TV\Male\TV_Clothing2_p07.png"
"99_角色產生器零件","RTP基本素材","99_角色產生器零件\RTP基本素材\TV\Male\TV_Clothing2_p07_c.png","144","192","Generator\TV\Male\TV_Clothing2_p07_c.png"
"99_角色產生器零件","RTP基本素材","99_角色產生器零件\RTP基本素材\TV\Male\TV_Clothing2_p08.png","144","192","Generator\TV\Male\TV_Clothing2_p08.png"
"99_角色產生器零件","RTP基本素材","99_角色產生器零件\RTP基本素材\TV\Male\TV_Clothing2_p08_c.png","144","192","Generator\TV\Male\TV_Clothing2_p08_c.png"
"99_角色產生器零件","RTP基本素材","99_角色產生器零件\RTP基本素材\TV\Male\TV_Clothing2_p09.png","144","192","Generator\TV\Male\TV_Clothing2_p09.png"
"99_角色產生器零件","RTP基本素材","99_角色產生器零件\RTP基本素材\TV\Male\TV_Clothing2_p09_c.png","144","192","Generator\TV\Male\TV_Clothing2_p09_c.png"
"99_角色產生器零件","RTP基本素材","99_角色產生器零件\RTP基本素材\TV\Male\TV_Clothing2_p10.png","144","192","Generator\TV\Male\TV_Clothing2_p10.png"
"99_角色產生器零件","RTP基本素材","99_角色產生器零件\RTP基本素材\TV\Male\TV_Clothing2_p10_c.png","144","192","Generator\TV\Male\TV_Clothing2_p10_c.png"
"99_角色產生器零件","RTP基本素材","99_角色產生器零件\RTP基本素材\TV\Male\TV_Clothing2_p11.png","144","192","Generator\TV\Male\TV_Clothing2_p11.png"
"99_角色產生器零件","RTP基本素材","99_角色產生器零件\RTP基本素材\TV\Male\TV_Clothing2_p11_c.png","144","192","Generator\TV\Male\TV_Clothing2_p11_c.png"
"99_角色產生器零件","RTP基本素材","99_角色產生器零件\RTP基本素材\TV\Male\TV_Clothing2_p12.png","144","192","Generator\TV\Male\TV_Clothing2_p12.png"
"99_角色產生器零件","RTP基本素材","99_角色產生器零件\RTP基本素材\TV\Male\TV_Clothing2_p12_c.png","144","192","Generator\TV\Male\TV_Clothing2_p12_c.png"
"99_角色產生器零件","RTP基本素材","99_角色產生器零件\RTP基本素材\TV\Male\TV_Clothing2_p13.png","144","192","Generator\TV\Male\TV_Clothing2_p13.png"
"99_角色產生器零件","RTP基本素材","99_角色產生器零件\RTP基本素材\TV\Male\TV_Clothing2_p13_c.png","144","192","Generator\TV\Male\TV_Clothing2_p13_c.png"
"99_角色產生器零件","RTP基本素材","99_角色產生器零件\RTP基本素材\TV\Male\TV_Clothing2_p14.png","144","192","Generator\TV\Male\TV_Clothing2_p14.png"
"99_角色產生器零件","RTP基本素材","99_角色產生器零件\RTP基本素材\TV\Male\TV_Clothing2_p14_c.png","144","192","Generator\TV\Male\TV_Clothing2_p14_c.png"
"99_角色產生器零件","RTP基本素材","99_角色產生器零件\RTP基本素材\TV\Male\TV_Clothing2_p15.png","144","192","Generator\TV\Male\TV_Clothing2_p15.png"
"99_角色產生器零件","RTP基本素材","99_角色產生器零件\RTP基本素材\TV\Male\TV_Clothing2_p15_c.png","144","192","Generator\TV\Male\TV_Clothing2_p15_c.png"
"99_角色產生器零件","RTP基本素材","99_角色產生器零件\RTP基本素材\TV\Male\TV_Clothing2_p16.png","144","192","Generator\TV\Male\TV_Clothing2_p16.png"
"99_角色產生器零件","RTP基本素材","99_角色產生器零件\RTP基本素材\TV\Male\TV_Clothing2_p16_c.png","144","192","Generator\TV\Male\TV_Clothing2_p16_c.png"
"99_角色產生器零件","RTP基本素材","99_角色產生器零件\RTP基本素材\TV\Male\TV_Clothing2_p17.png","144","192","Generator\TV\Male\TV_Clothing2_p17.png"
"99_角色產生器零件","RTP基本素材","99_角色產生器零件\RTP基本素材\TV\Male\TV_Clothing2_p17_c.png","144","192","Generator\TV\Male\TV_Clothing2_p17_c.png"
"99_角色產生器零件","RTP基本素材","99_角色產生器零件\RTP基本素材\TV\Male\TV_Clothing2_p18.png","144","192","Generator\TV\Male\TV_Clothing2_p18.png"
"99_角色產生器零件","RTP基本素材","99_角色產生器零件\RTP基本素材\TV\Male\TV_Clothing2_p18_c.png","144","192","Generator\TV\Male\TV_Clothing2_p18_c.png"
"99_角色產生器零件","RTP基本素材","99_角色產生器零件\RTP基本素材\TV\Male\TV_Clothing2_p19.png","144","192","Generator\TV\Male\TV_Clothing2_p19.png"
"99_角色產生器零件","RTP基本素材","99_角色產生器零件\RTP基本素材\TV\Male\TV_Clothing2_p19_c.png","144","192","Generator\TV\Male\TV_Clothing2_p19_c.png"
"99_角色產生器零件","RTP基本素材","99_角色產生器零件\RTP基本素材\TV\Male\TV_Clothing2_p20.png","144","192","Generator\TV\Male\TV_Clothing2_p20.png"
"99_角色產生器零件","RTP基本素材","99_角色產生器零件\RTP基本素材\TV\Male\TV_Clothing2_p20_c.png","144","192","Generator\TV\Male\TV_Clothing2_p20_c.png"
"99_角色產生器零件","RTP基本素材","99_角色產生器零件\RTP基本素材\TV\Male\TV_Clothing2_p21.png","144","192","Generator\TV\Male\TV_Clothing2_p21.png"
"99_角色產生器零件","RTP基本素材","99_角色產生器零件\RTP基本素材\TV\Male\TV_Clothing2_p21_c.png","144","192","Generator\TV\Male\TV_Clothing2_p21_c.png"
"99_角色產生器零件","RTP基本素材","99_角色產生器零件\RTP基本素材\TV\Male\TV_Clothing2_p22.png","144","192","Generator\TV\Male\TV_Clothing2_p22.png"
"99_角色產生器零件","RTP基本素材","99_角色產生器零件\RTP基本素材\TV\Male\TV_Clothing2_p22_c.png","144","192","Generator\TV\Male\TV_Clothing2_p22_c.png"
"99_角色產生器零件","RTP基本素材","99_角色產生器零件\RTP基本素材\TV\Male\TV_Clothing2_p23.png","144","192","Generator\TV\Male\TV_Clothing2_p23.png"
"99_角色產生器零件","RTP基本素材","99_角色產生器零件\RTP基本素材\TV\Male\TV_Clothing2_p23_c.png","144","192","Generator\TV\Male\TV_Clothing2_p23_c.png"
"99_角色產生器零件","RTP基本素材","99_角色產生器零件\RTP基本素材\TV\Male\TV_FacialMark_p01.png","144","192","Generator\TV\Male\TV_FacialMark_p01.png"
"99_角色產生器零件","RTP基本素材","99_角色產生器零件\RTP基本素材\TV\Male\TV_FacialMark_p01_c.png","144","192","Generator\TV\Male\TV_FacialMark_p01_c.png"
"99_角色產生器零件","RTP基本素材","99_角色產生器零件\RTP基本素材\TV\Male\TV_FacialMark_p02.png","144","192","Generator\TV\Male\TV_FacialMark_p02.png"
"99_角色產生器零件","RTP基本素材","99_角色產生器零件\RTP基本素材\TV\Male\TV_FacialMark_p02_c.png","144","192","Generator\TV\Male\TV_FacialMark_p02_c.png"
"99_角色產生器零件","RTP基本素材","99_角色產生器零件\RTP基本素材\TV\Male\TV_FacialMark_p03.png","144","192","Generator\TV\Male\TV_FacialMark_p03.png"
"99_角色產生器零件","RTP基本素材","99_角色產生器零件\RTP基本素材\TV\Male\TV_FacialMark_p03_c.png","144","192","Generator\TV\Male\TV_FacialMark_p03_c.png"
"99_角色產生器零件","RTP基本素材","99_角色產生器零件\RTP基本素材\TV\Male\TV_FrontHair1_p12.png","144","192","Generator\TV\Male\TV_FrontHair1_p12.png"
"99_角色產生器零件","RTP基本素材","99_角色產生器零件\RTP基本素材\TV\Male\TV_FrontHair1_p13.png","144","192","Generator\TV\Male\TV_FrontHair1_p13.png"
"99_角色產生器零件","RTP基本素材","99_角色產生器零件\RTP基本素材\TV\Male\TV_FrontHair1_p13_c.png","144","192","Generator\TV\Male\TV_FrontHair1_p13_c.png"
"99_角色產生器零件","RTP基本素材","99_角色產生器零件\RTP基本素材\TV\Male\TV_FrontHair1_p16.png","144","192","Generator\TV\Male\TV_FrontHair1_p16.png"
"99_角色產生器零件","RTP基本素材","99_角色產生器零件\RTP基本素材\TV\Male\TV_FrontHair1_p16_c.png","144","192","Generator\TV\Male\TV_FrontHair1_p16_c.png"
"99_角色產生器零件","RTP基本素材","99_角色產生器零件\RTP基本素材\TV\Male\TV_FrontHair1_p17.png","144","192","Generator\TV\Male\TV_FrontHair1_p17.png"
"99_角色產生器零件","RTP基本素材","99_角色產生器零件\RTP基本素材\TV\Male\TV_FrontHair1_p17_c.png","144","192","Generator\TV\Male\TV_FrontHair1_p17_c.png"
"99_角色產生器零件","RTP基本素材","99_角色產生器零件\RTP基本素材\TV\Male\TV_FrontHair2_p16.png","144","192","Generator\TV\Male\TV_FrontHair2_p16.png"
"99_角色產生器零件","RTP基本素材","99_角色產生器零件\RTP基本素材\TV\Male\TV_FrontHair2_p16_c.png","144","192","Generator\TV\Male\TV_FrontHair2_p16_c.png"
"99_角色產生器零件","RTP基本素材","99_角色產生器零件\RTP基本素材\TV\Male\TV_FrontHair2_p17.png","144","192","Generator\TV\Male\TV_FrontHair2_p17.png"
"99_角色產生器零件","RTP基本素材","99_角色產生器零件\RTP基本素材\TV\Male\TV_FrontHair2_p17_c.png","144","192","Generator\TV\Male\TV_FrontHair2_p17_c.png"
"99_角色產生器零件","RTP基本素材","99_角色產生器零件\RTP基本素材\TV\Male\TV_Glasses_p01.png","144","192","Generator\TV\Male\TV_Glasses_p01.png"
"99_角色產生器零件","RTP基本素材","99_角色產生器零件\RTP基本素材\TV\Male\TV_Glasses_p02.png","144","192","Generator\TV\Male\TV_Glasses_p02.png"
"99_角色產生器零件","RTP基本素材","99_角色產生器零件\RTP基本素材\TV\Male\TV_Glasses_p02_c.png","144","192","Generator\TV\Male\TV_Glasses_p02_c.png"
"99_角色產生器零件","RTP基本素材","99_角色產生器零件\RTP基本素材\TV\Male\TV_RearHair1_p18.png","144","192","Generator\TV\Male\TV_RearHair1_p18.png"
"99_角色產生器零件","RTP基本素材","99_角色產生器零件\RTP基本素材\TV\Male\TV_RearHair1_p18_c.png","144","192","Generator\TV\Male\TV_RearHair1_p18_c.png"
"99_角色產生器零件","RTP基本素材","99_角色產生器零件\RTP基本素材\TV\Male\TV_RearHair2_p18.png","144","192","Generator\TV\Male\TV_RearHair2_p18.png"
"99_角色產生器零件","RTP基本素材","99_角色產生器零件\RTP基本素材\TV\Male\TV_RearHair2_p18_c.png","144","192","Generator\TV\Male\TV_RearHair2_p18_c.png"
"99_角色產生器零件","RTP基本素材","99_角色產生器零件\RTP基本素材\TV\Male\TV_Tail1_p01.png","144","192","Generator\TV\Male\TV_Tail1_p01.png"
"99_角色產生器零件","RTP基本素材","99_角色產生器零件\RTP基本素材\TV\Male\TV_Tail1_p01_c.png","144","192","Generator\TV\Male\TV_Tail1_p01_c.png"
"99_角色產生器零件","RTP基本素材","99_角色產生器零件\RTP基本素材\TV\Male\TV_Tail2_p02.png","144","192","Generator\TV\Male\TV_Tail2_p02.png"
"99_角色產生器零件","RTP基本素材","99_角色產生器零件\RTP基本素材\TV\Male\TV_Tail2_p02_c.png","144","192","Generator\TV\Male\TV_Tail2_p02_c.png"
"99_角色產生器零件","RTP基本素材","99_角色產生器零件\RTP基本素材\TV\Male\TV_Tail2_p03.png","144","192","Generator\TV\Male\TV_Tail2_p03.png"
"99_角色產生器零件","RTP基本素材","99_角色產生器零件\RTP基本素材\TV\Male\TV_Tail2_p03_c.png","144","192","Generator\TV\Male\TV_Tail2_p03_c.png"
"99_角色產生器零件","RTP基本素材","99_角色產生器零件\RTP基本素材\TV\Male\TV_Tail2_p04.png","144","192","Generator\TV\Male\TV_Tail2_p04.png"
"99_角色產生器零件","RTP基本素材","99_角色產生器零件\RTP基本素材\TV\Male\TV_Tail2_p04_c.png","144","192","Generator\TV\Male\TV_Tail2_p04_c.png"
"99_角色產生器零件","RTP基本素材","99_角色產生器零件\RTP基本素材\TV\Male\TV_Tail2_p05.png","144","192","Generator\TV\Male\TV_Tail2_p05.png"
"99_角色產生器零件","RTP基本素材","99_角色產生器零件\RTP基本素材\TV\Male\TV_Tail2_p05_c.png","144","192","Generator\TV\Male\TV_Tail2_p05_c.png"
"99_角色產生器零件","RTP基本素材","99_角色產生器零件\RTP基本素材\TV\Male\TV_Tail2_p06.png","144","192","Generator\TV\Male\TV_Tail2_p06.png"
"99_角色產生器零件","RTP基本素材","99_角色產生器零件\RTP基本素材\TV\Male\TV_Tail2_p06_c.png","144","192","Generator\TV\Male\TV_Tail2_p06_c.png"
"99_角色產生器零件","RTP基本素材","99_角色產生器零件\RTP基本素材\TV\Male\TV_Wing1_p04.png","144","192","Generator\TV\Male\TV_Wing1_p04.png"
"99_角色產生器零件","RTP基本素材","99_角色產生器零件\RTP基本素材\TV\Male\TV_Wing1_p04_c.png","144","192","Generator\TV\Male\TV_Wing1_p04_c.png"
"99_角色產生器零件","RTP基本素材","99_角色產生器零件\RTP基本素材\TV\Male\TV_Wing2_p03.png","144","192","Generator\TV\Male\TV_Wing2_p03.png"
"99_角色產生器零件","RTP基本素材","99_角色產生器零件\RTP基本素材\TV\Male\TV_Wing2_p03_c.png","144","192","Generator\TV\Male\TV_Wing2_p03_c.png"
"99_角色產生器零件","RTP基本素材","99_角色產生器零件\RTP基本素材\TV\Male\TV_Wing2_p04.png","144","192","Generator\TV\Male\TV_Wing2_p04.png"
"99_角色產生器零件","RTP基本素材","99_角色產生器零件\RTP基本素材\TV\Male\TV_Wing2_p04_c.png","144","192","Generator\TV\Male\TV_Wing2_p04_c.png"
"99_角色產生器零件","RTP基本素材","99_角色產生器零件\RTP基本素材\Variation\Female\icon_AccA_p01.png","64","64","Generator\Variation\Female\icon_AccA_p01.png"
"99_角色產生器零件","RTP基本素材","99_角色產生器零件\RTP基本素材\Variation\Female\icon_AccA_p02.png","64","64","Generator\Variation\Female\icon_AccA_p02.png"
"99_角色產生器零件","RTP基本素材","99_角色產生器零件\RTP基本素材\Variation\Female\icon_AccA_p03.png","64","64","Generator\Variation\Female\icon_AccA_p03.png"
"99_角色產生器零件","RTP基本素材","99_角色產生器零件\RTP基本素材\Variation\Female\icon_AccA_p04.png","64","64","Generator\Variation\Female\icon_AccA_p04.png"
"99_角色產生器零件","RTP基本素材","99_角色產生器零件\RTP基本素材\Variation\Female\icon_AccA_p05.png","64","64","Generator\Variation\Female\icon_AccA_p05.png"
"99_角色產生器零件","RTP基本素材","99_角色產生器零件\RTP基本素材\Variation\Female\icon_AccA_p06.png","64","64","Generator\Variation\Female\icon_AccA_p06.png"
"99_角色產生器零件","RTP基本素材","99_角色產生器零件\RTP基本素材\Variation\Female\icon_AccA_p07.png","64","64","Generator\Variation\Female\icon_AccA_p07.png"
"99_角色產生器零件","RTP基本素材","99_角色產生器零件\RTP基本素材\Variation\Female\icon_AccB_p01.png","64","64","Generator\Variation\Female\icon_AccB_p01.png"
"99_角色產生器零件","RTP基本素材","99_角色產生器零件\RTP基本素材\Variation\Female\icon_AccB_p02.png","64","64","Generator\Variation\Female\icon_AccB_p02.png"
"99_角色產生器零件","RTP基本素材","99_角色產生器零件\RTP基本素材\Variation\Female\icon_AccB_p03.png","64","64","Generator\Variation\Female\icon_AccB_p03.png"
"99_角色產生器零件","RTP基本素材","99_角色產生器零件\RTP基本素材\Variation\Female\icon_AccB_p04.png","64","64","Generator\Variation\Female\icon_AccB_p04.png"
"99_角色產生器零件","RTP基本素材","99_角色產生器零件\RTP基本素材\Variation\Female\icon_AccB_p05.png","64","64","Generator\Variation\Female\icon_AccB_p05.png"
"99_角色產生器零件","RTP基本素材","99_角色產生器零件\RTP基本素材\Variation\Female\icon_AccB_p06.png","64","64","Generator\Variation\Female\icon_AccB_p06.png"
"99_角色產生器零件","RTP基本素材","99_角色產生器零件\RTP基本素材\Variation\Female\icon_AccB_p07.png","64","64","Generator\Variation\Female\icon_AccB_p07.png"
"99_角色產生器零件","RTP基本素材","99_角色產生器零件\RTP基本素材\Variation\Female\icon_AccB_p08.png","64","64","Generator\Variation\Female\icon_AccB_p08.png"
"99_角色產生器零件","RTP基本素材","99_角色產生器零件\RTP基本素材\Variation\Female\icon_AccB_p09.png","64","64","Generator\Variation\Female\icon_AccB_p09.png"
"99_角色產生器零件","RTP基本素材","99_角色產生器零件\RTP基本素材\Variation\Female\icon_AccB_p10.png","64","64","Generator\Variation\Female\icon_AccB_p10.png"
"99_角色產生器零件","RTP基本素材","99_角色產生器零件\RTP基本素材\Variation\Female\icon_BeastEars_p01.png","64","64","Generator\Variation\Female\icon_BeastEars_p01.png"
"99_角色產生器零件","RTP基本素材","99_角色產生器零件\RTP基本素材\Variation\Female\icon_BeastEars_p02.png","64","64","Generator\Variation\Female\icon_BeastEars_p02.png"
"99_角色產生器零件","RTP基本素材","99_角色產生器零件\RTP基本素材\Variation\Female\icon_BeastEars_p03.png","64","64","Generator\Variation\Female\icon_BeastEars_p03.png"
"99_角色產生器零件","RTP基本素材","99_角色產生器零件\RTP基本素材\Variation\Female\icon_BeastEars_p04.png","64","64","Generator\Variation\Female\icon_BeastEars_p04.png"
"99_角色產生器零件","RTP基本素材","99_角色產生器零件\RTP基本素材\Variation\Female\icon_BeastEars_p05.png","64","64","Generator\Variation\Female\icon_BeastEars_p05.png"
"99_角色產生器零件","RTP基本素材","99_角色產生器零件\RTP基本素材\Variation\Female\icon_BeastEars_p06.png","64","64","Generator\Variation\Female\icon_BeastEars_p06.png"
"99_角色產生器零件","RTP基本素材","99_角色產生器零件\RTP基本素材\Variation\Female\icon_Cloak_p01.png","64","64","Generator\Variation\Female\icon_Cloak_p01.png"
"99_角色產生器零件","RTP基本素材","99_角色產生器零件\RTP基本素材\Variation\Female\icon_Cloak_p02.png","64","64","Generator\Variation\Female\icon_Cloak_p02.png"
"99_角色產生器零件","RTP基本素材","99_角色產生器零件\RTP基本素材\Variation\Female\icon_Cloak_p03.png","64","64","Generator\Variation\Female\icon_Cloak_p03.png"
"99_角色產生器零件","RTP基本素材","99_角色產生器零件\RTP基本素材\Variation\Female\icon_Cloak_p04.png","64","64","Generator\Variation\Female\icon_Cloak_p04.png"
"99_角色產生器零件","RTP基本素材","99_角色產生器零件\RTP基本素材\Variation\Female\icon_Clothing_p01.png","64","64","Generator\Variation\Female\icon_Clothing_p01.png"
"99_角色產生器零件","RTP基本素材","99_角色產生器零件\RTP基本素材\Variation\Female\icon_Clothing_p02.png","64","64","Generator\Variation\Female\icon_Clothing_p02.png"
"99_角色產生器零件","RTP基本素材","99_角色產生器零件\RTP基本素材\Variation\Female\icon_Clothing_p03.png","64","64","Generator\Variation\Female\icon_Clothing_p03.png"
"99_角色產生器零件","RTP基本素材","99_角色產生器零件\RTP基本素材\Variation\Female\icon_Clothing_p04.png","64","64","Generator\Variation\Female\icon_Clothing_p04.png"
"99_角色產生器零件","RTP基本素材","99_角色產生器零件\RTP基本素材\Variation\Female\icon_Clothing_p05.png","64","64","Generator\Variation\Female\icon_Clothing_p05.png"
"99_角色產生器零件","RTP基本素材","99_角色產生器零件\RTP基本素材\Variation\Female\icon_Clothing_p06.png","64","64","Generator\Variation\Female\icon_Clothing_p06.png"
"99_角色產生器零件","RTP基本素材","99_角色產生器零件\RTP基本素材\Variation\Female\icon_Clothing_p07.png","64","64","Generator\Variation\Female\icon_Clothing_p07.png"
"99_角色產生器零件","RTP基本素材","99_角色產生器零件\RTP基本素材\Variation\Female\icon_Clothing_p08.png","64","64","Generator\Variation\Female\icon_Clothing_p08.png"
"99_角色產生器零件","RTP基本素材","99_角色產生器零件\RTP基本素材\Variation\Female\icon_Clothing_p09.png","64","64","Generator\Variation\Female\icon_Clothing_p09.png"
"99_角色產生器零件","RTP基本素材","99_角色產生器零件\RTP基本素材\Variation\Female\icon_Clothing_p10.png","64","64","Generator\Variation\Female\icon_Clothing_p10.png"
"99_角色產生器零件","RTP基本素材","99_角色產生器零件\RTP基本素材\Variation\Female\icon_Clothing_p11.png","64","64","Generator\Variation\Female\icon_Clothing_p11.png"
"99_角色產生器零件","RTP基本素材","99_角色產生器零件\RTP基本素材\Variation\Female\icon_Clothing_p12.png","64","64","Generator\Variation\Female\icon_Clothing_p12.png"
"99_角色產生器零件","RTP基本素材","99_角色產生器零件\RTP基本素材\Variation\Female\icon_Clothing_p13.png","64","64","Generator\Variation\Female\icon_Clothing_p13.png"
"99_角色產生器零件","RTP基本素材","99_角色產生器零件\RTP基本素材\Variation\Female\icon_Clothing_p14.png","64","64","Generator\Variation\Female\icon_Clothing_p14.png"
"99_角色產生器零件","RTP基本素材","99_角色產生器零件\RTP基本素材\Variation\Female\icon_Clothing_p15.png","64","64","Generator\Variation\Female\icon_Clothing_p15.png"
"99_角色產生器零件","RTP基本素材","99_角色產生器零件\RTP基本素材\Variation\Female\icon_Clothing_p16.png","64","64","Generator\Variation\Female\icon_Clothing_p16.png"
"99_角色產生器零件","RTP基本素材","99_角色產生器零件\RTP基本素材\Variation\Female\icon_Clothing_p17.png","64","64","Generator\Variation\Female\icon_Clothing_p17.png"
"99_角色產生器零件","RTP基本素材","99_角色產生器零件\RTP基本素材\Variation\Female\icon_Clothing_p18.png","64","64","Generator\Variation\Female\icon_Clothing_p18.png"
"99_角色產生器零件","RTP基本素材","99_角色產生器零件\RTP基本素材\Variation\Female\icon_Clothing_p19.png","64","64","Generator\Variation\Female\icon_Clothing_p19.png"
"99_角色產生器零件","RTP基本素材","99_角色產生器零件\RTP基本素材\Variation\Female\icon_Clothing_p20.png","64","64","Generator\Variation\Female\icon_Clothing_p20.png"
"99_角色產生器零件","RTP基本素材","99_角色產生器零件\RTP基本素材\Variation\Female\icon_Clothing_p21.png","64","64","Generator\Variation\Female\icon_Clothing_p21.png"
"99_角色產生器零件","RTP基本素材","99_角色產生器零件\RTP基本素材\Variation\Female\icon_Clothing_p22.png","64","64","Generator\Variation\Female\icon_Clothing_p22.png"
"99_角色產生器零件","RTP基本素材","99_角色產生器零件\RTP基本素材\Variation\Female\icon_Clothing_p23.png","64","64","Generator\Variation\Female\icon_Clothing_p23.png"
"99_角色產生器零件","RTP基本素材","99_角色產生器零件\RTP基本素材\Variation\Female\icon_Clothing_p24.png","64","64","Generator\Variation\Female\icon_Clothing_p24.png"
"99_角色產生器零件","RTP基本素材","99_角色產生器零件\RTP基本素材\Variation\Female\icon_Clothing_p25.png","64","64","Generator\Variation\Female\icon_Clothing_p25.png"
"99_角色產生器零件","RTP基本素材","99_角色產生器零件\RTP基本素材\Variation\Female\icon_Clothing_p26.png","64","64","Generator\Variation\Female\icon_Clothing_p26.png"
"99_角色產生器零件","RTP基本素材","99_角色產生器零件\RTP基本素材\Variation\Female\icon_Ears_p01.png","64","64","Generator\Variation\Female\icon_Ears_p01.png"
"99_角色產生器零件","RTP基本素材","99_角色產生器零件\RTP基本素材\Variation\Female\icon_Ears_p02.png","64","64","Generator\Variation\Female\icon_Ears_p02.png"
"99_角色產生器零件","RTP基本素材","99_角色產生器零件\RTP基本素材\Variation\Female\icon_Eyebrows_p01.png","64","64","Generator\Variation\Female\icon_Eyebrows_p01.png"
"99_角色產生器零件","RTP基本素材","99_角色產生器零件\RTP基本素材\Variation\Female\icon_Eyebrows_p02.png","64","64","Generator\Variation\Female\icon_Eyebrows_p02.png"
"99_角色產生器零件","RTP基本素材","99_角色產生器零件\RTP基本素材\Variation\Female\icon_Eyebrows_p03.png","64","64","Generator\Variation\Female\icon_Eyebrows_p03.png"
"99_角色產生器零件","RTP基本素材","99_角色產生器零件\RTP基本素材\Variation\Female\icon_Eyebrows_p04.png","64","64","Generator\Variation\Female\icon_Eyebrows_p04.png"
"99_角色產生器零件","RTP基本素材","99_角色產生器零件\RTP基本素材\Variation\Female\icon_Eyebrows_p05.png","64","64","Generator\Variation\Female\icon_Eyebrows_p05.png"
"99_角色產生器零件","RTP基本素材","99_角色產生器零件\RTP基本素材\Variation\Female\icon_Eyebrows_p06.png","64","64","Generator\Variation\Female\icon_Eyebrows_p06.png"
"99_角色產生器零件","RTP基本素材","99_角色產生器零件\RTP基本素材\Variation\Female\icon_Eyebrows_p07.png","64","64","Generator\Variation\Female\icon_Eyebrows_p07.png"
"99_角色產生器零件","RTP基本素材","99_角色產生器零件\RTP基本素材\Variation\Female\icon_Eyebrows_p08.png","64","64","Generator\Variation\Female\icon_Eyebrows_p08.png"
"99_角色產生器零件","RTP基本素材","99_角色產生器零件\RTP基本素材\Variation\Female\icon_Eyebrows_p09.png","64","64","Generator\Variation\Female\icon_Eyebrows_p09.png"
"99_角色產生器零件","RTP基本素材","99_角色產生器零件\RTP基本素材\Variation\Female\icon_Eyebrows_p10.png","64","64","Generator\Variation\Female\icon_Eyebrows_p10.png"
"99_角色產生器零件","RTP基本素材","99_角色產生器零件\RTP基本素材\Variation\Female\icon_Eyes_p01.png","64","64","Generator\Variation\Female\icon_Eyes_p01.png"
"99_角色產生器零件","RTP基本素材","99_角色產生器零件\RTP基本素材\Variation\Female\icon_Eyes_p02.png","64","64","Generator\Variation\Female\icon_Eyes_p02.png"
"99_角色產生器零件","RTP基本素材","99_角色產生器零件\RTP基本素材\Variation\Female\icon_Eyes_p03.png","64","64","Generator\Variation\Female\icon_Eyes_p03.png"
"99_角色產生器零件","RTP基本素材","99_角色產生器零件\RTP基本素材\Variation\Female\icon_Eyes_p04.png","64","64","Generator\Variation\Female\icon_Eyes_p04.png"
"99_角色產生器零件","RTP基本素材","99_角色產生器零件\RTP基本素材\Variation\Female\icon_Eyes_p05.png","64","64","Generator\Variation\Female\icon_Eyes_p05.png"
"99_角色產生器零件","RTP基本素材","99_角色產生器零件\RTP基本素材\Variation\Female\icon_Eyes_p06.png","64","64","Generator\Variation\Female\icon_Eyes_p06.png"
"99_角色產生器零件","RTP基本素材","99_角色產生器零件\RTP基本素材\Variation\Female\icon_Eyes_p07.png","64","64","Generator\Variation\Female\icon_Eyes_p07.png"
"99_角色產生器零件","RTP基本素材","99_角色產生器零件\RTP基本素材\Variation\Female\icon_Eyes_p08.png","64","64","Generator\Variation\Female\icon_Eyes_p08.png"
"99_角色產生器零件","RTP基本素材","99_角色產生器零件\RTP基本素材\Variation\Female\icon_Eyes_p09.png","64","64","Generator\Variation\Female\icon_Eyes_p09.png"
"99_角色產生器零件","RTP基本素材","99_角色產生器零件\RTP基本素材\Variation\Female\icon_Eyes_p10.png","64","64","Generator\Variation\Female\icon_Eyes_p10.png"
"99_角色產生器零件","RTP基本素材","99_角色產生器零件\RTP基本素材\Variation\Female\icon_Eyes_p11.png","64","64","Generator\Variation\Female\icon_Eyes_p11.png"
"99_角色產生器零件","RTP基本素材","99_角色產生器零件\RTP基本素材\Variation\Female\icon_Eyes_p12.png","64","64","Generator\Variation\Female\icon_Eyes_p12.png"
"99_角色產生器零件","RTP基本素材","99_角色產生器零件\RTP基本素材\Variation\Female\icon_Eyes_p13.png","64","64","Generator\Variation\Female\icon_Eyes_p13.png"
"99_角色產生器零件","RTP基本素材","99_角色產生器零件\RTP基本素材\Variation\Female\icon_Eyes_p14.png","64","64","Generator\Variation\Female\icon_Eyes_p14.png"
"99_角色產生器零件","RTP基本素材","99_角色產生器零件\RTP基本素材\Variation\Female\icon_Eyes_p15.png","64","64","Generator\Variation\Female\icon_Eyes_p15.png"
"99_角色產生器零件","RTP基本素材","99_角色產生器零件\RTP基本素材\Variation\Female\icon_Eyes_p16.png","64","64","Generator\Variation\Female\icon_Eyes_p16.png"
"99_角色產生器零件","RTP基本素材","99_角色產生器零件\RTP基本素材\Variation\Female\icon_Eyes_p17.png","64","64","Generator\Variation\Female\icon_Eyes_p17.png"
"99_角色產生器零件","RTP基本素材","99_角色產生器零件\RTP基本素材\Variation\Female\icon_Eyes_p18.png","64","64","Generator\Variation\Female\icon_Eyes_p18.png"
"99_角色產生器零件","RTP基本素材","99_角色產生器零件\RTP基本素材\Variation\Female\icon_Eyes_p19.png","64","64","Generator\Variation\Female\icon_Eyes_p19.png"
"99_角色產生器零件","RTP基本素材","99_角色產生器零件\RTP基本素材\Variation\Female\icon_Eyes_p20.png","64","64","Generator\Variation\Female\icon_Eyes_p20.png"
"99_角色產生器零件","RTP基本素材","99_角色產生器零件\RTP基本素材\Variation\Female\icon_Face_p01.png","64","64","Generator\Variation\Female\icon_Face_p01.png"
"99_角色產生器零件","RTP基本素材","99_角色產生器零件\RTP基本素材\Variation\Female\icon_Face_p02.png","64","64","Generator\Variation\Female\icon_Face_p02.png"
"99_角色產生器零件","RTP基本素材","99_角色產生器零件\RTP基本素材\Variation\Female\icon_Face_p03.png","64","64","Generator\Variation\Female\icon_Face_p03.png"
"99_角色產生器零件","RTP基本素材","99_角色產生器零件\RTP基本素材\Variation\Female\icon_Face_p04.png","64","64","Generator\Variation\Female\icon_Face_p04.png"
"99_角色產生器零件","RTP基本素材","99_角色產生器零件\RTP基本素材\Variation\Female\icon_Face_p05.png","64","64","Generator\Variation\Female\icon_Face_p05.png"
"99_角色產生器零件","RTP基本素材","99_角色產生器零件\RTP基本素材\Variation\Female\icon_Face_p06.png","64","64","Generator\Variation\Female\icon_Face_p06.png"
"99_角色產生器零件","RTP基本素材","99_角色產生器零件\RTP基本素材\Variation\Female\icon_Face_p07.png","64","64","Generator\Variation\Female\icon_Face_p07.png"
"99_角色產生器零件","RTP基本素材","99_角色產生器零件\RTP基本素材\Variation\Female\icon_FacialMark_p01.png","64","64","Generator\Variation\Female\icon_FacialMark_p01.png"
"99_角色產生器零件","RTP基本素材","99_角色產生器零件\RTP基本素材\Variation\Female\icon_FacialMark_p02.png","64","64","Generator\Variation\Female\icon_FacialMark_p02.png"
"99_角色產生器零件","RTP基本素材","99_角色產生器零件\RTP基本素材\Variation\Female\icon_FacialMark_p03.png","64","64","Generator\Variation\Female\icon_FacialMark_p03.png"
"99_角色產生器零件","RTP基本素材","99_角色產生器零件\RTP基本素材\Variation\Female\icon_FacialMark_p04.png","64","64","Generator\Variation\Female\icon_FacialMark_p04.png"
"99_角色產生器零件","RTP基本素材","99_角色產生器零件\RTP基本素材\Variation\Female\icon_FacialMark_p05.png","64","64","Generator\Variation\Female\icon_FacialMark_p05.png"
"99_角色產生器零件","RTP基本素材","99_角色產生器零件\RTP基本素材\Variation\Female\icon_FacialMark_p06.png","64","64","Generator\Variation\Female\icon_FacialMark_p06.png"
"99_角色產生器零件","RTP基本素材","99_角色產生器零件\RTP基本素材\Variation\Female\icon_FacialMark_p07.png","64","64","Generator\Variation\Female\icon_FacialMark_p07.png"
"99_角色產生器零件","RTP基本素材","99_角色產生器零件\RTP基本素材\Variation\Female\icon_FrontHair_p01.png","64","64","Generator\Variation\Female\icon_FrontHair_p01.png"
"99_角色產生器零件","RTP基本素材","99_角色產生器零件\RTP基本素材\Variation\Female\icon_FrontHair_p02.png","64","64","Generator\Variation\Female\icon_FrontHair_p02.png"
"99_角色產生器零件","RTP基本素材","99_角色產生器零件\RTP基本素材\Variation\Female\icon_FrontHair_p03.png","64","64","Generator\Variation\Female\icon_FrontHair_p03.png"
"99_角色產生器零件","RTP基本素材","99_角色產生器零件\RTP基本素材\Variation\Female\icon_FrontHair_p04.png","64","64","Generator\Variation\Female\icon_FrontHair_p04.png"
"99_角色產生器零件","RTP基本素材","99_角色產生器零件\RTP基本素材\Variation\Female\icon_FrontHair_p05.png","64","64","Generator\Variation\Female\icon_FrontHair_p05.png"
"99_角色產生器零件","RTP基本素材","99_角色產生器零件\RTP基本素材\Variation\Female\icon_FrontHair_p06.png","64","64","Generator\Variation\Female\icon_FrontHair_p06.png"
"99_角色產生器零件","RTP基本素材","99_角色產生器零件\RTP基本素材\Variation\Female\icon_FrontHair_p07.png","64","64","Generator\Variation\Female\icon_FrontHair_p07.png"
"99_角色產生器零件","RTP基本素材","99_角色產生器零件\RTP基本素材\Variation\Female\icon_FrontHair_p08.png","64","64","Generator\Variation\Female\icon_FrontHair_p08.png"
"99_角色產生器零件","RTP基本素材","99_角色產生器零件\RTP基本素材\Variation\Female\icon_FrontHair_p09.png","64","64","Generator\Variation\Female\icon_FrontHair_p09.png"
"99_角色產生器零件","RTP基本素材","99_角色產生器零件\RTP基本素材\Variation\Female\icon_FrontHair_p10.png","64","64","Generator\Variation\Female\icon_FrontHair_p10.png"
"99_角色產生器零件","RTP基本素材","99_角色產生器零件\RTP基本素材\Variation\Female\icon_FrontHair_p11.png","64","64","Generator\Variation\Female\icon_FrontHair_p11.png"
"99_角色產生器零件","RTP基本素材","99_角色產生器零件\RTP基本素材\Variation\Female\icon_FrontHair_p12.png","64","64","Generator\Variation\Female\icon_FrontHair_p12.png"
"99_角色產生器零件","RTP基本素材","99_角色產生器零件\RTP基本素材\Variation\Female\icon_FrontHair_p13.png","64","64","Generator\Variation\Female\icon_FrontHair_p13.png"
"99_角色產生器零件","RTP基本素材","99_角色產生器零件\RTP基本素材\Variation\Female\icon_FrontHair_p14.png","64","64","Generator\Variation\Female\icon_FrontHair_p14.png"
"99_角色產生器零件","RTP基本素材","99_角色產生器零件\RTP基本素材\Variation\Female\icon_FrontHair_p15.png","64","64","Generator\Variation\Female\icon_FrontHair_p15.png"
"99_角色產生器零件","RTP基本素材","99_角色產生器零件\RTP基本素材\Variation\Female\icon_Glasses_p01.png","64","64","Generator\Variation\Female\icon_Glasses_p01.png"
"99_角色產生器零件","RTP基本素材","99_角色產生器零件\RTP基本素材\Variation\Female\icon_Glasses_p02.png","64","64","Generator\Variation\Female\icon_Glasses_p02.png"
"99_角色產生器零件","RTP基本素材","99_角色產生器零件\RTP基本素材\Variation\Female\icon_Glasses_p03.png","64","64","Generator\Variation\Female\icon_Glasses_p03.png"
"99_角色產生器零件","RTP基本素材","99_角色產生器零件\RTP基本素材\Variation\Female\icon_Glasses_p04.png","64","64","Generator\Variation\Female\icon_Glasses_p04.png"
"99_角色產生器零件","RTP基本素材","99_角色產生器零件\RTP基本素材\Variation\Female\icon_Glasses_p05.png","64","64","Generator\Variation\Female\icon_Glasses_p05.png"
"99_角色產生器零件","RTP基本素材","99_角色產生器零件\RTP基本素材\Variation\Female\icon_Glasses_p06.png","64","64","Generator\Variation\Female\icon_Glasses_p06.png"
"99_角色產生器零件","RTP基本素材","99_角色產生器零件\RTP基本素材\Variation\Female\icon_Mouth_p01.png","64","64","Generator\Variation\Female\icon_Mouth_p01.png"
"99_角色產生器零件","RTP基本素材","99_角色產生器零件\RTP基本素材\Variation\Female\icon_Mouth_p02.png","64","64","Generator\Variation\Female\icon_Mouth_p02.png"
"99_角色產生器零件","RTP基本素材","99_角色產生器零件\RTP基本素材\Variation\Female\icon_Mouth_p03.png","64","64","Generator\Variation\Female\icon_Mouth_p03.png"
"99_角色產生器零件","RTP基本素材","99_角色產生器零件\RTP基本素材\Variation\Female\icon_Mouth_p04.png","64","64","Generator\Variation\Female\icon_Mouth_p04.png"
"99_角色產生器零件","RTP基本素材","99_角色產生器零件\RTP基本素材\Variation\Female\icon_Mouth_p05.png","64","64","Generator\Variation\Female\icon_Mouth_p05.png"
"99_角色產生器零件","RTP基本素材","99_角色產生器零件\RTP基本素材\Variation\Female\icon_Mouth_p06.png","64","64","Generator\Variation\Female\icon_Mouth_p06.png"
"99_角色產生器零件","RTP基本素材","99_角色產生器零件\RTP基本素材\Variation\Female\icon_Mouth_p07.png","64","64","Generator\Variation\Female\icon_Mouth_p07.png"
"99_角色產生器零件","RTP基本素材","99_角色產生器零件\RTP基本素材\Variation\Female\icon_Mouth_p08.png","64","64","Generator\Variation\Female\icon_Mouth_p08.png"
"99_角色產生器零件","RTP基本素材","99_角色產生器零件\RTP基本素材\Variation\Female\icon_Mouth_p09.png","64","64","Generator\Variation\Female\icon_Mouth_p09.png"
"99_角色產生器零件","RTP基本素材","99_角色產生器零件\RTP基本素材\Variation\Female\icon_Mouth_p10.png","64","64","Generator\Variation\Female\icon_Mouth_p10.png"
"99_角色產生器零件","RTP基本素材","99_角色產生器零件\RTP基本素材\Variation\Female\icon_Mouth_p11.png","64","64","Generator\Variation\Female\icon_Mouth_p11.png"
"99_角色產生器零件","RTP基本素材","99_角色產生器零件\RTP基本素材\Variation\Female\icon_Mouth_p12.png","64","64","Generator\Variation\Female\icon_Mouth_p12.png"
"99_角色產生器零件","RTP基本素材","99_角色產生器零件\RTP基本素材\Variation\Female\icon_Mouth_p13.png","64","64","Generator\Variation\Female\icon_Mouth_p13.png"
"99_角色產生器零件","RTP基本素材","99_角色產生器零件\RTP基本素材\Variation\Female\icon_Nose_p01.png","64","64","Generator\Variation\Female\icon_Nose_p01.png"
"99_角色產生器零件","RTP基本素材","99_角色產生器零件\RTP基本素材\Variation\Female\icon_Nose_p02.png","64","64","Generator\Variation\Female\icon_Nose_p02.png"
"99_角色產生器零件","RTP基本素材","99_角色產生器零件\RTP基本素材\Variation\Female\icon_Nose_p03.png","64","64","Generator\Variation\Female\icon_Nose_p03.png"
"99_角色產生器零件","RTP基本素材","99_角色產生器零件\RTP基本素材\Variation\Female\icon_Nose_p04.png","64","64","Generator\Variation\Female\icon_Nose_p04.png"
"99_角色產生器零件","RTP基本素材","99_角色產生器零件\RTP基本素材\Variation\Female\icon_Nose_p05.png","64","64","Generator\Variation\Female\icon_Nose_p05.png"
"99_角色產生器零件","RTP基本素材","99_角色產生器零件\RTP基本素材\Variation\Female\icon_Nose_p06.png","64","64","Generator\Variation\Female\icon_Nose_p06.png"
"99_角色產生器零件","RTP基本素材","99_角色產生器零件\RTP基本素材\Variation\Female\icon_Nose_p07.png","64","64","Generator\Variation\Female\icon_Nose_p07.png"
"99_角色產生器零件","RTP基本素材","99_角色產生器零件\RTP基本素材\Variation\Female\icon_Nose_p08.png","64","64","Generator\Variation\Female\icon_Nose_p08.png"
"99_角色產生器零件","RTP基本素材","99_角色產生器零件\RTP基本素材\Variation\Female\icon_Nose_p09.png","64","64","Generator\Variation\Female\icon_Nose_p09.png"
"99_角色產生器零件","RTP基本素材","99_角色產生器零件\RTP基本素材\Variation\Female\icon_Nose_p10.png","64","64","Generator\Variation\Female\icon_Nose_p10.png"
"99_角色產生器零件","RTP基本素材","99_角色產生器零件\RTP基本素材\Variation\Female\icon_Nose_p11.png","64","64","Generator\Variation\Female\icon_Nose_p11.png"
"99_角色產生器零件","RTP基本素材","99_角色產生器零件\RTP基本素材\Variation\Female\icon_Nose_p12.png","64","64","Generator\Variation\Female\icon_Nose_p12.png"
"99_角色產生器零件","RTP基本素材","99_角色產生器零件\RTP基本素材\Variation\Female\icon_Nose_p13.png","64","64","Generator\Variation\Female\icon_Nose_p13.png"
"99_角色產生器零件","RTP基本素材","99_角色產生器零件\RTP基本素材\Variation\Female\icon_RearHair_p01.png","64","64","Generator\Variation\Female\icon_RearHair_p01.png"
"99_角色產生器零件","RTP基本素材","99_角色產生器零件\RTP基本素材\Variation\Female\icon_RearHair_p02.png","64","64","Generator\Variation\Female\icon_RearHair_p02.png"
"99_角色產生器零件","RTP基本素材","99_角色產生器零件\RTP基本素材\Variation\Female\icon_RearHair_p03.png","64","64","Generator\Variation\Female\icon_RearHair_p03.png"
"99_角色產生器零件","RTP基本素材","99_角色產生器零件\RTP基本素材\Variation\Female\icon_RearHair_p04.png","64","64","Generator\Variation\Female\icon_RearHair_p04.png"
"99_角色產生器零件","RTP基本素材","99_角色產生器零件\RTP基本素材\Variation\Female\icon_RearHair_p05.png","64","64","Generator\Variation\Female\icon_RearHair_p05.png"
"99_角色產生器零件","RTP基本素材","99_角色產生器零件\RTP基本素材\Variation\Female\icon_RearHair_p06.png","64","64","Generator\Variation\Female\icon_RearHair_p06.png"
"99_角色產生器零件","RTP基本素材","99_角色產生器零件\RTP基本素材\Variation\Female\icon_RearHair_p07.png","64","64","Generator\Variation\Female\icon_RearHair_p07.png"
"99_角色產生器零件","RTP基本素材","99_角色產生器零件\RTP基本素材\Variation\Female\icon_RearHair_p08.png","64","64","Generator\Variation\Female\icon_RearHair_p08.png"
"99_角色產生器零件","RTP基本素材","99_角色產生器零件\RTP基本素材\Variation\Female\icon_RearHair_p09.png","64","64","Generator\Variation\Female\icon_RearHair_p09.png"
"99_角色產生器零件","RTP基本素材","99_角色產生器零件\RTP基本素材\Variation\Female\icon_RearHair_p10.png","64","64","Generator\Variation\Female\icon_RearHair_p10.png"
"99_角色產生器零件","RTP基本素材","99_角色產生器零件\RTP基本素材\Variation\Female\icon_RearHair_p11.png","64","64","Generator\Variation\Female\icon_RearHair_p11.png"
"99_角色產生器零件","RTP基本素材","99_角色產生器零件\RTP基本素材\Variation\Female\icon_RearHair_p12.png","64","64","Generator\Variation\Female\icon_RearHair_p12.png"
"99_角色產生器零件","RTP基本素材","99_角色產生器零件\RTP基本素材\Variation\Female\icon_RearHair_p13.png","64","64","Generator\Variation\Female\icon_RearHair_p13.png"
"99_角色產生器零件","RTP基本素材","99_角色產生器零件\RTP基本素材\Variation\Female\icon_RearHair_p14.png","64","64","Generator\Variation\Female\icon_RearHair_p14.png"
"99_角色產生器零件","RTP基本素材","99_角色產生器零件\RTP基本素材\Variation\Female\icon_RearHair_p15.png","64","64","Generator\Variation\Female\icon_RearHair_p15.png"
"99_角色產生器零件","RTP基本素材","99_角色產生器零件\RTP基本素材\Variation\Female\icon_RearHair_p16.png","64","64","Generator\Variation\Female\icon_RearHair_p16.png"
"99_角色產生器零件","RTP基本素材","99_角色產生器零件\RTP基本素材\Variation\Female\icon_RearHair_p17.png","64","64","Generator\Variation\Female\icon_RearHair_p17.png"
"99_角色產生器零件","RTP基本素材","99_角色產生器零件\RTP基本素材\Variation\Female\icon_RearHair_p18.png","64","64","Generator\Variation\Female\icon_RearHair_p18.png"
"99_角色產生器零件","RTP基本素材","99_角色產生器零件\RTP基本素材\Variation\Female\icon_RearHair_p19.png","64","64","Generator\Variation\Female\icon_RearHair_p19.png"
"99_角色產生器零件","RTP基本素材","99_角色產生器零件\RTP基本素材\Variation\Female\icon_RearHair_p20.png","64","64","Generator\Variation\Female\icon_RearHair_p20.png"
"99_角色產生器零件","RTP基本素材","99_角色產生器零件\RTP基本素材\Variation\Female\icon_Tail_p01.png","64","64","Generator\Variation\Female\icon_Tail_p01.png"
"99_角色產生器零件","RTP基本素材","99_角色產生器零件\RTP基本素材\Variation\Female\icon_Tail_p02.png","64","64","Generator\Variation\Female\icon_Tail_p02.png"
"99_角色產生器零件","RTP基本素材","99_角色產生器零件\RTP基本素材\Variation\Female\icon_Tail_p03.png","64","64","Generator\Variation\Female\icon_Tail_p03.png"
"99_角色產生器零件","RTP基本素材","99_角色產生器零件\RTP基本素材\Variation\Female\icon_Tail_p04.png","64","64","Generator\Variation\Female\icon_Tail_p04.png"
"99_角色產生器零件","RTP基本素材","99_角色產生器零件\RTP基本素材\Variation\Female\icon_Tail_p05.png","64","64","Generator\Variation\Female\icon_Tail_p05.png"
"99_角色產生器零件","RTP基本素材","99_角色產生器零件\RTP基本素材\Variation\Female\icon_Tail_p06.png","64","64","Generator\Variation\Female\icon_Tail_p06.png"
"99_角色產生器零件","RTP基本素材","99_角色產生器零件\RTP基本素材\Variation\Female\icon_Wing_p01.png","64","64","Generator\Variation\Female\icon_Wing_p01.png"
"99_角色產生器零件","RTP基本素材","99_角色產生器零件\RTP基本素材\Variation\Female\icon_Wing_p02.png","64","64","Generator\Variation\Female\icon_Wing_p02.png"
"99_角色產生器零件","RTP基本素材","99_角色產生器零件\RTP基本素材\Variation\Female\icon_Wing_p03.png","64","64","Generator\Variation\Female\icon_Wing_p03.png"
"99_角色產生器零件","RTP基本素材","99_角色產生器零件\RTP基本素材\Variation\Female\icon_Wing_p04.png","64","64","Generator\Variation\Female\icon_Wing_p04.png"
"99_角色產生器零件","RTP基本素材","99_角色產生器零件\RTP基本素材\Variation\Female\icon_Wing_p05.png","64","64","Generator\Variation\Female\icon_Wing_p05.png"
"99_角色產生器零件","RTP基本素材","99_角色產生器零件\RTP基本素材\Variation\Kid\icon_Clothing_p00.png","64","64","Generator\Variation\Kid\icon_Clothing_p00.png"
"99_角色產生器零件","RTP基本素材","99_角色產生器零件\RTP基本素材\Variation\Kid\icon_Eyebrows_p00.png","64","64","Generator\Variation\Kid\icon_Eyebrows_p00.png"
"99_角色產生器零件","RTP基本素材","99_角色產生器零件\RTP基本素材\Variation\Kid\icon_Eyes_p00.png","64","64","Generator\Variation\Kid\icon_Eyes_p00.png"
"99_角色產生器零件","RTP基本素材","99_角色產生器零件\RTP基本素材\Variation\Kid\icon_Face_p01.png","64","64","Generator\Variation\Kid\icon_Face_p01.png"
"99_角色產生器零件","RTP基本素材","99_角色產生器零件\RTP基本素材\Variation\Kid\icon_FrontHair_p00.png","64","64","Generator\Variation\Kid\icon_FrontHair_p00.png"
"99_角色產生器零件","RTP基本素材","99_角色產生器零件\RTP基本素材\Variation\Kid\icon_Mouth_p00.png","64","64","Generator\Variation\Kid\icon_Mouth_p00.png"
"99_角色產生器零件","RTP基本素材","99_角色產生器零件\RTP基本素材\Variation\Kid\icon_Nose_p00.png","64","64","Generator\Variation\Kid\icon_Nose_p00.png"
"99_角色產生器零件","RTP基本素材","99_角色產生器零件\RTP基本素材\Variation\Kid\icon_RearHair_p00.png","64","64","Generator\Variation\Kid\icon_RearHair_p00.png"
"99_角色產生器零件","RTP基本素材","99_角色產生器零件\RTP基本素材\Variation\Male\icon_AccA_p01.png","64","64","Generator\Variation\Male\icon_AccA_p01.png"
"99_角色產生器零件","RTP基本素材","99_角色產生器零件\RTP基本素材\Variation\Male\icon_AccA_p02.png","64","64","Generator\Variation\Male\icon_AccA_p02.png"
"99_角色產生器零件","RTP基本素材","99_角色產生器零件\RTP基本素材\Variation\Male\icon_AccA_p03.png","64","64","Generator\Variation\Male\icon_AccA_p03.png"
"99_角色產生器零件","RTP基本素材","99_角色產生器零件\RTP基本素材\Variation\Male\icon_AccA_p04.png","64","64","Generator\Variation\Male\icon_AccA_p04.png"
"99_角色產生器零件","RTP基本素材","99_角色產生器零件\RTP基本素材\Variation\Male\icon_AccA_p05.png","64","64","Generator\Variation\Male\icon_AccA_p05.png"
"99_角色產生器零件","RTP基本素材","99_角色產生器零件\RTP基本素材\Variation\Male\icon_AccA_p06.png","64","64","Generator\Variation\Male\icon_AccA_p06.png"
"99_角色產生器零件","RTP基本素材","99_角色產生器零件\RTP基本素材\Variation\Male\icon_AccA_p07.png","64","64","Generator\Variation\Male\icon_AccA_p07.png"
"99_角色產生器零件","RTP基本素材","99_角色產生器零件\RTP基本素材\Variation\Male\icon_AccA_p08.png","64","64","Generator\Variation\Male\icon_AccA_p08.png"
"99_角色產生器零件","RTP基本素材","99_角色產生器零件\RTP基本素材\Variation\Male\icon_AccB_p01.png","64","64","Generator\Variation\Male\icon_AccB_p01.png"
"99_角色產生器零件","RTP基本素材","99_角色產生器零件\RTP基本素材\Variation\Male\icon_AccB_p02.png","64","64","Generator\Variation\Male\icon_AccB_p02.png"
"99_角色產生器零件","RTP基本素材","99_角色產生器零件\RTP基本素材\Variation\Male\icon_AccB_p03.png","64","64","Generator\Variation\Male\icon_AccB_p03.png"
"99_角色產生器零件","RTP基本素材","99_角色產生器零件\RTP基本素材\Variation\Male\icon_AccB_p04.png","64","64","Generator\Variation\Male\icon_AccB_p04.png"
"99_角色產生器零件","RTP基本素材","99_角色產生器零件\RTP基本素材\Variation\Male\icon_AccB_p05.png","64","64","Generator\Variation\Male\icon_AccB_p05.png"
"99_角色產生器零件","RTP基本素材","99_角色產生器零件\RTP基本素材\Variation\Male\icon_AccB_p06.png","64","64","Generator\Variation\Male\icon_AccB_p06.png"
"99_角色產生器零件","RTP基本素材","99_角色產生器零件\RTP基本素材\Variation\Male\icon_AccB_p08.png","64","64","Generator\Variation\Male\icon_AccB_p08.png"
"99_角色產生器零件","RTP基本素材","99_角色產生器零件\RTP基本素材\Variation\Male\icon_Beard_p01.png","64","64","Generator\Variation\Male\icon_Beard_p01.png"
"99_角色產生器零件","RTP基本素材","99_角色產生器零件\RTP基本素材\Variation\Male\icon_Beard_p02.png","64","64","Generator\Variation\Male\icon_Beard_p02.png"
"99_角色產生器零件","RTP基本素材","99_角色產生器零件\RTP基本素材\Variation\Male\icon_Beard_p03.png","64","64","Generator\Variation\Male\icon_Beard_p03.png"
"99_角色產生器零件","RTP基本素材","99_角色產生器零件\RTP基本素材\Variation\Male\icon_Beard_p04.png","64","64","Generator\Variation\Male\icon_Beard_p04.png"
"99_角色產生器零件","RTP基本素材","99_角色產生器零件\RTP基本素材\Variation\Male\icon_Beard_p05.png","64","64","Generator\Variation\Male\icon_Beard_p05.png"
"99_角色產生器零件","RTP基本素材","99_角色產生器零件\RTP基本素材\Variation\Male\icon_Beard_p06.png","64","64","Generator\Variation\Male\icon_Beard_p06.png"
"99_角色產生器零件","RTP基本素材","99_角色產生器零件\RTP基本素材\Variation\Male\icon_Beard_p07.png","64","64","Generator\Variation\Male\icon_Beard_p07.png"
"99_角色產生器零件","RTP基本素材","99_角色產生器零件\RTP基本素材\Variation\Male\icon_Beard_p08.png","64","64","Generator\Variation\Male\icon_Beard_p08.png"
"99_角色產生器零件","RTP基本素材","99_角色產生器零件\RTP基本素材\Variation\Male\icon_Beard_p09.png","64","64","Generator\Variation\Male\icon_Beard_p09.png"
"99_角色產生器零件","RTP基本素材","99_角色產生器零件\RTP基本素材\Variation\Male\icon_Beard_p10.png","64","64","Generator\Variation\Male\icon_Beard_p10.png"
"99_角色產生器零件","RTP基本素材","99_角色產生器零件\RTP基本素材\Variation\Male\icon_Beard_p11.png","64","64","Generator\Variation\Male\icon_Beard_p11.png"
"99_角色產生器零件","RTP基本素材","99_角色產生器零件\RTP基本素材\Variation\Male\icon_BeastEars_p01.png","64","64","Generator\Variation\Male\icon_BeastEars_p01.png"
"99_角色產生器零件","RTP基本素材","99_角色產生器零件\RTP基本素材\Variation\Male\icon_Cloak_p01.png","64","64","Generator\Variation\Male\icon_Cloak_p01.png"
"99_角色產生器零件","RTP基本素材","99_角色產生器零件\RTP基本素材\Variation\Male\icon_Clothing_p01.png","64","64","Generator\Variation\Male\icon_Clothing_p01.png"
"99_角色產生器零件","RTP基本素材","99_角色產生器零件\RTP基本素材\Variation\Male\icon_Clothing_p02.png","64","64","Generator\Variation\Male\icon_Clothing_p02.png"
"99_角色產生器零件","RTP基本素材","99_角色產生器零件\RTP基本素材\Variation\Male\icon_Clothing_p03.png","64","64","Generator\Variation\Male\icon_Clothing_p03.png"
"99_角色產生器零件","RTP基本素材","99_角色產生器零件\RTP基本素材\Variation\Male\icon_Clothing_p04.png","64","64","Generator\Variation\Male\icon_Clothing_p04.png"
"99_角色產生器零件","RTP基本素材","99_角色產生器零件\RTP基本素材\Variation\Male\icon_Clothing_p05.png","64","64","Generator\Variation\Male\icon_Clothing_p05.png"
"99_角色產生器零件","RTP基本素材","99_角色產生器零件\RTP基本素材\Variation\Male\icon_Clothing_p06.png","64","64","Generator\Variation\Male\icon_Clothing_p06.png"
"99_角色產生器零件","RTP基本素材","99_角色產生器零件\RTP基本素材\Variation\Male\icon_Clothing_p07.png","64","64","Generator\Variation\Male\icon_Clothing_p07.png"
"99_角色產生器零件","RTP基本素材","99_角色產生器零件\RTP基本素材\Variation\Male\icon_Clothing_p08.png","64","64","Generator\Variation\Male\icon_Clothing_p08.png"
"99_角色產生器零件","RTP基本素材","99_角色產生器零件\RTP基本素材\Variation\Male\icon_Clothing_p09.png","64","64","Generator\Variation\Male\icon_Clothing_p09.png"
"99_角色產生器零件","RTP基本素材","99_角色產生器零件\RTP基本素材\Variation\Male\icon_Clothing_p10.png","64","64","Generator\Variation\Male\icon_Clothing_p10.png"
"99_角色產生器零件","RTP基本素材","99_角色產生器零件\RTP基本素材\Variation\Male\icon_Clothing_p11.png","64","64","Generator\Variation\Male\icon_Clothing_p11.png"
"99_角色產生器零件","RTP基本素材","99_角色產生器零件\RTP基本素材\Variation\Male\icon_Clothing_p12.png","64","64","Generator\Variation\Male\icon_Clothing_p12.png"
"99_角色產生器零件","RTP基本素材","99_角色產生器零件\RTP基本素材\Variation\Male\icon_Clothing_p13.png","64","64","Generator\Variation\Male\icon_Clothing_p13.png"
"99_角色產生器零件","RTP基本素材","99_角色產生器零件\RTP基本素材\Variation\Male\icon_Clothing_p14.png","64","64","Generator\Variation\Male\icon_Clothing_p14.png"
"99_角色產生器零件","RTP基本素材","99_角色產生器零件\RTP基本素材\Variation\Male\icon_Clothing_p15.png","64","64","Generator\Variation\Male\icon_Clothing_p15.png"
"99_角色產生器零件","RTP基本素材","99_角色產生器零件\RTP基本素材\Variation\Male\icon_Clothing_p16.png","64","64","Generator\Variation\Male\icon_Clothing_p16.png"
"99_角色產生器零件","RTP基本素材","99_角色產生器零件\RTP基本素材\Variation\Male\icon_Clothing_p17.png","64","64","Generator\Variation\Male\icon_Clothing_p17.png"
"99_角色產生器零件","RTP基本素材","99_角色產生器零件\RTP基本素材\Variation\Male\icon_Clothing_p18.png","64","64","Generator\Variation\Male\icon_Clothing_p18.png"
"99_角色產生器零件","RTP基本素材","99_角色產生器零件\RTP基本素材\Variation\Male\icon_Clothing_p19.png","64","64","Generator\Variation\Male\icon_Clothing_p19.png"
"99_角色產生器零件","RTP基本素材","99_角色產生器零件\RTP基本素材\Variation\Male\icon_Clothing_p20.png","64","64","Generator\Variation\Male\icon_Clothing_p20.png"
"99_角色產生器零件","RTP基本素材","99_角色產生器零件\RTP基本素材\Variation\Male\icon_Clothing_p21.png","64","64","Generator\Variation\Male\icon_Clothing_p21.png"
"99_角色產生器零件","RTP基本素材","99_角色產生器零件\RTP基本素材\Variation\Male\icon_Clothing_p22.png","64","64","Generator\Variation\Male\icon_Clothing_p22.png"
"99_角色產生器零件","RTP基本素材","99_角色產生器零件\RTP基本素材\Variation\Male\icon_Clothing_p23.png","64","64","Generator\Variation\Male\icon_Clothing_p23.png"
"99_角色產生器零件","RTP基本素材","99_角色產生器零件\RTP基本素材\Variation\Male\icon_Ears_p01.png","64","64","Generator\Variation\Male\icon_Ears_p01.png"
"99_角色產生器零件","RTP基本素材","99_角色產生器零件\RTP基本素材\Variation\Male\icon_Ears_p02.png","64","64","Generator\Variation\Male\icon_Ears_p02.png"
"99_角色產生器零件","RTP基本素材","99_角色產生器零件\RTP基本素材\Variation\Male\icon_Eyebrows_p01.png","64","64","Generator\Variation\Male\icon_Eyebrows_p01.png"
"99_角色產生器零件","RTP基本素材","99_角色產生器零件\RTP基本素材\Variation\Male\icon_Eyebrows_p02.png","64","64","Generator\Variation\Male\icon_Eyebrows_p02.png"
"99_角色產生器零件","RTP基本素材","99_角色產生器零件\RTP基本素材\Variation\Male\icon_Eyebrows_p03.png","64","64","Generator\Variation\Male\icon_Eyebrows_p03.png"
"99_角色產生器零件","RTP基本素材","99_角色產生器零件\RTP基本素材\Variation\Male\icon_Eyebrows_p04.png","64","64","Generator\Variation\Male\icon_Eyebrows_p04.png"
"99_角色產生器零件","RTP基本素材","99_角色產生器零件\RTP基本素材\Variation\Male\icon_Eyebrows_p05.png","64","64","Generator\Variation\Male\icon_Eyebrows_p05.png"
"99_角色產生器零件","RTP基本素材","99_角色產生器零件\RTP基本素材\Variation\Male\icon_Eyebrows_p06.png","64","64","Generator\Variation\Male\icon_Eyebrows_p06.png"
"99_角色產生器零件","RTP基本素材","99_角色產生器零件\RTP基本素材\Variation\Male\icon_Eyebrows_p07.png","64","64","Generator\Variation\Male\icon_Eyebrows_p07.png"
"99_角色產生器零件","RTP基本素材","99_角色產生器零件\RTP基本素材\Variation\Male\icon_Eyebrows_p08.png","64","64","Generator\Variation\Male\icon_Eyebrows_p08.png"
"99_角色產生器零件","RTP基本素材","99_角色產生器零件\RTP基本素材\Variation\Male\icon_Eyebrows_p09.png","64","64","Generator\Variation\Male\icon_Eyebrows_p09.png"
"99_角色產生器零件","RTP基本素材","99_角色產生器零件\RTP基本素材\Variation\Male\icon_Eyebrows_p10.png","64","64","Generator\Variation\Male\icon_Eyebrows_p10.png"
"99_角色產生器零件","RTP基本素材","99_角色產生器零件\RTP基本素材\Variation\Male\icon_Eyebrows_p11.png","64","64","Generator\Variation\Male\icon_Eyebrows_p11.png"
"99_角色產生器零件","RTP基本素材","99_角色產生器零件\RTP基本素材\Variation\Male\icon_Eyebrows_p12.png","64","64","Generator\Variation\Male\icon_Eyebrows_p12.png"
"99_角色產生器零件","RTP基本素材","99_角色產生器零件\RTP基本素材\Variation\Male\icon_Eyebrows_p13.png","64","64","Generator\Variation\Male\icon_Eyebrows_p13.png"
"99_角色產生器零件","RTP基本素材","99_角色產生器零件\RTP基本素材\Variation\Male\icon_Eyebrows_p14.png","64","64","Generator\Variation\Male\icon_Eyebrows_p14.png"
"99_角色產生器零件","RTP基本素材","99_角色產生器零件\RTP基本素材\Variation\Male\icon_Eyebrows_p15.png","64","64","Generator\Variation\Male\icon_Eyebrows_p15.png"
"99_角色產生器零件","RTP基本素材","99_角色產生器零件\RTP基本素材\Variation\Male\icon_Eyebrows_p16.png","64","64","Generator\Variation\Male\icon_Eyebrows_p16.png"
"99_角色產生器零件","RTP基本素材","99_角色產生器零件\RTP基本素材\Variation\Male\icon_Eyebrows_p17.png","64","64","Generator\Variation\Male\icon_Eyebrows_p17.png"
"99_角色產生器零件","RTP基本素材","99_角色產生器零件\RTP基本素材\Variation\Male\icon_Eyebrows_p18.png","64","64","Generator\Variation\Male\icon_Eyebrows_p18.png"
"99_角色產生器零件","RTP基本素材","99_角色產生器零件\RTP基本素材\Variation\Male\icon_Eyebrows_p19.png","64","64","Generator\Variation\Male\icon_Eyebrows_p19.png"
"99_角色產生器零件","RTP基本素材","99_角色產生器零件\RTP基本素材\Variation\Male\icon_Eyes_p01.png","64","64","Generator\Variation\Male\icon_Eyes_p01.png"
"99_角色產生器零件","RTP基本素材","99_角色產生器零件\RTP基本素材\Variation\Male\icon_Eyes_p02.png","64","64","Generator\Variation\Male\icon_Eyes_p02.png"
"99_角色產生器零件","RTP基本素材","99_角色產生器零件\RTP基本素材\Variation\Male\icon_Eyes_p03.png","64","64","Generator\Variation\Male\icon_Eyes_p03.png"
"99_角色產生器零件","RTP基本素材","99_角色產生器零件\RTP基本素材\Variation\Male\icon_Eyes_p04.png","64","64","Generator\Variation\Male\icon_Eyes_p04.png"
"99_角色產生器零件","RTP基本素材","99_角色產生器零件\RTP基本素材\Variation\Male\icon_Eyes_p05.png","64","64","Generator\Variation\Male\icon_Eyes_p05.png"
"99_角色產生器零件","RTP基本素材","99_角色產生器零件\RTP基本素材\Variation\Male\icon_Eyes_p06.png","64","64","Generator\Variation\Male\icon_Eyes_p06.png"
"99_角色產生器零件","RTP基本素材","99_角色產生器零件\RTP基本素材\Variation\Male\icon_Eyes_p07.png","64","64","Generator\Variation\Male\icon_Eyes_p07.png"
"99_角色產生器零件","RTP基本素材","99_角色產生器零件\RTP基本素材\Variation\Male\icon_Eyes_p08.png","64","64","Generator\Variation\Male\icon_Eyes_p08.png"
"99_角色產生器零件","RTP基本素材","99_角色產生器零件\RTP基本素材\Variation\Male\icon_Eyes_p09.png","64","64","Generator\Variation\Male\icon_Eyes_p09.png"
"99_角色產生器零件","RTP基本素材","99_角色產生器零件\RTP基本素材\Variation\Male\icon_Eyes_p10.png","64","64","Generator\Variation\Male\icon_Eyes_p10.png"
"99_角色產生器零件","RTP基本素材","99_角色產生器零件\RTP基本素材\Variation\Male\icon_Eyes_p11.png","64","64","Generator\Variation\Male\icon_Eyes_p11.png"
"99_角色產生器零件","RTP基本素材","99_角色產生器零件\RTP基本素材\Variation\Male\icon_Eyes_p12.png","64","64","Generator\Variation\Male\icon_Eyes_p12.png"
"99_角色產生器零件","RTP基本素材","99_角色產生器零件\RTP基本素材\Variation\Male\icon_Eyes_p13.png","64","64","Generator\Variation\Male\icon_Eyes_p13.png"
"99_角色產生器零件","RTP基本素材","99_角色產生器零件\RTP基本素材\Variation\Male\icon_Eyes_p14.png","64","64","Generator\Variation\Male\icon_Eyes_p14.png"
"99_角色產生器零件","RTP基本素材","99_角色產生器零件\RTP基本素材\Variation\Male\icon_Eyes_p15.png","64","64","Generator\Variation\Male\icon_Eyes_p15.png"
"99_角色產生器零件","RTP基本素材","99_角色產生器零件\RTP基本素材\Variation\Male\icon_Eyes_p16.png","64","64","Generator\Variation\Male\icon_Eyes_p16.png"
"99_角色產生器零件","RTP基本素材","99_角色產生器零件\RTP基本素材\Variation\Male\icon_Eyes_p17.png","64","64","Generator\Variation\Male\icon_Eyes_p17.png"
"99_角色產生器零件","RTP基本素材","99_角色產生器零件\RTP基本素材\Variation\Male\icon_Eyes_p18.png","64","64","Generator\Variation\Male\icon_Eyes_p18.png"
"99_角色產生器零件","RTP基本素材","99_角色產生器零件\RTP基本素材\Variation\Male\icon_Eyes_p19.png","64","64","Generator\Variation\Male\icon_Eyes_p19.png"
"99_角色產生器零件","RTP基本素材","99_角色產生器零件\RTP基本素材\Variation\Male\icon_Eyes_p20.png","64","64","Generator\Variation\Male\icon_Eyes_p20.png"
"99_角色產生器零件","RTP基本素材","99_角色產生器零件\RTP基本素材\Variation\Male\icon_Eyes_p21.png","64","64","Generator\Variation\Male\icon_Eyes_p21.png"
"99_角色產生器零件","RTP基本素材","99_角色產生器零件\RTP基本素材\Variation\Male\icon_Eyes_p22.png","64","64","Generator\Variation\Male\icon_Eyes_p22.png"
"99_角色產生器零件","RTP基本素材","99_角色產生器零件\RTP基本素材\Variation\Male\icon_Eyes_p23.png","64","64","Generator\Variation\Male\icon_Eyes_p23.png"
"99_角色產生器零件","RTP基本素材","99_角色產生器零件\RTP基本素材\Variation\Male\icon_Eyes_p24.png","64","64","Generator\Variation\Male\icon_Eyes_p24.png"
"99_角色產生器零件","RTP基本素材","99_角色產生器零件\RTP基本素材\Variation\Male\icon_Eyes_p25.png","64","64","Generator\Variation\Male\icon_Eyes_p25.png"
"99_角色產生器零件","RTP基本素材","99_角色產生器零件\RTP基本素材\Variation\Male\icon_Eyes_p26.png","64","64","Generator\Variation\Male\icon_Eyes_p26.png"
"99_角色產生器零件","RTP基本素材","99_角色產生器零件\RTP基本素材\Variation\Male\icon_Eyes_p27.png","64","64","Generator\Variation\Male\icon_Eyes_p27.png"
"99_角色產生器零件","RTP基本素材","99_角色產生器零件\RTP基本素材\Variation\Male\icon_Face_p01.png","64","64","Generator\Variation\Male\icon_Face_p01.png"
"99_角色產生器零件","RTP基本素材","99_角色產生器零件\RTP基本素材\Variation\Male\icon_Face_p02.png","64","64","Generator\Variation\Male\icon_Face_p02.png"
"99_角色產生器零件","RTP基本素材","99_角色產生器零件\RTP基本素材\Variation\Male\icon_Face_p03.png","64","64","Generator\Variation\Male\icon_Face_p03.png"
"99_角色產生器零件","RTP基本素材","99_角色產生器零件\RTP基本素材\Variation\Male\icon_Face_p04.png","64","64","Generator\Variation\Male\icon_Face_p04.png"
"99_角色產生器零件","RTP基本素材","99_角色產生器零件\RTP基本素材\Variation\Male\icon_Face_p05.png","64","64","Generator\Variation\Male\icon_Face_p05.png"
"99_角色產生器零件","RTP基本素材","99_角色產生器零件\RTP基本素材\Variation\Male\icon_Face_p06.png","64","64","Generator\Variation\Male\icon_Face_p06.png"
"99_角色產生器零件","RTP基本素材","99_角色產生器零件\RTP基本素材\Variation\Male\icon_Face_p07.png","64","64","Generator\Variation\Male\icon_Face_p07.png"
"99_角色產生器零件","RTP基本素材","99_角色產生器零件\RTP基本素材\Variation\Male\icon_Face_p08.png","64","64","Generator\Variation\Male\icon_Face_p08.png"
"99_角色產生器零件","RTP基本素材","99_角色產生器零件\RTP基本素材\Variation\Male\icon_Face_p09.png","64","64","Generator\Variation\Male\icon_Face_p09.png"
"99_角色產生器零件","RTP基本素材","99_角色產生器零件\RTP基本素材\Variation\Male\icon_Face_p10.png","64","64","Generator\Variation\Male\icon_Face_p10.png"
"99_角色產生器零件","RTP基本素材","99_角色產生器零件\RTP基本素材\Variation\Male\icon_Face_p11.png","64","64","Generator\Variation\Male\icon_Face_p11.png"
"99_角色產生器零件","RTP基本素材","99_角色產生器零件\RTP基本素材\Variation\Male\icon_Face_p12.png","64","64","Generator\Variation\Male\icon_Face_p12.png"
"99_角色產生器零件","RTP基本素材","99_角色產生器零件\RTP基本素材\Variation\Male\icon_FacialMark_p01.png","64","64","Generator\Variation\Male\icon_FacialMark_p01.png"
"99_角色產生器零件","RTP基本素材","99_角色產生器零件\RTP基本素材\Variation\Male\icon_FacialMark_p02.png","64","64","Generator\Variation\Male\icon_FacialMark_p02.png"
"99_角色產生器零件","RTP基本素材","99_角色產生器零件\RTP基本素材\Variation\Male\icon_FacialMark_p03.png","64","64","Generator\Variation\Male\icon_FacialMark_p03.png"
"99_角色產生器零件","RTP基本素材","99_角色產生器零件\RTP基本素材\Variation\Male\icon_FacialMark_p07.png","64","64","Generator\Variation\Male\icon_FacialMark_p07.png"
"99_角色產生器零件","RTP基本素材","99_角色產生器零件\RTP基本素材\Variation\Male\icon_FrontHair_p01.png","64","64","Generator\Variation\Male\icon_FrontHair_p01.png"
"99_角色產生器零件","RTP基本素材","99_角色產生器零件\RTP基本素材\Variation\Male\icon_FrontHair_p03.png","64","64","Generator\Variation\Male\icon_FrontHair_p03.png"
"99_角色產生器零件","RTP基本素材","99_角色產生器零件\RTP基本素材\Variation\Male\icon_FrontHair_p04.png","64","64","Generator\Variation\Male\icon_FrontHair_p04.png"
"99_角色產生器零件","RTP基本素材","99_角色產生器零件\RTP基本素材\Variation\Male\icon_FrontHair_p05.png","64","64","Generator\Variation\Male\icon_FrontHair_p05.png"
"99_角色產生器零件","RTP基本素材","99_角色產生器零件\RTP基本素材\Variation\Male\icon_FrontHair_p07.png","64","64","Generator\Variation\Male\icon_FrontHair_p07.png"
"99_角色產生器零件","RTP基本素材","99_角色產生器零件\RTP基本素材\Variation\Male\icon_FrontHair_p08.png","64","64","Generator\Variation\Male\icon_FrontHair_p08.png"
"99_角色產生器零件","RTP基本素材","99_角色產生器零件\RTP基本素材\Variation\Male\icon_FrontHair_p09.png","64","64","Generator\Variation\Male\icon_FrontHair_p09.png"
"99_角色產生器零件","RTP基本素材","99_角色產生器零件\RTP基本素材\Variation\Male\icon_FrontHair_p11.png","64","64","Generator\Variation\Male\icon_FrontHair_p11.png"
"99_角色產生器零件","RTP基本素材","99_角色產生器零件\RTP基本素材\Variation\Male\icon_FrontHair_p12.png","64","64","Generator\Variation\Male\icon_FrontHair_p12.png"
"99_角色產生器零件","RTP基本素材","99_角色產生器零件\RTP基本素材\Variation\Male\icon_FrontHair_p13.png","64","64","Generator\Variation\Male\icon_FrontHair_p13.png"
"99_角色產生器零件","RTP基本素材","99_角色產生器零件\RTP基本素材\Variation\Male\icon_FrontHair_p15.png","64","64","Generator\Variation\Male\icon_FrontHair_p15.png"
"99_角色產生器零件","RTP基本素材","99_角色產生器零件\RTP基本素材\Variation\Male\icon_FrontHair_p16.png","64","64","Generator\Variation\Male\icon_FrontHair_p16.png"
"99_角色產生器零件","RTP基本素材","99_角色產生器零件\RTP基本素材\Variation\Male\icon_FrontHair_p17.png","64","64","Generator\Variation\Male\icon_FrontHair_p17.png"
"99_角色產生器零件","RTP基本素材","99_角色產生器零件\RTP基本素材\Variation\Male\icon_Glasses_p01.png","64","64","Generator\Variation\Male\icon_Glasses_p01.png"
"99_角色產生器零件","RTP基本素材","99_角色產生器零件\RTP基本素材\Variation\Male\icon_Glasses_p02.png","64","64","Generator\Variation\Male\icon_Glasses_p02.png"
"99_角色產生器零件","RTP基本素材","99_角色產生器零件\RTP基本素材\Variation\Male\icon_Mouth_p01.png","64","64","Generator\Variation\Male\icon_Mouth_p01.png"
"99_角色產生器零件","RTP基本素材","99_角色產生器零件\RTP基本素材\Variation\Male\icon_Mouth_p02.png","64","64","Generator\Variation\Male\icon_Mouth_p02.png"
"99_角色產生器零件","RTP基本素材","99_角色產生器零件\RTP基本素材\Variation\Male\icon_Mouth_p03.png","64","64","Generator\Variation\Male\icon_Mouth_p03.png"
"99_角色產生器零件","RTP基本素材","99_角色產生器零件\RTP基本素材\Variation\Male\icon_Mouth_p04.png","64","64","Generator\Variation\Male\icon_Mouth_p04.png"
"99_角色產生器零件","RTP基本素材","99_角色產生器零件\RTP基本素材\Variation\Male\icon_Mouth_p05.png","64","64","Generator\Variation\Male\icon_Mouth_p05.png"
"99_角色產生器零件","RTP基本素材","99_角色產生器零件\RTP基本素材\Variation\Male\icon_Mouth_p06.png","64","64","Generator\Variation\Male\icon_Mouth_p06.png"
"99_角色產生器零件","RTP基本素材","99_角色產生器零件\RTP基本素材\Variation\Male\icon_Mouth_p07.png","64","64","Generator\Variation\Male\icon_Mouth_p07.png"
"99_角色產生器零件","RTP基本素材","99_角色產生器零件\RTP基本素材\Variation\Male\icon_Mouth_p08.png","64","64","Generator\Variation\Male\icon_Mouth_p08.png"
"99_角色產生器零件","RTP基本素材","99_角色產生器零件\RTP基本素材\Variation\Male\icon_Mouth_p09.png","64","64","Generator\Variation\Male\icon_Mouth_p09.png"
"99_角色產生器零件","RTP基本素材","99_角色產生器零件\RTP基本素材\Variation\Male\icon_Mouth_p10.png","64","64","Generator\Variation\Male\icon_Mouth_p10.png"
"99_角色產生器零件","RTP基本素材","99_角色產生器零件\RTP基本素材\Variation\Male\icon_Mouth_p11.png","64","64","Generator\Variation\Male\icon_Mouth_p11.png"
"99_角色產生器零件","RTP基本素材","99_角色產生器零件\RTP基本素材\Variation\Male\icon_Mouth_p12.png","64","64","Generator\Variation\Male\icon_Mouth_p12.png"
"99_角色產生器零件","RTP基本素材","99_角色產生器零件\RTP基本素材\Variation\Male\icon_Mouth_p13.png","64","64","Generator\Variation\Male\icon_Mouth_p13.png"
"99_角色產生器零件","RTP基本素材","99_角色產生器零件\RTP基本素材\Variation\Male\icon_Mouth_p14.png","64","64","Generator\Variation\Male\icon_Mouth_p14.png"
"99_角色產生器零件","RTP基本素材","99_角色產生器零件\RTP基本素材\Variation\Male\icon_Mouth_p15.png","64","64","Generator\Variation\Male\icon_Mouth_p15.png"
"99_角色產生器零件","RTP基本素材","99_角色產生器零件\RTP基本素材\Variation\Male\icon_Nose_p01.png","64","64","Generator\Variation\Male\icon_Nose_p01.png"
"99_角色產生器零件","RTP基本素材","99_角色產生器零件\RTP基本素材\Variation\Male\icon_Nose_p02.png","64","64","Generator\Variation\Male\icon_Nose_p02.png"
"99_角色產生器零件","RTP基本素材","99_角色產生器零件\RTP基本素材\Variation\Male\icon_Nose_p03.png","64","64","Generator\Variation\Male\icon_Nose_p03.png"
"99_角色產生器零件","RTP基本素材","99_角色產生器零件\RTP基本素材\Variation\Male\icon_Nose_p04.png","64","64","Generator\Variation\Male\icon_Nose_p04.png"
"99_角色產生器零件","RTP基本素材","99_角色產生器零件\RTP基本素材\Variation\Male\icon_Nose_p05.png","64","64","Generator\Variation\Male\icon_Nose_p05.png"
"99_角色產生器零件","RTP基本素材","99_角色產生器零件\RTP基本素材\Variation\Male\icon_Nose_p06.png","64","64","Generator\Variation\Male\icon_Nose_p06.png"
"99_角色產生器零件","RTP基本素材","99_角色產生器零件\RTP基本素材\Variation\Male\icon_Nose_p07.png","64","64","Generator\Variation\Male\icon_Nose_p07.png"
"99_角色產生器零件","RTP基本素材","99_角色產生器零件\RTP基本素材\Variation\Male\icon_Nose_p08.png","64","64","Generator\Variation\Male\icon_Nose_p08.png"
"99_角色產生器零件","RTP基本素材","99_角色產生器零件\RTP基本素材\Variation\Male\icon_Nose_p09.png","64","64","Generator\Variation\Male\icon_Nose_p09.png"
"99_角色產生器零件","RTP基本素材","99_角色產生器零件\RTP基本素材\Variation\Male\icon_Nose_p10.png","64","64","Generator\Variation\Male\icon_Nose_p10.png"
"99_角色產生器零件","RTP基本素材","99_角色產生器零件\RTP基本素材\Variation\Male\icon_Nose_p11.png","64","64","Generator\Variation\Male\icon_Nose_p11.png"
"99_角色產生器零件","RTP基本素材","99_角色產生器零件\RTP基本素材\Variation\Male\icon_Nose_p12.png","64","64","Generator\Variation\Male\icon_Nose_p12.png"
"99_角色產生器零件","RTP基本素材","99_角色產生器零件\RTP基本素材\Variation\Male\icon_Nose_p13.png","64","64","Generator\Variation\Male\icon_Nose_p13.png"
"99_角色產生器零件","RTP基本素材","99_角色產生器零件\RTP基本素材\Variation\Male\icon_RearHair_p01.png","64","64","Generator\Variation\Male\icon_RearHair_p01.png"
"99_角色產生器零件","RTP基本素材","99_角色產生器零件\RTP基本素材\Variation\Male\icon_RearHair_p02.png","64","64","Generator\Variation\Male\icon_RearHair_p02.png"
"99_角色產生器零件","RTP基本素材","99_角色產生器零件\RTP基本素材\Variation\Male\icon_RearHair_p03.png","64","64","Generator\Variation\Male\icon_RearHair_p03.png"
"99_角色產生器零件","RTP基本素材","99_角色產生器零件\RTP基本素材\Variation\Male\icon_RearHair_p04.png","64","64","Generator\Variation\Male\icon_RearHair_p04.png"
"99_角色產生器零件","RTP基本素材","99_角色產生器零件\RTP基本素材\Variation\Male\icon_RearHair_p05.png","64","64","Generator\Variation\Male\icon_RearHair_p05.png"
"99_角色產生器零件","RTP基本素材","99_角色產生器零件\RTP基本素材\Variation\Male\icon_RearHair_p06.png","64","64","Generator\Variation\Male\icon_RearHair_p06.png"
"99_角色產生器零件","RTP基本素材","99_角色產生器零件\RTP基本素材\Variation\Male\icon_RearHair_p07.png","64","64","Generator\Variation\Male\icon_RearHair_p07.png"
"99_角色產生器零件","RTP基本素材","99_角色產生器零件\RTP基本素材\Variation\Male\icon_RearHair_p08.png","64","64","Generator\Variation\Male\icon_RearHair_p08.png"
"99_角色產生器零件","RTP基本素材","99_角色產生器零件\RTP基本素材\Variation\Male\icon_RearHair_p09.png","64","64","Generator\Variation\Male\icon_RearHair_p09.png"
"99_角色產生器零件","RTP基本素材","99_角色產生器零件\RTP基本素材\Variation\Male\icon_RearHair_p10.png","64","64","Generator\Variation\Male\icon_RearHair_p10.png"
"99_角色產生器零件","RTP基本素材","99_角色產生器零件\RTP基本素材\Variation\Male\icon_RearHair_p11.png","64","64","Generator\Variation\Male\icon_RearHair_p11.png"
"99_角色產生器零件","RTP基本素材","99_角色產生器零件\RTP基本素材\Variation\Male\icon_RearHair_p12.png","64","64","Generator\Variation\Male\icon_RearHair_p12.png"
"99_角色產生器零件","RTP基本素材","99_角色產生器零件\RTP基本素材\Variation\Male\icon_RearHair_p13.png","64","64","Generator\Variation\Male\icon_RearHair_p13.png"
"99_角色產生器零件","RTP基本素材","99_角色產生器零件\RTP基本素材\Variation\Male\icon_RearHair_p14.png","64","64","Generator\Variation\Male\icon_RearHair_p14.png"
"99_角色產生器零件","RTP基本素材","99_角色產生器零件\RTP基本素材\Variation\Male\icon_RearHair_p15.png","64","64","Generator\Variation\Male\icon_RearHair_p15.png"
"99_角色產生器零件","RTP基本素材","99_角色產生器零件\RTP基本素材\Variation\Male\icon_RearHair_p16.png","64","64","Generator\Variation\Male\icon_RearHair_p16.png"
"99_角色產生器零件","RTP基本素材","99_角色產生器零件\RTP基本素材\Variation\Male\icon_RearHair_p17.png","64","64","Generator\Variation\Male\icon_RearHair_p17.png"
"99_角色產生器零件","RTP基本素材","99_角色產生器零件\RTP基本素材\Variation\Male\icon_RearHair_p18.png","64","64","Generator\Variation\Male\icon_RearHair_p18.png"
"99_角色產生器零件","RTP基本素材","99_角色產生器零件\RTP基本素材\Variation\Male\icon_Tail_p01.png","64","64","Generator\Variation\Male\icon_Tail_p01.png"
"99_角色產生器零件","RTP基本素材","99_角色產生器零件\RTP基本素材\Variation\Male\icon_Wing_p01.png","64","64","Generator\Variation\Male\icon_Wing_p01.png"
"99_角色產生器零件","RTP基本素材","99_角色產生器零件\RTP基本素材\Variation\Male\icon_Wing_p02.png","64","64","Generator\Variation\Male\icon_Wing_p02.png"
"99_角色產生器零件","RTP基本素材","99_角色產生器零件\RTP基本素材\gradients.png","256","280","Generator\gradients.png"
"99_角色產生器零件","現代風產生器","99_角色產生器零件\現代風產生器\TV\Female\TV_Body_p01.png","144","192","dlc\Modern_Generator\modern_body\Generator\TV\Female\TV_Body_p01.png"
"99_角色產生器零件","現代風產生器","99_角色產生器零件\現代風產生器\TV\Female\TV_Body_p01_c.png","144","192","dlc\Modern_Generator\modern_body\Generator\TV\Female\TV_Body_p01_c.png"
"99_角色產生器零件","現代風產生器","99_角色產生器零件\現代風產生器\TV\Male\TV_Body_p01.png","144","192","dlc\Modern_Generator\modern_body\Generator\TV\Male\TV_Body_p01.png"
"99_角色產生器零件","現代風產生器","99_角色產生器零件\現代風產生器\TV\Male\TV_Body_p01_c.png","144","192","dlc\Modern_Generator\modern_body\Generator\TV\Male\TV_Body_p01_c.png"
"99_角色產生器零件","現代風產生器","99_角色產生器零件\現代風產生器\Face\Female\FG_AccA_p08_c1_m013.png","144","144","dlc\Modern_Generator\parts\Generator\Face\Female\FG_AccA_p08_c1_m013.png"
"99_角色產生器零件","現代風產生器","99_角色產生器零件\現代風產生器\Face\Female\FG_AccA_p09_c1_m013.png","144","144","dlc\Modern_Generator\parts\Generator\Face\Female\FG_AccA_p09_c1_m013.png"
"99_角色產生器零件","現代風產生器","99_角色產生器零件\現代風產生器\Face\Female\FG_AccA_p09_c2_m014.png","144","144","dlc\Modern_Generator\parts\Generator\Face\Female\FG_AccA_p09_c2_m014.png"
"99_角色產生器零件","現代風產生器","99_角色產生器零件\現代風產生器\Face\Female\FG_AccA_p10_c1_m013.png","144","144","dlc\Modern_Generator\parts\Generator\Face\Female\FG_AccA_p10_c1_m013.png"
"99_角色產生器零件","現代風產生器","99_角色產生器零件\現代風產生器\Face\Female\FG_AccA_p10_c2_m013.png","144","144","dlc\Modern_Generator\parts\Generator\Face\Female\FG_AccA_p10_c2_m013.png"
"99_角色產生器零件","現代風產生器","99_角色產生器零件\現代風產生器\Face\Female\FG_AccA_p11_c1_m014.png","144","144","dlc\Modern_Generator\parts\Generator\Face\Female\FG_AccA_p11_c1_m014.png"
"99_角色產生器零件","現代風產生器","99_角色產生器零件\現代風產生器\Face\Female\FG_AccA_p11_c2_m013.png","144","144","dlc\Modern_Generator\parts\Generator\Face\Female\FG_AccA_p11_c2_m013.png"
"99_角色產生器零件","現代風產生器","99_角色產生器零件\現代風產生器\Face\Female\FG_AccA_p12_c1_m013.png","144","144","dlc\Modern_Generator\parts\Generator\Face\Female\FG_AccA_p12_c1_m013.png"
"99_角色產生器零件","現代風產生器","99_角色產生器零件\現代風產生器\Face\Female\FG_AccA_p13_c1_m013.png","144","144","dlc\Modern_Generator\parts\Generator\Face\Female\FG_AccA_p13_c1_m013.png"
"99_角色產生器零件","現代風產生器","99_角色產生器零件\現代風產生器\Face\Female\FG_AccA_p13_c2_m014.png","144","144","dlc\Modern_Generator\parts\Generator\Face\Female\FG_AccA_p13_c2_m014.png"
"99_角色產生器零件","現代風產生器","99_角色產生器零件\現代風產生器\Face\Female\FG_AccA_p13_c3_m015.png","144","144","dlc\Modern_Generator\parts\Generator\Face\Female\FG_AccA_p13_c3_m015.png"
"99_角色產生器零件","現代風產生器","99_角色產生器零件\現代風產生器\Face\Female\FG_AccA_p14_c1_m013.png","144","144","dlc\Modern_Generator\parts\Generator\Face\Female\FG_AccA_p14_c1_m013.png"
"99_角色產生器零件","現代風產生器","99_角色產生器零件\現代風產生器\Face\Female\FG_AccA_p14_c2_m014.png","144","144","dlc\Modern_Generator\parts\Generator\Face\Female\FG_AccA_p14_c2_m014.png"
"99_角色產生器零件","現代風產生器","99_角色產生器零件\現代風產生器\Face\Female\FG_AccA_p14_c3_m015.png","144","144","dlc\Modern_Generator\parts\Generator\Face\Female\FG_AccA_p14_c3_m015.png"
"99_角色產生器零件","現代風產生器","99_角色產生器零件\現代風產生器\Face\Female\FG_AccB_p11_c1_m016.png","144","144","dlc\Modern_Generator\parts\Generator\Face\Female\FG_AccB_p11_c1_m016.png"
"99_角色產生器零件","現代風產生器","99_角色產生器零件\現代風產生器\Face\Female\FG_AccB_p12_c1_m017.png","144","144","dlc\Modern_Generator\parts\Generator\Face\Female\FG_AccB_p12_c1_m017.png"
"99_角色產生器零件","現代風產生器","99_角色產生器零件\現代風產生器\Face\Female\FG_AccB_p12_c2_m016.png","144","144","dlc\Modern_Generator\parts\Generator\Face\Female\FG_AccB_p12_c2_m016.png"
"99_角色產生器零件","現代風產生器","99_角色產生器零件\現代風產生器\Face\Female\FG_AccB_p13_c1_m017.png","144","144","dlc\Modern_Generator\parts\Generator\Face\Female\FG_AccB_p13_c1_m017.png"
"99_角色產生器零件","現代風產生器","99_角色產生器零件\現代風產生器\Face\Female\FG_AccB_p13_c2_m016.png","144","144","dlc\Modern_Generator\parts\Generator\Face\Female\FG_AccB_p13_c2_m016.png"
"99_角色產生器零件","現代風產生器","99_角色產生器零件\現代風產生器\Face\Female\FG_AccB_p14_c1_m017.png","144","144","dlc\Modern_Generator\parts\Generator\Face\Female\FG_AccB_p14_c1_m017.png"
"99_角色產生器零件","現代風產生器","99_角色產生器零件\現代風產生器\Face\Female\FG_AccB_p14_c2_m017.png","144","144","dlc\Modern_Generator\parts\Generator\Face\Female\FG_AccB_p14_c2_m017.png"
"99_角色產生器零件","現代風產生器","99_角色產生器零件\現代風產生器\Face\Female\FG_AccB_p14_c3_m016.png","144","144","dlc\Modern_Generator\parts\Generator\Face\Female\FG_AccB_p14_c3_m016.png"
"99_角色產生器零件","現代風產生器","99_角色產生器零件\現代風產生器\Face\Female\FG_AccB_p15_c1_m016.png","144","144","dlc\Modern_Generator\parts\Generator\Face\Female\FG_AccB_p15_c1_m016.png"
"99_角色產生器零件","現代風產生器","99_角色產生器零件\現代風產生器\Face\Female\FG_AccB_p16_c1_m017.png","144","144","dlc\Modern_Generator\parts\Generator\Face\Female\FG_AccB_p16_c1_m017.png"
"99_角色產生器零件","現代風產生器","99_角色產生器零件\現代風產生器\Face\Female\FG_AccB_p16_c2_m016.png","144","144","dlc\Modern_Generator\parts\Generator\Face\Female\FG_AccB_p16_c2_m016.png"
"99_角色產生器零件","現代風產生器","99_角色產生器零件\現代風產生器\Face\Female\FG_Clothing1_p28_c1_m008.png","144","144","dlc\Modern_Generator\parts\Generator\Face\Female\FG_Clothing1_p28_c1_m008.png"
"99_角色產生器零件","現代風產生器","99_角色產生器零件\現代風產生器\Face\Female\FG_Clothing1_p28_c2_m007.png","144","144","dlc\Modern_Generator\parts\Generator\Face\Female\FG_Clothing1_p28_c2_m007.png"
"99_角色產生器零件","現代風產生器","99_角色產生器零件\現代風產生器\Face\Female\FG_Clothing2_p27_c1_m008.png","144","144","dlc\Modern_Generator\parts\Generator\Face\Female\FG_Clothing2_p27_c1_m008.png"
"99_角色產生器零件","現代風產生器","99_角色產生器零件\現代風產生器\Face\Female\FG_Clothing2_p27_c2_m007.png","144","144","dlc\Modern_Generator\parts\Generator\Face\Female\FG_Clothing2_p27_c2_m007.png"
"99_角色產生器零件","現代風產生器","99_角色產生器零件\現代風產生器\Face\Female\FG_Clothing2_p28_c1_m008.png","144","144","dlc\Modern_Generator\parts\Generator\Face\Female\FG_Clothing2_p28_c1_m008.png"
"99_角色產生器零件","現代風產生器","99_角色產生器零件\現代風產生器\Face\Female\FG_Clothing2_p28_c2_m007.png","144","144","dlc\Modern_Generator\parts\Generator\Face\Female\FG_Clothing2_p28_c2_m007.png"
"99_角色產生器零件","現代風產生器","99_角色產生器零件\現代風產生器\Face\Female\FG_Clothing2_p29_c1_m007.png","144","144","dlc\Modern_Generator\parts\Generator\Face\Female\FG_Clothing2_p29_c1_m007.png"
"99_角色產生器零件","現代風產生器","99_角色產生器零件\現代風產生器\Face\Female\FG_Clothing2_p30_c1_m007.png","144","144","dlc\Modern_Generator\parts\Generator\Face\Female\FG_Clothing2_p30_c1_m007.png"
"99_角色產生器零件","現代風產生器","99_角色產生器零件\現代風產生器\Face\Female\FG_Clothing2_p31_c1_m008.png","144","144","dlc\Modern_Generator\parts\Generator\Face\Female\FG_Clothing2_p31_c1_m008.png"
"99_角色產生器零件","現代風產生器","99_角色產生器零件\現代風產生器\Face\Female\FG_Clothing2_p31_c2_m007.png","144","144","dlc\Modern_Generator\parts\Generator\Face\Female\FG_Clothing2_p31_c2_m007.png"
"99_角色產生器零件","現代風產生器","99_角色產生器零件\現代風產生器\Face\Female\FG_Clothing2_p32_c1_m008.png","144","144","dlc\Modern_Generator\parts\Generator\Face\Female\FG_Clothing2_p32_c1_m008.png"
"99_角色產生器零件","現代風產生器","99_角色產生器零件\現代風產生器\Face\Female\FG_Clothing2_p32_c2_m007.png","144","144","dlc\Modern_Generator\parts\Generator\Face\Female\FG_Clothing2_p32_c2_m007.png"
"99_角色產生器零件","現代風產生器","99_角色產生器零件\現代風產生器\Face\Female\FG_Clothing2_p33_c1_m008.png","144","144","dlc\Modern_Generator\parts\Generator\Face\Female\FG_Clothing2_p33_c1_m008.png"
"99_角色產生器零件","現代風產生器","99_角色產生器零件\現代風產生器\Face\Female\FG_Clothing2_p33_c2.png","144","144","dlc\Modern_Generator\parts\Generator\Face\Female\FG_Clothing2_p33_c2.png"
"99_角色產生器零件","現代風產生器","99_角色產生器零件\現代風產生器\Face\Female\FG_Clothing2_p33_c3_m007.png","144","144","dlc\Modern_Generator\parts\Generator\Face\Female\FG_Clothing2_p33_c3_m007.png"
"99_角色產生器零件","現代風產生器","99_角色產生器零件\現代風產生器\Face\Female\FG_Clothing2_p34_c1.png","144","144","dlc\Modern_Generator\parts\Generator\Face\Female\FG_Clothing2_p34_c1.png"
"99_角色產生器零件","現代風產生器","99_角色產生器零件\現代風產生器\Face\Female\FG_Clothing2_p34_c2_m008.png","144","144","dlc\Modern_Generator\parts\Generator\Face\Female\FG_Clothing2_p34_c2_m008.png"
"99_角色產生器零件","現代風產生器","99_角色產生器零件\現代風產生器\Face\Female\FG_Clothing2_p34_c3_m007.png","144","144","dlc\Modern_Generator\parts\Generator\Face\Female\FG_Clothing2_p34_c3_m007.png"
"99_角色產生器零件","現代風產生器","99_角色產生器零件\現代風產生器\Face\Female\FG_Clothing2_p35_c1_m008.png","144","144","dlc\Modern_Generator\parts\Generator\Face\Female\FG_Clothing2_p35_c1_m008.png"
"99_角色產生器零件","現代風產生器","99_角色產生器零件\現代風產生器\Face\Female\FG_Clothing2_p35_c2_m007.png","144","144","dlc\Modern_Generator\parts\Generator\Face\Female\FG_Clothing2_p35_c2_m007.png"
"99_角色產生器零件","現代風產生器","99_角色產生器零件\現代風產生器\Face\Female\FG_Clothing2_p36_c1_m007.png","144","144","dlc\Modern_Generator\parts\Generator\Face\Female\FG_Clothing2_p36_c1_m007.png"
"99_角色產生器零件","現代風產生器","99_角色產生器零件\現代風產生器\Face\Female\FG_Clothing2_p36_c2_m007.png","144","144","dlc\Modern_Generator\parts\Generator\Face\Female\FG_Clothing2_p36_c2_m007.png"
"99_角色產生器零件","現代風產生器","99_角色產生器零件\現代風產生器\Face\Female\FG_Clothing2_p36_c3_m008.png","144","144","dlc\Modern_Generator\parts\Generator\Face\Female\FG_Clothing2_p36_c3_m008.png"
"99_角色產生器零件","現代風產生器","99_角色產生器零件\現代風產生器\Face\Female\FG_Clothing2_p37_c1_m007.png","144","144","dlc\Modern_Generator\parts\Generator\Face\Female\FG_Clothing2_p37_c1_m007.png"
"99_角色產生器零件","現代風產生器","99_角色產生器零件\現代風產生器\Face\Female\FG_Clothing2_p37_c2_m008.png","144","144","dlc\Modern_Generator\parts\Generator\Face\Female\FG_Clothing2_p37_c2_m008.png"
"99_角色產生器零件","現代風產生器","99_角色產生器零件\現代風產生器\Face\Female\FG_Clothing2_p37_c3.png","144","144","dlc\Modern_Generator\parts\Generator\Face\Female\FG_Clothing2_p37_c3.png"
"99_角色產生器零件","現代風產生器","99_角色產生器零件\現代風產生器\Face\Female\FG_Clothing2_p38_c1_m007.png","144","144","dlc\Modern_Generator\parts\Generator\Face\Female\FG_Clothing2_p38_c1_m007.png"
"99_角色產生器零件","現代風產生器","99_角色產生器零件\現代風產生器\Face\Female\FG_Clothing2_p38_c2_m008.png","144","144","dlc\Modern_Generator\parts\Generator\Face\Female\FG_Clothing2_p38_c2_m008.png"
"99_角色產生器零件","現代風產生器","99_角色產生器零件\現代風產生器\Face\Female\FG_Clothing2_p39_c1_m007.png","144","144","dlc\Modern_Generator\parts\Generator\Face\Female\FG_Clothing2_p39_c1_m007.png"
"99_角色產生器零件","現代風產生器","99_角色產生器零件\現代風產生器\Face\Female\FG_Clothing2_p39_c2.png","144","144","dlc\Modern_Generator\parts\Generator\Face\Female\FG_Clothing2_p39_c2.png"
"99_角色產生器零件","現代風產生器","99_角色產生器零件\現代風產生器\Face\Female\FG_Clothing2_p40_c1_m007.png","144","144","dlc\Modern_Generator\parts\Generator\Face\Female\FG_Clothing2_p40_c1_m007.png"
"99_角色產生器零件","現代風產生器","99_角色產生器零件\現代風產生器\Face\Female\FG_Clothing2_p40_c2_m007.png","144","144","dlc\Modern_Generator\parts\Generator\Face\Female\FG_Clothing2_p40_c2_m007.png"
"99_角色產生器零件","現代風產生器","99_角色產生器零件\現代風產生器\Face\Female\FG_Clothing2_p40_c3_m007.png","144","144","dlc\Modern_Generator\parts\Generator\Face\Female\FG_Clothing2_p40_c3_m007.png"
"99_角色產生器零件","現代風產生器","99_角色產生器零件\現代風產生器\Face\Female\FG_Clothing2_p41_c1_m008.png","144","144","dlc\Modern_Generator\parts\Generator\Face\Female\FG_Clothing2_p41_c1_m008.png"
"99_角色產生器零件","現代風產生器","99_角色產生器零件\現代風產生器\Face\Female\FG_Clothing2_p41_c2_m007.png","144","144","dlc\Modern_Generator\parts\Generator\Face\Female\FG_Clothing2_p41_c2_m007.png"
"99_角色產生器零件","現代風產生器","99_角色產生器零件\現代風產生器\Face\Female\FG_Clothing2_p42_c1_m008.png","144","144","dlc\Modern_Generator\parts\Generator\Face\Female\FG_Clothing2_p42_c1_m008.png"
"99_角色產生器零件","現代風產生器","99_角色產生器零件\現代風產生器\Face\Female\FG_Clothing2_p42_c2_m007.png","144","144","dlc\Modern_Generator\parts\Generator\Face\Female\FG_Clothing2_p42_c2_m007.png"
"99_角色產生器零件","現代風產生器","99_角色產生器零件\現代風產生器\Face\Female\FG_Clothing2_p43_c1_m007.png","144","144","dlc\Modern_Generator\parts\Generator\Face\Female\FG_Clothing2_p43_c1_m007.png"
"99_角色產生器零件","現代風產生器","99_角色產生器零件\現代風產生器\Face\Female\FG_Clothing2_p43_c2.png","144","144","dlc\Modern_Generator\parts\Generator\Face\Female\FG_Clothing2_p43_c2.png"
"99_角色產生器零件","現代風產生器","99_角色產生器零件\現代風產生器\Face\Female\FG_Clothing2_p43_c3_m007.png","144","144","dlc\Modern_Generator\parts\Generator\Face\Female\FG_Clothing2_p43_c3_m007.png"
"99_角色產生器零件","現代風產生器","99_角色產生器零件\現代風產生器\Face\Female\FG_Clothing2_p44_c1_m007.png","144","144","dlc\Modern_Generator\parts\Generator\Face\Female\FG_Clothing2_p44_c1_m007.png"
"99_角色產生器零件","現代風產生器","99_角色產生器零件\現代風產生器\Face\Female\FG_Clothing2_p44_c2_m007.png","144","144","dlc\Modern_Generator\parts\Generator\Face\Female\FG_Clothing2_p44_c2_m007.png"
"99_角色產生器零件","現代風產生器","99_角色產生器零件\現代風產生器\Face\Female\FG_Clothing2_p44_c3.png","144","144","dlc\Modern_Generator\parts\Generator\Face\Female\FG_Clothing2_p44_c3.png"
"99_角色產生器零件","現代風產生器","99_角色產生器零件\現代風產生器\Face\Female\FG_Clothing2_p45_c1.png","144","144","dlc\Modern_Generator\parts\Generator\Face\Female\FG_Clothing2_p45_c1.png"
"99_角色產生器零件","現代風產生器","99_角色產生器零件\現代風產生器\Face\Female\FG_Clothing2_p45_c2_m007.png","144","144","dlc\Modern_Generator\parts\Generator\Face\Female\FG_Clothing2_p45_c2_m007.png"
"99_角色產生器零件","現代風產生器","99_角色產生器零件\現代風產生器\Face\Female\FG_Clothing2_p46_c1_m007.png","144","144","dlc\Modern_Generator\parts\Generator\Face\Female\FG_Clothing2_p46_c1_m007.png"
"99_角色產生器零件","現代風產生器","99_角色產生器零件\現代風產生器\Face\Female\FG_Clothing2_p46_c2_m007.png","144","144","dlc\Modern_Generator\parts\Generator\Face\Female\FG_Clothing2_p46_c2_m007.png"
"99_角色產生器零件","現代風產生器","99_角色產生器零件\現代風產生器\Face\Female\FG_Clothing2_p46_c3_m007.png","144","144","dlc\Modern_Generator\parts\Generator\Face\Female\FG_Clothing2_p46_c3_m007.png"
"99_角色產生器零件","現代風產生器","99_角色產生器零件\現代風產生器\Face\Female\FG_Clothing2_p47_c1_m007.png","144","144","dlc\Modern_Generator\parts\Generator\Face\Female\FG_Clothing2_p47_c1_m007.png"
"99_角色產生器零件","現代風產生器","99_角色產生器零件\現代風產生器\Face\Female\FG_Clothing2_p47_c2_m007.png","144","144","dlc\Modern_Generator\parts\Generator\Face\Female\FG_Clothing2_p47_c2_m007.png"
"99_角色產生器零件","現代風產生器","99_角色產生器零件\現代風產生器\Face\Female\FG_Clothing2_p47_c3_m007.png","144","144","dlc\Modern_Generator\parts\Generator\Face\Female\FG_Clothing2_p47_c3_m007.png"
"99_角色產生器零件","現代風產生器","99_角色產生器零件\現代風產生器\Face\Female\FG_Clothing2_p48_c1_m007.png","144","144","dlc\Modern_Generator\parts\Generator\Face\Female\FG_Clothing2_p48_c1_m007.png"
"99_角色產生器零件","現代風產生器","99_角色產生器零件\現代風產生器\Face\Female\FG_Clothing2_p48_c2_m007.png","144","144","dlc\Modern_Generator\parts\Generator\Face\Female\FG_Clothing2_p48_c2_m007.png"
"99_角色產生器零件","現代風產生器","99_角色產生器零件\現代風產生器\Face\Female\FG_Clothing2_p48_c3_m007.png","144","144","dlc\Modern_Generator\parts\Generator\Face\Female\FG_Clothing2_p48_c3_m007.png"
"99_角色產生器零件","現代風產生器","99_角色產生器零件\現代風產生器\Face\Female\FG_Clothing2_p49_c1_m007.png","144","144","dlc\Modern_Generator\parts\Generator\Face\Female\FG_Clothing2_p49_c1_m007.png"
"99_角色產生器零件","現代風產生器","99_角色產生器零件\現代風產生器\Face\Female\FG_Clothing2_p49_c2_m008.png","144","144","dlc\Modern_Generator\parts\Generator\Face\Female\FG_Clothing2_p49_c2_m008.png"
"99_角色產生器零件","現代風產生器","99_角色產生器零件\現代風產生器\Face\Female\FG_Glasses_p07_c1_m020.png","144","144","dlc\Modern_Generator\parts\Generator\Face\Female\FG_Glasses_p07_c1_m020.png"
"99_角色產生器零件","現代風產生器","99_角色產生器零件\現代風產生器\Face\Male\FG_AccA_p13_c1_m013.png","144","144","dlc\Modern_Generator\parts\Generator\Face\Male\FG_AccA_p13_c1_m013.png"
"99_角色產生器零件","現代風產生器","99_角色產生器零件\現代風產生器\Face\Male\FG_AccA_p14_c1_m013.png","144","144","dlc\Modern_Generator\parts\Generator\Face\Male\FG_AccA_p14_c1_m013.png"
"99_角色產生器零件","現代風產生器","99_角色產生器零件\現代風產生器\Face\Male\FG_AccA_p14_c2_m014.png","144","144","dlc\Modern_Generator\parts\Generator\Face\Male\FG_AccA_p14_c2_m014.png"
"99_角色產生器零件","現代風產生器","99_角色產生器零件\現代風產生器\Face\Male\FG_AccA_p14_c3_m015.png","144","144","dlc\Modern_Generator\parts\Generator\Face\Male\FG_AccA_p14_c3_m015.png"
"99_角色產生器零件","現代風產生器","99_角色產生器零件\現代風產生器\Face\Male\FG_AccB_p09_c1_m016.png","144","144","dlc\Modern_Generator\parts\Generator\Face\Male\FG_AccB_p09_c1_m016.png"
"99_角色產生器零件","現代風產生器","99_角色產生器零件\現代風產生器\Face\Male\FG_AccB_p13_c1_m016.png","144","144","dlc\Modern_Generator\parts\Generator\Face\Male\FG_AccB_p13_c1_m016.png"
"99_角色產生器零件","現代風產生器","99_角色產生器零件\現代風產生器\Face\Male\FG_AccB_p14_c1_m017.png","144","144","dlc\Modern_Generator\parts\Generator\Face\Male\FG_AccB_p14_c1_m017.png"
"99_角色產生器零件","現代風產生器","99_角色產生器零件\現代風產生器\Face\Male\FG_AccB_p14_c2_m016.png","144","144","dlc\Modern_Generator\parts\Generator\Face\Male\FG_AccB_p14_c2_m016.png"
"99_角色產生器零件","現代風產生器","99_角色產生器零件\現代風產生器\Face\Male\FG_Clothing1_p25_c1_m008.png","144","144","dlc\Modern_Generator\parts\Generator\Face\Male\FG_Clothing1_p25_c1_m008.png"
"99_角色產生器零件","現代風產生器","99_角色產生器零件\現代風產生器\Face\Male\FG_Clothing1_p25_c2_m007.png","144","144","dlc\Modern_Generator\parts\Generator\Face\Male\FG_Clothing1_p25_c2_m007.png"
"99_角色產生器零件","現代風產生器","99_角色產生器零件\現代風產生器\Face\Male\FG_Clothing2_p24_c1_m008.png","144","144","dlc\Modern_Generator\parts\Generator\Face\Male\FG_Clothing2_p24_c1_m008.png"
"99_角色產生器零件","現代風產生器","99_角色產生器零件\現代風產生器\Face\Male\FG_Clothing2_p24_c2_m007.png","144","144","dlc\Modern_Generator\parts\Generator\Face\Male\FG_Clothing2_p24_c2_m007.png"
"99_角色產生器零件","現代風產生器","99_角色產生器零件\現代風產生器\Face\Male\FG_Clothing2_p25_c1_m008.png","144","144","dlc\Modern_Generator\parts\Generator\Face\Male\FG_Clothing2_p25_c1_m008.png"
"99_角色產生器零件","現代風產生器","99_角色產生器零件\現代風產生器\Face\Male\FG_Clothing2_p25_c2_m007.png","144","144","dlc\Modern_Generator\parts\Generator\Face\Male\FG_Clothing2_p25_c2_m007.png"
"99_角色產生器零件","現代風產生器","99_角色產生器零件\現代風產生器\Face\Male\FG_Clothing2_p26_c1_m008.png","144","144","dlc\Modern_Generator\parts\Generator\Face\Male\FG_Clothing2_p26_c1_m008.png"
"99_角色產生器零件","現代風產生器","99_角色產生器零件\現代風產生器\Face\Male\FG_Clothing2_p26_c2_m007.png","144","144","dlc\Modern_Generator\parts\Generator\Face\Male\FG_Clothing2_p26_c2_m007.png"
"99_角色產生器零件","現代風產生器","99_角色產生器零件\現代風產生器\Face\Male\FG_Clothing2_p27_c1_m008.png","144","144","dlc\Modern_Generator\parts\Generator\Face\Male\FG_Clothing2_p27_c1_m008.png"
"99_角色產生器零件","現代風產生器","99_角色產生器零件\現代風產生器\Face\Male\FG_Clothing2_p27_c2_m007.png","144","144","dlc\Modern_Generator\parts\Generator\Face\Male\FG_Clothing2_p27_c2_m007.png"
"99_角色產生器零件","現代風產生器","99_角色產生器零件\現代風產生器\Face\Male\FG_Clothing2_p28_c1_m008.png","144","144","dlc\Modern_Generator\parts\Generator\Face\Male\FG_Clothing2_p28_c1_m008.png"
"99_角色產生器零件","現代風產生器","99_角色產生器零件\現代風產生器\Face\Male\FG_Clothing2_p28_c2.png","144","144","dlc\Modern_Generator\parts\Generator\Face\Male\FG_Clothing2_p28_c2.png"
"99_角色產生器零件","現代風產生器","99_角色產生器零件\現代風產生器\Face\Male\FG_Clothing2_p28_c3_m007.png","144","144","dlc\Modern_Generator\parts\Generator\Face\Male\FG_Clothing2_p28_c3_m007.png"
"99_角色產生器零件","現代風產生器","99_角色產生器零件\現代風產生器\Face\Male\FG_Clothing2_p29_c1.png","144","144","dlc\Modern_Generator\parts\Generator\Face\Male\FG_Clothing2_p29_c1.png"
"99_角色產生器零件","現代風產生器","99_角色產生器零件\現代風產生器\Face\Male\FG_Clothing2_p29_c2_m008.png","144","144","dlc\Modern_Generator\parts\Generator\Face\Male\FG_Clothing2_p29_c2_m008.png"
"99_角色產生器零件","現代風產生器","99_角色產生器零件\現代風產生器\Face\Male\FG_Clothing2_p29_c3_m007.png","144","144","dlc\Modern_Generator\parts\Generator\Face\Male\FG_Clothing2_p29_c3_m007.png"
"99_角色產生器零件","現代風產生器","99_角色產生器零件\現代風產生器\Face\Male\FG_Clothing2_p30_c1_m008.png","144","144","dlc\Modern_Generator\parts\Generator\Face\Male\FG_Clothing2_p30_c1_m008.png"
"99_角色產生器零件","現代風產生器","99_角色產生器零件\現代風產生器\Face\Male\FG_Clothing2_p30_c2_m007.png","144","144","dlc\Modern_Generator\parts\Generator\Face\Male\FG_Clothing2_p30_c2_m007.png"
"99_角色產生器零件","現代風產生器","99_角色產生器零件\現代風產生器\Face\Male\FG_Clothing2_p31_c1_m007.png","144","144","dlc\Modern_Generator\parts\Generator\Face\Male\FG_Clothing2_p31_c1_m007.png"
"99_角色產生器零件","現代風產生器","99_角色產生器零件\現代風產生器\Face\Male\FG_Clothing2_p31_c2_m007.png","144","144","dlc\Modern_Generator\parts\Generator\Face\Male\FG_Clothing2_p31_c2_m007.png"
"99_角色產生器零件","現代風產生器","99_角色產生器零件\現代風產生器\Face\Male\FG_Clothing2_p31_c3_m008.png","144","144","dlc\Modern_Generator\parts\Generator\Face\Male\FG_Clothing2_p31_c3_m008.png"
"99_角色產生器零件","現代風產生器","99_角色產生器零件\現代風產生器\Face\Male\FG_Clothing2_p32_c1_m007.png","144","144","dlc\Modern_Generator\parts\Generator\Face\Male\FG_Clothing2_p32_c1_m007.png"
"99_角色產生器零件","現代風產生器","99_角色產生器零件\現代風產生器\Face\Male\FG_Clothing2_p32_c2.png","144","144","dlc\Modern_Generator\parts\Generator\Face\Male\FG_Clothing2_p32_c2.png"
"99_角色產生器零件","現代風產生器","99_角色產生器零件\現代風產生器\Face\Male\FG_Clothing2_p32_c3_m008.png","144","144","dlc\Modern_Generator\parts\Generator\Face\Male\FG_Clothing2_p32_c3_m008.png"
"99_角色產生器零件","現代風產生器","99_角色產生器零件\現代風產生器\Face\Male\FG_Clothing2_p33_c1_m007.png","144","144","dlc\Modern_Generator\parts\Generator\Face\Male\FG_Clothing2_p33_c1_m007.png"
"99_角色產生器零件","現代風產生器","99_角色產生器零件\現代風產生器\Face\Male\FG_Clothing2_p33_c2_m008.png","144","144","dlc\Modern_Generator\parts\Generator\Face\Male\FG_Clothing2_p33_c2_m008.png"
"99_角色產生器零件","現代風產生器","99_角色產生器零件\現代風產生器\Face\Male\FG_Clothing2_p33_c3_m008.png","144","144","dlc\Modern_Generator\parts\Generator\Face\Male\FG_Clothing2_p33_c3_m008.png"
"99_角色產生器零件","現代風產生器","99_角色產生器零件\現代風產生器\Face\Male\FG_Clothing2_p34_c1_m007.png","144","144","dlc\Modern_Generator\parts\Generator\Face\Male\FG_Clothing2_p34_c1_m007.png"
"99_角色產生器零件","現代風產生器","99_角色產生器零件\現代風產生器\Face\Male\FG_Clothing2_p34_c2.png","144","144","dlc\Modern_Generator\parts\Generator\Face\Male\FG_Clothing2_p34_c2.png"
"99_角色產生器零件","現代風產生器","99_角色產生器零件\現代風產生器\Face\Male\FG_Clothing2_p35_c1_m008.png","144","144","dlc\Modern_Generator\parts\Generator\Face\Male\FG_Clothing2_p35_c1_m008.png"
"99_角色產生器零件","現代風產生器","99_角色產生器零件\現代風產生器\Face\Male\FG_Clothing2_p35_c2_m007.png","144","144","dlc\Modern_Generator\parts\Generator\Face\Male\FG_Clothing2_p35_c2_m007.png"
"99_角色產生器零件","現代風產生器","99_角色產生器零件\現代風產生器\Face\Male\FG_Clothing2_p36_c1_m008.png","144","144","dlc\Modern_Generator\parts\Generator\Face\Male\FG_Clothing2_p36_c1_m008.png"
"99_角色產生器零件","現代風產生器","99_角色產生器零件\現代風產生器\Face\Male\FG_Clothing2_p36_c2_m007.png","144","144","dlc\Modern_Generator\parts\Generator\Face\Male\FG_Clothing2_p36_c2_m007.png"
"99_角色產生器零件","現代風產生器","99_角色產生器零件\現代風產生器\Face\Male\FG_Clothing2_p37_c1_m007.png","144","144","dlc\Modern_Generator\parts\Generator\Face\Male\FG_Clothing2_p37_c1_m007.png"
"99_角色產生器零件","現代風產生器","99_角色產生器零件\現代風產生器\Face\Male\FG_Clothing2_p37_c2.png","144","144","dlc\Modern_Generator\parts\Generator\Face\Male\FG_Clothing2_p37_c2.png"
"99_角色產生器零件","現代風產生器","99_角色產生器零件\現代風產生器\Face\Male\FG_Clothing2_p37_c3_m007.png","144","144","dlc\Modern_Generator\parts\Generator\Face\Male\FG_Clothing2_p37_c3_m007.png"
"99_角色產生器零件","現代風產生器","99_角色產生器零件\現代風產生器\Face\Male\FG_Clothing2_p38_c1_m007.png","144","144","dlc\Modern_Generator\parts\Generator\Face\Male\FG_Clothing2_p38_c1_m007.png"
"99_角色產生器零件","現代風產生器","99_角色產生器零件\現代風產生器\Face\Male\FG_Clothing2_p38_c2_m007.png","144","144","dlc\Modern_Generator\parts\Generator\Face\Male\FG_Clothing2_p38_c2_m007.png"
"99_角色產生器零件","現代風產生器","99_角色產生器零件\現代風產生器\Face\Male\FG_Clothing2_p38_c3.png","144","144","dlc\Modern_Generator\parts\Generator\Face\Male\FG_Clothing2_p38_c3.png"
"99_角色產生器零件","現代風產生器","99_角色產生器零件\現代風產生器\Face\Male\FG_Clothing2_p39_c1.png","144","144","dlc\Modern_Generator\parts\Generator\Face\Male\FG_Clothing2_p39_c1.png"
"99_角色產生器零件","現代風產生器","99_角色產生器零件\現代風產生器\Face\Male\FG_Clothing2_p39_c2_m007.png","144","144","dlc\Modern_Generator\parts\Generator\Face\Male\FG_Clothing2_p39_c2_m007.png"
"99_角色產生器零件","現代風產生器","99_角色產生器零件\現代風產生器\Face\Male\FG_Clothing2_p40_c1_m007.png","144","144","dlc\Modern_Generator\parts\Generator\Face\Male\FG_Clothing2_p40_c1_m007.png"
"99_角色產生器零件","現代風產生器","99_角色產生器零件\現代風產生器\Face\Male\FG_Clothing2_p40_c2_m007.png","144","144","dlc\Modern_Generator\parts\Generator\Face\Male\FG_Clothing2_p40_c2_m007.png"
"99_角色產生器零件","現代風產生器","99_角色產生器零件\現代風產生器\Face\Male\FG_Clothing2_p40_c3_m007.png","144","144","dlc\Modern_Generator\parts\Generator\Face\Male\FG_Clothing2_p40_c3_m007.png"
"99_角色產生器零件","現代風產生器","99_角色產生器零件\現代風產生器\Face\Male\FG_Clothing2_p41_c1_m007.png","144","144","dlc\Modern_Generator\parts\Generator\Face\Male\FG_Clothing2_p41_c1_m007.png"
"99_角色產生器零件","現代風產生器","99_角色產生器零件\現代風產生器\Face\Male\FG_Clothing2_p41_c2_m007.png","144","144","dlc\Modern_Generator\parts\Generator\Face\Male\FG_Clothing2_p41_c2_m007.png"
"99_角色產生器零件","現代風產生器","99_角色產生器零件\現代風產生器\Face\Male\FG_Clothing2_p41_c3_m007.png","144","144","dlc\Modern_Generator\parts\Generator\Face\Male\FG_Clothing2_p41_c3_m007.png"
"99_角色產生器零件","現代風產生器","99_角色產生器零件\現代風產生器\Face\Male\FG_Clothing2_p42_c1_m007.png","144","144","dlc\Modern_Generator\parts\Generator\Face\Male\FG_Clothing2_p42_c1_m007.png"
"99_角色產生器零件","現代風產生器","99_角色產生器零件\現代風產生器\Face\Male\FG_Clothing2_p42_c2_m007.png","144","144","dlc\Modern_Generator\parts\Generator\Face\Male\FG_Clothing2_p42_c2_m007.png"
"99_角色產生器零件","現代風產生器","99_角色產生器零件\現代風產生器\Face\Male\FG_Clothing2_p42_c3_m007.png","144","144","dlc\Modern_Generator\parts\Generator\Face\Male\FG_Clothing2_p42_c3_m007.png"
"99_角色產生器零件","現代風產生器","99_角色產生器零件\現代風產生器\Face\Male\FG_Clothing2_p43_c1_m007.png","144","144","dlc\Modern_Generator\parts\Generator\Face\Male\FG_Clothing2_p43_c1_m007.png"
"99_角色產生器零件","現代風產生器","99_角色產生器零件\現代風產生器\Face\Male\FG_Clothing2_p43_c2_m008.png","144","144","dlc\Modern_Generator\parts\Generator\Face\Male\FG_Clothing2_p43_c2_m008.png"
"99_角色產生器零件","現代風產生器","99_角色產生器零件\現代風產生器\Face\Male\FG_Glasses_p06_c1_m020.png","144","144","dlc\Modern_Generator\parts\Generator\Face\Male\FG_Glasses_p06_c1_m020.png"
"99_角色產生器零件","現代風產生器","99_角色產生器零件\現代風產生器\SV\Female\SV_AccA_p08.png","576","384","dlc\Modern_Generator\parts\Generator\SV\Female\SV_AccA_p08.png"
"99_角色產生器零件","現代風產生器","99_角色產生器零件\現代風產生器\SV\Female\SV_AccA_p08_c.png","576","384","dlc\Modern_Generator\parts\Generator\SV\Female\SV_AccA_p08_c.png"
"99_角色產生器零件","現代風產生器","99_角色產生器零件\現代風產生器\SV\Female\SV_AccA_p09.png","576","384","dlc\Modern_Generator\parts\Generator\SV\Female\SV_AccA_p09.png"
"99_角色產生器零件","現代風產生器","99_角色產生器零件\現代風產生器\SV\Female\SV_AccA_p09_c.png","576","384","dlc\Modern_Generator\parts\Generator\SV\Female\SV_AccA_p09_c.png"
"99_角色產生器零件","現代風產生器","99_角色產生器零件\現代風產生器\SV\Female\SV_AccA_p10.png","576","384","dlc\Modern_Generator\parts\Generator\SV\Female\SV_AccA_p10.png"
"99_角色產生器零件","現代風產生器","99_角色產生器零件\現代風產生器\SV\Female\SV_AccA_p10_c.png","576","384","dlc\Modern_Generator\parts\Generator\SV\Female\SV_AccA_p10_c.png"
"99_角色產生器零件","現代風產生器","99_角色產生器零件\現代風產生器\SV\Female\SV_AccA_p11.png","576","384","dlc\Modern_Generator\parts\Generator\SV\Female\SV_AccA_p11.png"
"99_角色產生器零件","現代風產生器","99_角色產生器零件\現代風產生器\SV\Female\SV_AccA_p11_c.png","576","384","dlc\Modern_Generator\parts\Generator\SV\Female\SV_AccA_p11_c.png"
"99_角色產生器零件","現代風產生器","99_角色產生器零件\現代風產生器\SV\Female\SV_AccA_p12.png","576","384","dlc\Modern_Generator\parts\Generator\SV\Female\SV_AccA_p12.png"
"99_角色產生器零件","現代風產生器","99_角色產生器零件\現代風產生器\SV\Female\SV_AccA_p12_c.png","576","384","dlc\Modern_Generator\parts\Generator\SV\Female\SV_AccA_p12_c.png"
"99_角色產生器零件","現代風產生器","99_角色產生器零件\現代風產生器\SV\Female\SV_AccA_p13.png","576","384","dlc\Modern_Generator\parts\Generator\SV\Female\SV_AccA_p13.png"
"99_角色產生器零件","現代風產生器","99_角色產生器零件\現代風產生器\SV\Female\SV_AccA_p13_c.png","576","384","dlc\Modern_Generator\parts\Generator\SV\Female\SV_AccA_p13_c.png"
"99_角色產生器零件","現代風產生器","99_角色產生器零件\現代風產生器\SV\Female\SV_AccA_p14.png","576","384","dlc\Modern_Generator\parts\Generator\SV\Female\SV_AccA_p14.png"
"99_角色產生器零件","現代風產生器","99_角色產生器零件\現代風產生器\SV\Female\SV_AccA_p14_c.png","576","384","dlc\Modern_Generator\parts\Generator\SV\Female\SV_AccA_p14_c.png"
"99_角色產生器零件","現代風產生器","99_角色產生器零件\現代風產生器\SV\Female\SV_AccB_p11.png","576","384","dlc\Modern_Generator\parts\Generator\SV\Female\SV_AccB_p11.png"
"99_角色產生器零件","現代風產生器","99_角色產生器零件\現代風產生器\SV\Female\SV_AccB_p11_c.png","576","384","dlc\Modern_Generator\parts\Generator\SV\Female\SV_AccB_p11_c.png"
"99_角色產生器零件","現代風產生器","99_角色產生器零件\現代風產生器\SV\Female\SV_AccB_p12.png","576","384","dlc\Modern_Generator\parts\Generator\SV\Female\SV_AccB_p12.png"
"99_角色產生器零件","現代風產生器","99_角色產生器零件\現代風產生器\SV\Female\SV_AccB_p12_c.png","576","384","dlc\Modern_Generator\parts\Generator\SV\Female\SV_AccB_p12_c.png"
"99_角色產生器零件","現代風產生器","99_角色產生器零件\現代風產生器\SV\Female\SV_AccB_p13.png","576","384","dlc\Modern_Generator\parts\Generator\SV\Female\SV_AccB_p13.png"
"99_角色產生器零件","現代風產生器","99_角色產生器零件\現代風產生器\SV\Female\SV_AccB_p13_c.png","576","384","dlc\Modern_Generator\parts\Generator\SV\Female\SV_AccB_p13_c.png"
"99_角色產生器零件","現代風產生器","99_角色產生器零件\現代風產生器\SV\Female\SV_AccB_p14.png","576","384","dlc\Modern_Generator\parts\Generator\SV\Female\SV_AccB_p14.png"
"99_角色產生器零件","現代風產生器","99_角色產生器零件\現代風產生器\SV\Female\SV_AccB_p14_c.png","576","384","dlc\Modern_Generator\parts\Generator\SV\Female\SV_AccB_p14_c.png"
"99_角色產生器零件","現代風產生器","99_角色產生器零件\現代風產生器\SV\Female\SV_AccB_p15.png","576","384","dlc\Modern_Generator\parts\Generator\SV\Female\SV_AccB_p15.png"
"99_角色產生器零件","現代風產生器","99_角色產生器零件\現代風產生器\SV\Female\SV_AccB_p15_c.png","576","384","dlc\Modern_Generator\parts\Generator\SV\Female\SV_AccB_p15_c.png"
"99_角色產生器零件","現代風產生器","99_角色產生器零件\現代風產生器\SV\Female\SV_AccB_p16.png","576","384","dlc\Modern_Generator\parts\Generator\SV\Female\SV_AccB_p16.png"
"99_角色產生器零件","現代風產生器","99_角色產生器零件\現代風產生器\SV\Female\SV_AccB_p16_c.png","576","384","dlc\Modern_Generator\parts\Generator\SV\Female\SV_AccB_p16_c.png"
"99_角色產生器零件","現代風產生器","99_角色產生器零件\現代風產生器\SV\Female\SV_Clothing1_p27.png","576","384","dlc\Modern_Generator\parts\Generator\SV\Female\SV_Clothing1_p27.png"
"99_角色產生器零件","現代風產生器","99_角色產生器零件\現代風產生器\SV\Female\SV_Clothing1_p27_c.png","576","384","dlc\Modern_Generator\parts\Generator\SV\Female\SV_Clothing1_p27_c.png"
"99_角色產生器零件","現代風產生器","99_角色產生器零件\現代風產生器\SV\Female\SV_Clothing1_p28.png","576","384","dlc\Modern_Generator\parts\Generator\SV\Female\SV_Clothing1_p28.png"
"99_角色產生器零件","現代風產生器","99_角色產生器零件\現代風產生器\SV\Female\SV_Clothing1_p28_c.png","576","384","dlc\Modern_Generator\parts\Generator\SV\Female\SV_Clothing1_p28_c.png"
"99_角色產生器零件","現代風產生器","99_角色產生器零件\現代風產生器\SV\Female\SV_Clothing1_p29.png","576","384","dlc\Modern_Generator\parts\Generator\SV\Female\SV_Clothing1_p29.png"
"99_角色產生器零件","現代風產生器","99_角色產生器零件\現代風產生器\SV\Female\SV_Clothing1_p29_c.png","576","384","dlc\Modern_Generator\parts\Generator\SV\Female\SV_Clothing1_p29_c.png"
"99_角色產生器零件","現代風產生器","99_角色產生器零件\現代風產生器\SV\Female\SV_Clothing1_p30.png","576","384","dlc\Modern_Generator\parts\Generator\SV\Female\SV_Clothing1_p30.png"
"99_角色產生器零件","現代風產生器","99_角色產生器零件\現代風產生器\SV\Female\SV_Clothing1_p30_c.png","576","384","dlc\Modern_Generator\parts\Generator\SV\Female\SV_Clothing1_p30_c.png"
"99_角色產生器零件","現代風產生器","99_角色產生器零件\現代風產生器\SV\Female\SV_Clothing1_p31.png","576","384","dlc\Modern_Generator\parts\Generator\SV\Female\SV_Clothing1_p31.png"
"99_角色產生器零件","現代風產生器","99_角色產生器零件\現代風產生器\SV\Female\SV_Clothing1_p31_c.png","576","384","dlc\Modern_Generator\parts\Generator\SV\Female\SV_Clothing1_p31_c.png"
"99_角色產生器零件","現代風產生器","99_角色產生器零件\現代風產生器\SV\Female\SV_Clothing1_p32.png","576","384","dlc\Modern_Generator\parts\Generator\SV\Female\SV_Clothing1_p32.png"
"99_角色產生器零件","現代風產生器","99_角色產生器零件\現代風產生器\SV\Female\SV_Clothing1_p32_c.png","576","384","dlc\Modern_Generator\parts\Generator\SV\Female\SV_Clothing1_p32_c.png"
"99_角色產生器零件","現代風產生器","99_角色產生器零件\現代風產生器\SV\Female\SV_Clothing1_p33.png","576","384","dlc\Modern_Generator\parts\Generator\SV\Female\SV_Clothing1_p33.png"
"99_角色產生器零件","現代風產生器","99_角色產生器零件\現代風產生器\SV\Female\SV_Clothing1_p33_c.png","576","384","dlc\Modern_Generator\parts\Generator\SV\Female\SV_Clothing1_p33_c.png"
"99_角色產生器零件","現代風產生器","99_角色產生器零件\現代風產生器\SV\Female\SV_Clothing1_p34.png","576","384","dlc\Modern_Generator\parts\Generator\SV\Female\SV_Clothing1_p34.png"
"99_角色產生器零件","現代風產生器","99_角色產生器零件\現代風產生器\SV\Female\SV_Clothing1_p34_c.png","576","384","dlc\Modern_Generator\parts\Generator\SV\Female\SV_Clothing1_p34_c.png"
"99_角色產生器零件","現代風產生器","99_角色產生器零件\現代風產生器\SV\Female\SV_Clothing1_p35.png","576","384","dlc\Modern_Generator\parts\Generator\SV\Female\SV_Clothing1_p35.png"
"99_角色產生器零件","現代風產生器","99_角色產生器零件\現代風產生器\SV\Female\SV_Clothing1_p35_c.png","576","384","dlc\Modern_Generator\parts\Generator\SV\Female\SV_Clothing1_p35_c.png"
"99_角色產生器零件","現代風產生器","99_角色產生器零件\現代風產生器\SV\Female\SV_Clothing1_p36.png","576","384","dlc\Modern_Generator\parts\Generator\SV\Female\SV_Clothing1_p36.png"
"99_角色產生器零件","現代風產生器","99_角色產生器零件\現代風產生器\SV\Female\SV_Clothing1_p36_c.png","576","384","dlc\Modern_Generator\parts\Generator\SV\Female\SV_Clothing1_p36_c.png"
"99_角色產生器零件","現代風產生器","99_角色產生器零件\現代風產生器\SV\Female\SV_Clothing1_p37.png","576","384","dlc\Modern_Generator\parts\Generator\SV\Female\SV_Clothing1_p37.png"
"99_角色產生器零件","現代風產生器","99_角色產生器零件\現代風產生器\SV\Female\SV_Clothing1_p37_c.png","576","384","dlc\Modern_Generator\parts\Generator\SV\Female\SV_Clothing1_p37_c.png"
"99_角色產生器零件","現代風產生器","99_角色產生器零件\現代風產生器\SV\Female\SV_Clothing1_p38.png","576","384","dlc\Modern_Generator\parts\Generator\SV\Female\SV_Clothing1_p38.png"
"99_角色產生器零件","現代風產生器","99_角色產生器零件\現代風產生器\SV\Female\SV_Clothing1_p38_c.png","576","384","dlc\Modern_Generator\parts\Generator\SV\Female\SV_Clothing1_p38_c.png"
"99_角色產生器零件","現代風產生器","99_角色產生器零件\現代風產生器\SV\Female\SV_Clothing1_p39.png","576","384","dlc\Modern_Generator\parts\Generator\SV\Female\SV_Clothing1_p39.png"
"99_角色產生器零件","現代風產生器","99_角色產生器零件\現代風產生器\SV\Female\SV_Clothing1_p39_c.png","576","384","dlc\Modern_Generator\parts\Generator\SV\Female\SV_Clothing1_p39_c.png"
"99_角色產生器零件","現代風產生器","99_角色產生器零件\現代風產生器\SV\Female\SV_Clothing1_p40.png","576","384","dlc\Modern_Generator\parts\Generator\SV\Female\SV_Clothing1_p40.png"
"99_角色產生器零件","現代風產生器","99_角色產生器零件\現代風產生器\SV\Female\SV_Clothing1_p40_c.png","576","384","dlc\Modern_Generator\parts\Generator\SV\Female\SV_Clothing1_p40_c.png"
"99_角色產生器零件","現代風產生器","99_角色產生器零件\現代風產生器\SV\Female\SV_Clothing1_p41.png","576","384","dlc\Modern_Generator\parts\Generator\SV\Female\SV_Clothing1_p41.png"
"99_角色產生器零件","現代風產生器","99_角色產生器零件\現代風產生器\SV\Female\SV_Clothing1_p41_c.png","576","384","dlc\Modern_Generator\parts\Generator\SV\Female\SV_Clothing1_p41_c.png"
"99_角色產生器零件","現代風產生器","99_角色產生器零件\現代風產生器\SV\Female\SV_Clothing1_p42.png","576","384","dlc\Modern_Generator\parts\Generator\SV\Female\SV_Clothing1_p42.png"
"99_角色產生器零件","現代風產生器","99_角色產生器零件\現代風產生器\SV\Female\SV_Clothing1_p42_c.png","576","384","dlc\Modern_Generator\parts\Generator\SV\Female\SV_Clothing1_p42_c.png"
"99_角色產生器零件","現代風產生器","99_角色產生器零件\現代風產生器\SV\Female\SV_Clothing1_p43.png","576","384","dlc\Modern_Generator\parts\Generator\SV\Female\SV_Clothing1_p43.png"
"99_角色產生器零件","現代風產生器","99_角色產生器零件\現代風產生器\SV\Female\SV_Clothing1_p43_c.png","576","384","dlc\Modern_Generator\parts\Generator\SV\Female\SV_Clothing1_p43_c.png"
"99_角色產生器零件","現代風產生器","99_角色產生器零件\現代風產生器\SV\Female\SV_Clothing1_p44.png","576","384","dlc\Modern_Generator\parts\Generator\SV\Female\SV_Clothing1_p44.png"
"99_角色產生器零件","現代風產生器","99_角色產生器零件\現代風產生器\SV\Female\SV_Clothing1_p44_c.png","576","384","dlc\Modern_Generator\parts\Generator\SV\Female\SV_Clothing1_p44_c.png"
"99_角色產生器零件","現代風產生器","99_角色產生器零件\現代風產生器\SV\Female\SV_Clothing1_p45.png","576","384","dlc\Modern_Generator\parts\Generator\SV\Female\SV_Clothing1_p45.png"
"99_角色產生器零件","現代風產生器","99_角色產生器零件\現代風產生器\SV\Female\SV_Clothing1_p45_c.png","576","384","dlc\Modern_Generator\parts\Generator\SV\Female\SV_Clothing1_p45_c.png"
"99_角色產生器零件","現代風產生器","99_角色產生器零件\現代風產生器\SV\Female\SV_Clothing1_p46.png","576","384","dlc\Modern_Generator\parts\Generator\SV\Female\SV_Clothing1_p46.png"
"99_角色產生器零件","現代風產生器","99_角色產生器零件\現代風產生器\SV\Female\SV_Clothing1_p46_c.png","576","384","dlc\Modern_Generator\parts\Generator\SV\Female\SV_Clothing1_p46_c.png"
"99_角色產生器零件","現代風產生器","99_角色產生器零件\現代風產生器\SV\Female\SV_Clothing1_p47.png","576","384","dlc\Modern_Generator\parts\Generator\SV\Female\SV_Clothing1_p47.png"
"99_角色產生器零件","現代風產生器","99_角色產生器零件\現代風產生器\SV\Female\SV_Clothing1_p47_c.png","576","384","dlc\Modern_Generator\parts\Generator\SV\Female\SV_Clothing1_p47_c.png"
"99_角色產生器零件","現代風產生器","99_角色產生器零件\現代風產生器\SV\Female\SV_Clothing1_p48.png","576","384","dlc\Modern_Generator\parts\Generator\SV\Female\SV_Clothing1_p48.png"
"99_角色產生器零件","現代風產生器","99_角色產生器零件\現代風產生器\SV\Female\SV_Clothing1_p48_c.png","576","384","dlc\Modern_Generator\parts\Generator\SV\Female\SV_Clothing1_p48_c.png"
"99_角色產生器零件","現代風產生器","99_角色產生器零件\現代風產生器\SV\Female\SV_Clothing1_p49.png","576","384","dlc\Modern_Generator\parts\Generator\SV\Female\SV_Clothing1_p49.png"
"99_角色產生器零件","現代風產生器","99_角色產生器零件\現代風產生器\SV\Female\SV_Clothing1_p49_c.png","576","384","dlc\Modern_Generator\parts\Generator\SV\Female\SV_Clothing1_p49_c.png"
"99_角色產生器零件","現代風產生器","99_角色產生器零件\現代風產生器\SV\Female\SV_Glasses_p07.png","576","384","dlc\Modern_Generator\parts\Generator\SV\Female\SV_Glasses_p07.png"
"99_角色產生器零件","現代風產生器","99_角色產生器零件\現代風產生器\SV\Female\SV_Glasses_p07_c.png","576","384","dlc\Modern_Generator\parts\Generator\SV\Female\SV_Glasses_p07_c.png"
"99_角色產生器零件","現代風產生器","99_角色產生器零件\現代風產生器\SV\Female\SV_Glasses_p08_c.png","576","384","dlc\Modern_Generator\parts\Generator\SV\Female\SV_Glasses_p08_c.png"
"99_角色產生器零件","現代風產生器","99_角色產生器零件\現代風產生器\SV\Male\SV_AccA_p09.png","576","384","dlc\Modern_Generator\parts\Generator\SV\Male\SV_AccA_p09.png"
"99_角色產生器零件","現代風產生器","99_角色產生器零件\現代風產生器\SV\Male\SV_AccA_p09_c.png","576","384","dlc\Modern_Generator\parts\Generator\SV\Male\SV_AccA_p09_c.png"
"99_角色產生器零件","現代風產生器","99_角色產生器零件\現代風產生器\SV\Male\SV_AccA_p10.png","576","384","dlc\Modern_Generator\parts\Generator\SV\Male\SV_AccA_p10.png"
"99_角色產生器零件","現代風產生器","99_角色產生器零件\現代風產生器\SV\Male\SV_AccA_p10_c.png","576","384","dlc\Modern_Generator\parts\Generator\SV\Male\SV_AccA_p10_c.png"
"99_角色產生器零件","現代風產生器","99_角色產生器零件\現代風產生器\SV\Male\SV_AccA_p11.png","576","384","dlc\Modern_Generator\parts\Generator\SV\Male\SV_AccA_p11.png"
"99_角色產生器零件","現代風產生器","99_角色產生器零件\現代風產生器\SV\Male\SV_AccA_p11_c.png","576","384","dlc\Modern_Generator\parts\Generator\SV\Male\SV_AccA_p11_c.png"
"99_角色產生器零件","現代風產生器","99_角色產生器零件\現代風產生器\SV\Male\SV_AccA_p12.png","576","384","dlc\Modern_Generator\parts\Generator\SV\Male\SV_AccA_p12.png"
"99_角色產生器零件","現代風產生器","99_角色產生器零件\現代風產生器\SV\Male\SV_AccA_p12_c.png","576","384","dlc\Modern_Generator\parts\Generator\SV\Male\SV_AccA_p12_c.png"
"99_角色產生器零件","現代風產生器","99_角色產生器零件\現代風產生器\SV\Male\SV_AccA_p13.png","576","384","dlc\Modern_Generator\parts\Generator\SV\Male\SV_AccA_p13.png"
"99_角色產生器零件","現代風產生器","99_角色產生器零件\現代風產生器\SV\Male\SV_AccA_p13_c.png","576","384","dlc\Modern_Generator\parts\Generator\SV\Male\SV_AccA_p13_c.png"
"99_角色產生器零件","現代風產生器","99_角色產生器零件\現代風產生器\SV\Male\SV_AccA_p14.png","576","384","dlc\Modern_Generator\parts\Generator\SV\Male\SV_AccA_p14.png"
"99_角色產生器零件","現代風產生器","99_角色產生器零件\現代風產生器\SV\Male\SV_AccA_p14_c.png","576","384","dlc\Modern_Generator\parts\Generator\SV\Male\SV_AccA_p14_c.png"
"99_角色產生器零件","現代風產生器","99_角色產生器零件\現代風產生器\SV\Male\SV_AccA_p15.png","576","384","dlc\Modern_Generator\parts\Generator\SV\Male\SV_AccA_p15.png"
"99_角色產生器零件","現代風產生器","99_角色產生器零件\現代風產生器\SV\Male\SV_AccA_p15_c.png","576","384","dlc\Modern_Generator\parts\Generator\SV\Male\SV_AccA_p15_c.png"
"99_角色產生器零件","現代風產生器","99_角色產生器零件\現代風產生器\SV\Male\SV_AccB_p09.png","576","384","dlc\Modern_Generator\parts\Generator\SV\Male\SV_AccB_p09.png"
"99_角色產生器零件","現代風產生器","99_角色產生器零件\現代風產生器\SV\Male\SV_AccB_p09_c.png","576","384","dlc\Modern_Generator\parts\Generator\SV\Male\SV_AccB_p09_c.png"
"99_角色產生器零件","現代風產生器","99_角色產生器零件\現代風產生器\SV\Male\SV_AccB_p10.png","576","384","dlc\Modern_Generator\parts\Generator\SV\Male\SV_AccB_p10.png"
"99_角色產生器零件","現代風產生器","99_角色產生器零件\現代風產生器\SV\Male\SV_AccB_p10_c.png","576","384","dlc\Modern_Generator\parts\Generator\SV\Male\SV_AccB_p10_c.png"
"99_角色產生器零件","現代風產生器","99_角色產生器零件\現代風產生器\SV\Male\SV_AccB_p11.png","576","384","dlc\Modern_Generator\parts\Generator\SV\Male\SV_AccB_p11.png"
"99_角色產生器零件","現代風產生器","99_角色產生器零件\現代風產生器\SV\Male\SV_AccB_p11_c.png","576","384","dlc\Modern_Generator\parts\Generator\SV\Male\SV_AccB_p11_c.png"
"99_角色產生器零件","現代風產生器","99_角色產生器零件\現代風產生器\SV\Male\SV_AccB_p12.png","576","384","dlc\Modern_Generator\parts\Generator\SV\Male\SV_AccB_p12.png"
"99_角色產生器零件","現代風產生器","99_角色產生器零件\現代風產生器\SV\Male\SV_AccB_p12_c.png","576","384","dlc\Modern_Generator\parts\Generator\SV\Male\SV_AccB_p12_c.png"
"99_角色產生器零件","現代風產生器","99_角色產生器零件\現代風產生器\SV\Male\SV_AccB_p13.png","576","384","dlc\Modern_Generator\parts\Generator\SV\Male\SV_AccB_p13.png"
"99_角色產生器零件","現代風產生器","99_角色產生器零件\現代風產生器\SV\Male\SV_AccB_p13_c.png","576","384","dlc\Modern_Generator\parts\Generator\SV\Male\SV_AccB_p13_c.png"
"99_角色產生器零件","現代風產生器","99_角色產生器零件\現代風產生器\SV\Male\SV_AccB_p14.png","576","384","dlc\Modern_Generator\parts\Generator\SV\Male\SV_AccB_p14.png"
"99_角色產生器零件","現代風產生器","99_角色產生器零件\現代風產生器\SV\Male\SV_AccB_p14_c.png","576","384","dlc\Modern_Generator\parts\Generator\SV\Male\SV_AccB_p14_c.png"
"99_角色產生器零件","現代風產生器","99_角色產生器零件\現代風產生器\SV\Male\SV_Clothing1_p24.png","576","384","dlc\Modern_Generator\parts\Generator\SV\Male\SV_Clothing1_p24.png"
"99_角色產生器零件","現代風產生器","99_角色產生器零件\現代風產生器\SV\Male\SV_Clothing1_p24_c.png","576","384","dlc\Modern_Generator\parts\Generator\SV\Male\SV_Clothing1_p24_c.png"
"99_角色產生器零件","現代風產生器","99_角色產生器零件\現代風產生器\SV\Male\SV_Clothing1_p25.png","576","384","dlc\Modern_Generator\parts\Generator\SV\Male\SV_Clothing1_p25.png"
"99_角色產生器零件","現代風產生器","99_角色產生器零件\現代風產生器\SV\Male\SV_Clothing1_p25_c.png","576","384","dlc\Modern_Generator\parts\Generator\SV\Male\SV_Clothing1_p25_c.png"
"99_角色產生器零件","現代風產生器","99_角色產生器零件\現代風產生器\SV\Male\SV_Clothing1_p26.png","576","384","dlc\Modern_Generator\parts\Generator\SV\Male\SV_Clothing1_p26.png"
"99_角色產生器零件","現代風產生器","99_角色產生器零件\現代風產生器\SV\Male\SV_Clothing1_p26_c.png","576","384","dlc\Modern_Generator\parts\Generator\SV\Male\SV_Clothing1_p26_c.png"
"99_角色產生器零件","現代風產生器","99_角色產生器零件\現代風產生器\SV\Male\SV_Clothing1_p27.png","576","384","dlc\Modern_Generator\parts\Generator\SV\Male\SV_Clothing1_p27.png"
"99_角色產生器零件","現代風產生器","99_角色產生器零件\現代風產生器\SV\Male\SV_Clothing1_p27_c.png","576","384","dlc\Modern_Generator\parts\Generator\SV\Male\SV_Clothing1_p27_c.png"
"99_角色產生器零件","現代風產生器","99_角色產生器零件\現代風產生器\SV\Male\SV_Clothing1_p28.png","576","384","dlc\Modern_Generator\parts\Generator\SV\Male\SV_Clothing1_p28.png"
"99_角色產生器零件","現代風產生器","99_角色產生器零件\現代風產生器\SV\Male\SV_Clothing1_p28_c.png","576","384","dlc\Modern_Generator\parts\Generator\SV\Male\SV_Clothing1_p28_c.png"
"99_角色產生器零件","現代風產生器","99_角色產生器零件\現代風產生器\SV\Male\SV_Clothing1_p29.png","576","384","dlc\Modern_Generator\parts\Generator\SV\Male\SV_Clothing1_p29.png"
"99_角色產生器零件","現代風產生器","99_角色產生器零件\現代風產生器\SV\Male\SV_Clothing1_p29_c.png","576","384","dlc\Modern_Generator\parts\Generator\SV\Male\SV_Clothing1_p29_c.png"
"99_角色產生器零件","現代風產生器","99_角色產生器零件\現代風產生器\SV\Male\SV_Clothing1_p30.png","576","384","dlc\Modern_Generator\parts\Generator\SV\Male\SV_Clothing1_p30.png"
"99_角色產生器零件","現代風產生器","99_角色產生器零件\現代風產生器\SV\Male\SV_Clothing1_p30_c.png","576","384","dlc\Modern_Generator\parts\Generator\SV\Male\SV_Clothing1_p30_c.png"
"99_角色產生器零件","現代風產生器","99_角色產生器零件\現代風產生器\SV\Male\SV_Clothing1_p31.png","576","384","dlc\Modern_Generator\parts\Generator\SV\Male\SV_Clothing1_p31.png"
"99_角色產生器零件","現代風產生器","99_角色產生器零件\現代風產生器\SV\Male\SV_Clothing1_p31_c.png","576","384","dlc\Modern_Generator\parts\Generator\SV\Male\SV_Clothing1_p31_c.png"
"99_角色產生器零件","現代風產生器","99_角色產生器零件\現代風產生器\SV\Male\SV_Clothing1_p32.png","576","384","dlc\Modern_Generator\parts\Generator\SV\Male\SV_Clothing1_p32.png"
"99_角色產生器零件","現代風產生器","99_角色產生器零件\現代風產生器\SV\Male\SV_Clothing1_p32_c.png","576","384","dlc\Modern_Generator\parts\Generator\SV\Male\SV_Clothing1_p32_c.png"
"99_角色產生器零件","現代風產生器","99_角色產生器零件\現代風產生器\SV\Male\SV_Clothing1_p33.png","576","384","dlc\Modern_Generator\parts\Generator\SV\Male\SV_Clothing1_p33.png"
"99_角色產生器零件","現代風產生器","99_角色產生器零件\現代風產生器\SV\Male\SV_Clothing1_p33_c.png","576","384","dlc\Modern_Generator\parts\Generator\SV\Male\SV_Clothing1_p33_c.png"
"99_角色產生器零件","現代風產生器","99_角色產生器零件\現代風產生器\SV\Male\SV_Clothing1_p34.png","576","384","dlc\Modern_Generator\parts\Generator\SV\Male\SV_Clothing1_p34.png"
"99_角色產生器零件","現代風產生器","99_角色產生器零件\現代風產生器\SV\Male\SV_Clothing1_p34_c.png","576","384","dlc\Modern_Generator\parts\Generator\SV\Male\SV_Clothing1_p34_c.png"
"99_角色產生器零件","現代風產生器","99_角色產生器零件\現代風產生器\SV\Male\SV_Clothing1_p35.png","576","384","dlc\Modern_Generator\parts\Generator\SV\Male\SV_Clothing1_p35.png"
"99_角色產生器零件","現代風產生器","99_角色產生器零件\現代風產生器\SV\Male\SV_Clothing1_p35_c.png","576","384","dlc\Modern_Generator\parts\Generator\SV\Male\SV_Clothing1_p35_c.png"
"99_角色產生器零件","現代風產生器","99_角色產生器零件\現代風產生器\SV\Male\SV_Clothing1_p36.png","576","384","dlc\Modern_Generator\parts\Generator\SV\Male\SV_Clothing1_p36.png"
"99_角色產生器零件","現代風產生器","99_角色產生器零件\現代風產生器\SV\Male\SV_Clothing1_p36_c.png","576","384","dlc\Modern_Generator\parts\Generator\SV\Male\SV_Clothing1_p36_c.png"
"99_角色產生器零件","現代風產生器","99_角色產生器零件\現代風產生器\SV\Male\SV_Clothing1_p37.png","576","384","dlc\Modern_Generator\parts\Generator\SV\Male\SV_Clothing1_p37.png"
"99_角色產生器零件","現代風產生器","99_角色產生器零件\現代風產生器\SV\Male\SV_Clothing1_p37_c.png","576","384","dlc\Modern_Generator\parts\Generator\SV\Male\SV_Clothing1_p37_c.png"
"99_角色產生器零件","現代風產生器","99_角色產生器零件\現代風產生器\SV\Male\SV_Clothing1_p38.png","576","384","dlc\Modern_Generator\parts\Generator\SV\Male\SV_Clothing1_p38.png"
"99_角色產生器零件","現代風產生器","99_角色產生器零件\現代風產生器\SV\Male\SV_Clothing1_p38_c.png","576","384","dlc\Modern_Generator\parts\Generator\SV\Male\SV_Clothing1_p38_c.png"
"99_角色產生器零件","現代風產生器","99_角色產生器零件\現代風產生器\SV\Male\SV_Clothing1_p39.png","576","384","dlc\Modern_Generator\parts\Generator\SV\Male\SV_Clothing1_p39.png"
"99_角色產生器零件","現代風產生器","99_角色產生器零件\現代風產生器\SV\Male\SV_Clothing1_p39_c.png","576","384","dlc\Modern_Generator\parts\Generator\SV\Male\SV_Clothing1_p39_c.png"
"99_角色產生器零件","現代風產生器","99_角色產生器零件\現代風產生器\SV\Male\SV_Clothing1_p40.png","576","384","dlc\Modern_Generator\parts\Generator\SV\Male\SV_Clothing1_p40.png"
"99_角色產生器零件","現代風產生器","99_角色產生器零件\現代風產生器\SV\Male\SV_Clothing1_p40_c.png","576","384","dlc\Modern_Generator\parts\Generator\SV\Male\SV_Clothing1_p40_c.png"
"99_角色產生器零件","現代風產生器","99_角色產生器零件\現代風產生器\SV\Male\SV_Clothing1_p41.png","576","384","dlc\Modern_Generator\parts\Generator\SV\Male\SV_Clothing1_p41.png"
"99_角色產生器零件","現代風產生器","99_角色產生器零件\現代風產生器\SV\Male\SV_Clothing1_p41_c.png","576","384","dlc\Modern_Generator\parts\Generator\SV\Male\SV_Clothing1_p41_c.png"
"99_角色產生器零件","現代風產生器","99_角色產生器零件\現代風產生器\SV\Male\SV_Clothing1_p42.png","576","384","dlc\Modern_Generator\parts\Generator\SV\Male\SV_Clothing1_p42.png"
"99_角色產生器零件","現代風產生器","99_角色產生器零件\現代風產生器\SV\Male\SV_Clothing1_p42_c.png","576","384","dlc\Modern_Generator\parts\Generator\SV\Male\SV_Clothing1_p42_c.png"
"99_角色產生器零件","現代風產生器","99_角色產生器零件\現代風產生器\SV\Male\SV_Clothing1_p43.png","576","384","dlc\Modern_Generator\parts\Generator\SV\Male\SV_Clothing1_p43.png"
"99_角色產生器零件","現代風產生器","99_角色產生器零件\現代風產生器\SV\Male\SV_Clothing1_p43_c.png","576","384","dlc\Modern_Generator\parts\Generator\SV\Male\SV_Clothing1_p43_c.png"
"99_角色產生器零件","現代風產生器","99_角色產生器零件\現代風產生器\SV\Male\SV_Glasses_p06.png","576","384","dlc\Modern_Generator\parts\Generator\SV\Male\SV_Glasses_p06.png"
"99_角色產生器零件","現代風產生器","99_角色產生器零件\現代風產生器\SV\Male\SV_Glasses_p06_c.png","576","384","dlc\Modern_Generator\parts\Generator\SV\Male\SV_Glasses_p06_c.png"
"99_角色產生器零件","現代風產生器","99_角色產生器零件\現代風產生器\SV\Male\SV_Glasses_p07_c.png","576","384","dlc\Modern_Generator\parts\Generator\SV\Male\SV_Glasses_p07_c.png"
"99_角色產生器零件","現代風產生器","99_角色產生器零件\現代風產生器\TVD\Female\TVD_AccA_p08.png","144","48","dlc\Modern_Generator\parts\Generator\TVD\Female\TVD_AccA_p08.png"
"99_角色產生器零件","現代風產生器","99_角色產生器零件\現代風產生器\TVD\Female\TVD_AccA_p08_c.png","144","48","dlc\Modern_Generator\parts\Generator\TVD\Female\TVD_AccA_p08_c.png"
"99_角色產生器零件","現代風產生器","99_角色產生器零件\現代風產生器\TVD\Female\TVD_AccA_p09.png","144","48","dlc\Modern_Generator\parts\Generator\TVD\Female\TVD_AccA_p09.png"
"99_角色產生器零件","現代風產生器","99_角色產生器零件\現代風產生器\TVD\Female\TVD_AccA_p09_c.png","144","48","dlc\Modern_Generator\parts\Generator\TVD\Female\TVD_AccA_p09_c.png"
"99_角色產生器零件","現代風產生器","99_角色產生器零件\現代風產生器\TVD\Female\TVD_AccA_p10.png","144","48","dlc\Modern_Generator\parts\Generator\TVD\Female\TVD_AccA_p10.png"
"99_角色產生器零件","現代風產生器","99_角色產生器零件\現代風產生器\TVD\Female\TVD_AccA_p10_c.png","144","48","dlc\Modern_Generator\parts\Generator\TVD\Female\TVD_AccA_p10_c.png"
"99_角色產生器零件","現代風產生器","99_角色產生器零件\現代風產生器\TVD\Female\TVD_AccA_p11.png","144","48","dlc\Modern_Generator\parts\Generator\TVD\Female\TVD_AccA_p11.png"
"99_角色產生器零件","現代風產生器","99_角色產生器零件\現代風產生器\TVD\Female\TVD_AccA_p11_c.png","144","48","dlc\Modern_Generator\parts\Generator\TVD\Female\TVD_AccA_p11_c.png"
"99_角色產生器零件","現代風產生器","99_角色產生器零件\現代風產生器\TVD\Female\TVD_AccA_p12.png","144","48","dlc\Modern_Generator\parts\Generator\TVD\Female\TVD_AccA_p12.png"
"99_角色產生器零件","現代風產生器","99_角色產生器零件\現代風產生器\TVD\Female\TVD_AccA_p12_c.png","144","48","dlc\Modern_Generator\parts\Generator\TVD\Female\TVD_AccA_p12_c.png"
"99_角色產生器零件","現代風產生器","99_角色產生器零件\現代風產生器\TVD\Female\TVD_AccA_p13.png","144","48","dlc\Modern_Generator\parts\Generator\TVD\Female\TVD_AccA_p13.png"
"99_角色產生器零件","現代風產生器","99_角色產生器零件\現代風產生器\TVD\Female\TVD_AccA_p13_c.png","144","48","dlc\Modern_Generator\parts\Generator\TVD\Female\TVD_AccA_p13_c.png"
"99_角色產生器零件","現代風產生器","99_角色產生器零件\現代風產生器\TVD\Female\TVD_AccA_p14.png","144","48","dlc\Modern_Generator\parts\Generator\TVD\Female\TVD_AccA_p14.png"
"99_角色產生器零件","現代風產生器","99_角色產生器零件\現代風產生器\TVD\Female\TVD_AccA_p14_c.png","144","48","dlc\Modern_Generator\parts\Generator\TVD\Female\TVD_AccA_p14_c.png"
"99_角色產生器零件","現代風產生器","99_角色產生器零件\現代風產生器\TVD\Female\TVD_AccB_p11.png","144","48","dlc\Modern_Generator\parts\Generator\TVD\Female\TVD_AccB_p11.png"
"99_角色產生器零件","現代風產生器","99_角色產生器零件\現代風產生器\TVD\Female\TVD_AccB_p11_c.png","144","48","dlc\Modern_Generator\parts\Generator\TVD\Female\TVD_AccB_p11_c.png"
"99_角色產生器零件","現代風產生器","99_角色產生器零件\現代風產生器\TVD\Female\TVD_AccB_p12.png","144","48","dlc\Modern_Generator\parts\Generator\TVD\Female\TVD_AccB_p12.png"
"99_角色產生器零件","現代風產生器","99_角色產生器零件\現代風產生器\TVD\Female\TVD_AccB_p12_c.png","144","48","dlc\Modern_Generator\parts\Generator\TVD\Female\TVD_AccB_p12_c.png"
"99_角色產生器零件","現代風產生器","99_角色產生器零件\現代風產生器\TVD\Female\TVD_AccB_p13.png","144","48","dlc\Modern_Generator\parts\Generator\TVD\Female\TVD_AccB_p13.png"
"99_角色產生器零件","現代風產生器","99_角色產生器零件\現代風產生器\TVD\Female\TVD_AccB_p13_c.png","144","48","dlc\Modern_Generator\parts\Generator\TVD\Female\TVD_AccB_p13_c.png"
"99_角色產生器零件","現代風產生器","99_角色產生器零件\現代風產生器\TVD\Female\TVD_AccB_p14.png","144","48","dlc\Modern_Generator\parts\Generator\TVD\Female\TVD_AccB_p14.png"
"99_角色產生器零件","現代風產生器","99_角色產生器零件\現代風產生器\TVD\Female\TVD_AccB_p14_c.png","144","48","dlc\Modern_Generator\parts\Generator\TVD\Female\TVD_AccB_p14_c.png"
"99_角色產生器零件","現代風產生器","99_角色產生器零件\現代風產生器\TVD\Female\TVD_AccB_p15.png","144","48","dlc\Modern_Generator\parts\Generator\TVD\Female\TVD_AccB_p15.png"
"99_角色產生器零件","現代風產生器","99_角色產生器零件\現代風產生器\TVD\Female\TVD_AccB_p15_c.png","144","48","dlc\Modern_Generator\parts\Generator\TVD\Female\TVD_AccB_p15_c.png"
"99_角色產生器零件","現代風產生器","99_角色產生器零件\現代風產生器\TVD\Female\TVD_AccB_p16.png","144","48","dlc\Modern_Generator\parts\Generator\TVD\Female\TVD_AccB_p16.png"
"99_角色產生器零件","現代風產生器","99_角色產生器零件\現代風產生器\TVD\Female\TVD_AccB_p16_c.png","144","48","dlc\Modern_Generator\parts\Generator\TVD\Female\TVD_AccB_p16_c.png"
"99_角色產生器零件","現代風產生器","99_角色產生器零件\現代風產生器\TVD\Female\TVD_Clothing_p27.png","144","48","dlc\Modern_Generator\parts\Generator\TVD\Female\TVD_Clothing_p27.png"
"99_角色產生器零件","現代風產生器","99_角色產生器零件\現代風產生器\TVD\Female\TVD_Clothing_p27_c.png","144","48","dlc\Modern_Generator\parts\Generator\TVD\Female\TVD_Clothing_p27_c.png"
"99_角色產生器零件","現代風產生器","99_角色產生器零件\現代風產生器\TVD\Female\TVD_Clothing_p28.png","144","48","dlc\Modern_Generator\parts\Generator\TVD\Female\TVD_Clothing_p28.png"
"99_角色產生器零件","現代風產生器","99_角色產生器零件\現代風產生器\TVD\Female\TVD_Clothing_p28_c.png","144","48","dlc\Modern_Generator\parts\Generator\TVD\Female\TVD_Clothing_p28_c.png"
"99_角色產生器零件","現代風產生器","99_角色產生器零件\現代風產生器\TVD\Female\TVD_Clothing_p29.png","144","48","dlc\Modern_Generator\parts\Generator\TVD\Female\TVD_Clothing_p29.png"
"99_角色產生器零件","現代風產生器","99_角色產生器零件\現代風產生器\TVD\Female\TVD_Clothing_p29_c.png","144","48","dlc\Modern_Generator\parts\Generator\TVD\Female\TVD_Clothing_p29_c.png"
"99_角色產生器零件","現代風產生器","99_角色產生器零件\現代風產生器\TVD\Female\TVD_Clothing_p30.png","144","48","dlc\Modern_Generator\parts\Generator\TVD\Female\TVD_Clothing_p30.png"
"99_角色產生器零件","現代風產生器","99_角色產生器零件\現代風產生器\TVD\Female\TVD_Clothing_p30_c.png","144","48","dlc\Modern_Generator\parts\Generator\TVD\Female\TVD_Clothing_p30_c.png"
"99_角色產生器零件","現代風產生器","99_角色產生器零件\現代風產生器\TVD\Female\TVD_Clothing_p31.png","144","48","dlc\Modern_Generator\parts\Generator\TVD\Female\TVD_Clothing_p31.png"
"99_角色產生器零件","現代風產生器","99_角色產生器零件\現代風產生器\TVD\Female\TVD_Clothing_p31_c.png","144","48","dlc\Modern_Generator\parts\Generator\TVD\Female\TVD_Clothing_p31_c.png"
"99_角色產生器零件","現代風產生器","99_角色產生器零件\現代風產生器\TVD\Female\TVD_Clothing_p32.png","144","48","dlc\Modern_Generator\parts\Generator\TVD\Female\TVD_Clothing_p32.png"
"99_角色產生器零件","現代風產生器","99_角色產生器零件\現代風產生器\TVD\Female\TVD_Clothing_p32_c.png","144","48","dlc\Modern_Generator\parts\Generator\TVD\Female\TVD_Clothing_p32_c.png"
"99_角色產生器零件","現代風產生器","99_角色產生器零件\現代風產生器\TVD\Female\TVD_Clothing_p33.png","144","48","dlc\Modern_Generator\parts\Generator\TVD\Female\TVD_Clothing_p33.png"
"99_角色產生器零件","現代風產生器","99_角色產生器零件\現代風產生器\TVD\Female\TVD_Clothing_p33_c.png","144","48","dlc\Modern_Generator\parts\Generator\TVD\Female\TVD_Clothing_p33_c.png"
"99_角色產生器零件","現代風產生器","99_角色產生器零件\現代風產生器\TVD\Female\TVD_Clothing_p34.png","144","48","dlc\Modern_Generator\parts\Generator\TVD\Female\TVD_Clothing_p34.png"
"99_角色產生器零件","現代風產生器","99_角色產生器零件\現代風產生器\TVD\Female\TVD_Clothing_p34_c.png","144","48","dlc\Modern_Generator\parts\Generator\TVD\Female\TVD_Clothing_p34_c.png"
"99_角色產生器零件","現代風產生器","99_角色產生器零件\現代風產生器\TVD\Female\TVD_Clothing_p35.png","144","48","dlc\Modern_Generator\parts\Generator\TVD\Female\TVD_Clothing_p35.png"
"99_角色產生器零件","現代風產生器","99_角色產生器零件\現代風產生器\TVD\Female\TVD_Clothing_p35_c.png","144","48","dlc\Modern_Generator\parts\Generator\TVD\Female\TVD_Clothing_p35_c.png"
"99_角色產生器零件","現代風產生器","99_角色產生器零件\現代風產生器\TVD\Female\TVD_Clothing_p36.png","144","48","dlc\Modern_Generator\parts\Generator\TVD\Female\TVD_Clothing_p36.png"
"99_角色產生器零件","現代風產生器","99_角色產生器零件\現代風產生器\TVD\Female\TVD_Clothing_p36_c.png","144","48","dlc\Modern_Generator\parts\Generator\TVD\Female\TVD_Clothing_p36_c.png"
"99_角色產生器零件","現代風產生器","99_角色產生器零件\現代風產生器\TVD\Female\TVD_Clothing_p37.png","144","48","dlc\Modern_Generator\parts\Generator\TVD\Female\TVD_Clothing_p37.png"
"99_角色產生器零件","現代風產生器","99_角色產生器零件\現代風產生器\TVD\Female\TVD_Clothing_p37_c.png","144","48","dlc\Modern_Generator\parts\Generator\TVD\Female\TVD_Clothing_p37_c.png"
"99_角色產生器零件","現代風產生器","99_角色產生器零件\現代風產生器\TVD\Female\TVD_Clothing_p38.png","144","48","dlc\Modern_Generator\parts\Generator\TVD\Female\TVD_Clothing_p38.png"
"99_角色產生器零件","現代風產生器","99_角色產生器零件\現代風產生器\TVD\Female\TVD_Clothing_p38_c.png","144","48","dlc\Modern_Generator\parts\Generator\TVD\Female\TVD_Clothing_p38_c.png"
"99_角色產生器零件","現代風產生器","99_角色產生器零件\現代風產生器\TVD\Female\TVD_Clothing_p39.png","144","48","dlc\Modern_Generator\parts\Generator\TVD\Female\TVD_Clothing_p39.png"
"99_角色產生器零件","現代風產生器","99_角色產生器零件\現代風產生器\TVD\Female\TVD_Clothing_p39_c.png","144","48","dlc\Modern_Generator\parts\Generator\TVD\Female\TVD_Clothing_p39_c.png"
"99_角色產生器零件","現代風產生器","99_角色產生器零件\現代風產生器\TVD\Female\TVD_Clothing_p40.png","144","48","dlc\Modern_Generator\parts\Generator\TVD\Female\TVD_Clothing_p40.png"
"99_角色產生器零件","現代風產生器","99_角色產生器零件\現代風產生器\TVD\Female\TVD_Clothing_p40_c.png","144","48","dlc\Modern_Generator\parts\Generator\TVD\Female\TVD_Clothing_p40_c.png"
"99_角色產生器零件","現代風產生器","99_角色產生器零件\現代風產生器\TVD\Female\TVD_Clothing_p41.png","144","48","dlc\Modern_Generator\parts\Generator\TVD\Female\TVD_Clothing_p41.png"
"99_角色產生器零件","現代風產生器","99_角色產生器零件\現代風產生器\TVD\Female\TVD_Clothing_p41_c.png","144","48","dlc\Modern_Generator\parts\Generator\TVD\Female\TVD_Clothing_p41_c.png"
"99_角色產生器零件","現代風產生器","99_角色產生器零件\現代風產生器\TVD\Female\TVD_Clothing_p42.png","144","48","dlc\Modern_Generator\parts\Generator\TVD\Female\TVD_Clothing_p42.png"
"99_角色產生器零件","現代風產生器","99_角色產生器零件\現代風產生器\TVD\Female\TVD_Clothing_p42_c.png","144","48","dlc\Modern_Generator\parts\Generator\TVD\Female\TVD_Clothing_p42_c.png"
"99_角色產生器零件","現代風產生器","99_角色產生器零件\現代風產生器\TVD\Female\TVD_Clothing_p43.png","144","48","dlc\Modern_Generator\parts\Generator\TVD\Female\TVD_Clothing_p43.png"
"99_角色產生器零件","現代風產生器","99_角色產生器零件\現代風產生器\TVD\Female\TVD_Clothing_p43_c.png","144","48","dlc\Modern_Generator\parts\Generator\TVD\Female\TVD_Clothing_p43_c.png"
"99_角色產生器零件","現代風產生器","99_角色產生器零件\現代風產生器\TVD\Female\TVD_Clothing_p44.png","144","48","dlc\Modern_Generator\parts\Generator\TVD\Female\TVD_Clothing_p44.png"
"99_角色產生器零件","現代風產生器","99_角色產生器零件\現代風產生器\TVD\Female\TVD_Clothing_p44_c.png","144","48","dlc\Modern_Generator\parts\Generator\TVD\Female\TVD_Clothing_p44_c.png"
"99_角色產生器零件","現代風產生器","99_角色產生器零件\現代風產生器\TVD\Female\TVD_Clothing_p45.png","144","48","dlc\Modern_Generator\parts\Generator\TVD\Female\TVD_Clothing_p45.png"
"99_角色產生器零件","現代風產生器","99_角色產生器零件\現代風產生器\TVD\Female\TVD_Clothing_p45_c.png","144","48","dlc\Modern_Generator\parts\Generator\TVD\Female\TVD_Clothing_p45_c.png"
"99_角色產生器零件","現代風產生器","99_角色產生器零件\現代風產生器\TVD\Female\TVD_Clothing_p46.png","144","48","dlc\Modern_Generator\parts\Generator\TVD\Female\TVD_Clothing_p46.png"
"99_角色產生器零件","現代風產生器","99_角色產生器零件\現代風產生器\TVD\Female\TVD_Clothing_p46_c.png","144","48","dlc\Modern_Generator\parts\Generator\TVD\Female\TVD_Clothing_p46_c.png"
"99_角色產生器零件","現代風產生器","99_角色產生器零件\現代風產生器\TVD\Female\TVD_Clothing_p47.png","144","48","dlc\Modern_Generator\parts\Generator\TVD\Female\TVD_Clothing_p47.png"
"99_角色產生器零件","現代風產生器","99_角色產生器零件\現代風產生器\TVD\Female\TVD_Clothing_p47_c.png","144","48","dlc\Modern_Generator\parts\Generator\TVD\Female\TVD_Clothing_p47_c.png"
"99_角色產生器零件","現代風產生器","99_角色產生器零件\現代風產生器\TVD\Female\TVD_Clothing_p48.png","144","48","dlc\Modern_Generator\parts\Generator\TVD\Female\TVD_Clothing_p48.png"
"99_角色產生器零件","現代風產生器","99_角色產生器零件\現代風產生器\TVD\Female\TVD_Clothing_p48_c.png","144","48","dlc\Modern_Generator\parts\Generator\TVD\Female\TVD_Clothing_p48_c.png"
"99_角色產生器零件","現代風產生器","99_角色產生器零件\現代風產生器\TVD\Female\TVD_Clothing_p49.png","144","48","dlc\Modern_Generator\parts\Generator\TVD\Female\TVD_Clothing_p49.png"
"99_角色產生器零件","現代風產生器","99_角色產生器零件\現代風產生器\TVD\Female\TVD_Clothing_p49_c.png","144","48","dlc\Modern_Generator\parts\Generator\TVD\Female\TVD_Clothing_p49_c.png"
"99_角色產生器零件","現代風產生器","99_角色產生器零件\現代風產生器\TVD\Female\TVD_Glasses_p07.png","144","48","dlc\Modern_Generator\parts\Generator\TVD\Female\TVD_Glasses_p07.png"
"99_角色產生器零件","現代風產生器","99_角色產生器零件\現代風產生器\TVD\Female\TVD_Glasses_p07_c.png","144","48","dlc\Modern_Generator\parts\Generator\TVD\Female\TVD_Glasses_p07_c.png"
"99_角色產生器零件","現代風產生器","99_角色產生器零件\現代風產生器\TVD\Female\TVD_Glasses_p08_c.png","144","48","dlc\Modern_Generator\parts\Generator\TVD\Female\TVD_Glasses_p08_c.png"
"99_角色產生器零件","現代風產生器","99_角色產生器零件\現代風產生器\TVD\Male\TVD_AccA_p09_c.png","144","48","dlc\Modern_Generator\parts\Generator\TVD\Male\TVD_AccA_p09_c.png"
"99_角色產生器零件","現代風產生器","99_角色產生器零件\現代風產生器\TVD\Male\TVD_AccA_p10_c.png","144","48","dlc\Modern_Generator\parts\Generator\TVD\Male\TVD_AccA_p10_c.png"
"99_角色產生器零件","現代風產生器","99_角色產生器零件\現代風產生器\TVD\Male\TVD_AccA_p11_c.png","144","48","dlc\Modern_Generator\parts\Generator\TVD\Male\TVD_AccA_p11_c.png"
"99_角色產生器零件","現代風產生器","99_角色產生器零件\現代風產生器\TVD\Male\TVD_AccA_p12_c.png","144","48","dlc\Modern_Generator\parts\Generator\TVD\Male\TVD_AccA_p12_c.png"
"99_角色產生器零件","現代風產生器","99_角色產生器零件\現代風產生器\TVD\Male\TVD_AccA_p13_c.png","144","48","dlc\Modern_Generator\parts\Generator\TVD\Male\TVD_AccA_p13_c.png"
"99_角色產生器零件","現代風產生器","99_角色產生器零件\現代風產生器\TVD\Male\TVD_AccA_p14_c.png","144","48","dlc\Modern_Generator\parts\Generator\TVD\Male\TVD_AccA_p14_c.png"
"99_角色產生器零件","現代風產生器","99_角色產生器零件\現代風產生器\TVD\Male\TVD_AccA_p15_c.png","144","48","dlc\Modern_Generator\parts\Generator\TVD\Male\TVD_AccA_p15_c.png"
"99_角色產生器零件","現代風產生器","99_角色產生器零件\現代風產生器\TVD\Male\TVD_AccB_p09_c.png","144","48","dlc\Modern_Generator\parts\Generator\TVD\Male\TVD_AccB_p09_c.png"
"99_角色產生器零件","現代風產生器","99_角色產生器零件\現代風產生器\TVD\Male\TVD_AccB_p10_c.png","144","48","dlc\Modern_Generator\parts\Generator\TVD\Male\TVD_AccB_p10_c.png"
"99_角色產生器零件","現代風產生器","99_角色產生器零件\現代風產生器\TVD\Male\TVD_AccB_p11_c.png","144","48","dlc\Modern_Generator\parts\Generator\TVD\Male\TVD_AccB_p11_c.png"
"99_角色產生器零件","現代風產生器","99_角色產生器零件\現代風產生器\TVD\Male\TVD_AccB_p12_c.png","144","48","dlc\Modern_Generator\parts\Generator\TVD\Male\TVD_AccB_p12_c.png"
"99_角色產生器零件","現代風產生器","99_角色產生器零件\現代風產生器\TVD\Male\TVD_AccB_p13_c.png","144","48","dlc\Modern_Generator\parts\Generator\TVD\Male\TVD_AccB_p13_c.png"
"99_角色產生器零件","現代風產生器","99_角色產生器零件\現代風產生器\TVD\Male\TVD_AccB_p14_c.png","144","48","dlc\Modern_Generator\parts\Generator\TVD\Male\TVD_AccB_p14_c.png"
"99_角色產生器零件","現代風產生器","99_角色產生器零件\現代風產生器\TVD\Male\TVD_Clothing_p27.png","144","48","dlc\Modern_Generator\parts\Generator\TVD\Male\TVD_Clothing_p27.png"
"99_角色產生器零件","現代風產生器","99_角色產生器零件\現代風產生器\TVD\Male\TVD_Clothing_p27_c.png","144","48","dlc\Modern_Generator\parts\Generator\TVD\Male\TVD_Clothing_p27_c.png"
"99_角色產生器零件","現代風產生器","99_角色產生器零件\現代風產生器\TVD\Male\TVD_Clothing_p28.png","144","48","dlc\Modern_Generator\parts\Generator\TVD\Male\TVD_Clothing_p28.png"
"99_角色產生器零件","現代風產生器","99_角色產生器零件\現代風產生器\TVD\Male\TVD_Clothing_p28_c.png","144","48","dlc\Modern_Generator\parts\Generator\TVD\Male\TVD_Clothing_p28_c.png"
"99_角色產生器零件","現代風產生器","99_角色產生器零件\現代風產生器\TVD\Male\TVD_Clothing_p29.png","144","48","dlc\Modern_Generator\parts\Generator\TVD\Male\TVD_Clothing_p29.png"
"99_角色產生器零件","現代風產生器","99_角色產生器零件\現代風產生器\TVD\Male\TVD_Clothing_p29_c.png","144","48","dlc\Modern_Generator\parts\Generator\TVD\Male\TVD_Clothing_p29_c.png"
"99_角色產生器零件","現代風產生器","99_角色產生器零件\現代風產生器\TVD\Male\TVD_Clothing_p30.png","144","48","dlc\Modern_Generator\parts\Generator\TVD\Male\TVD_Clothing_p30.png"
"99_角色產生器零件","現代風產生器","99_角色產生器零件\現代風產生器\TVD\Male\TVD_Clothing_p30_c.png","144","48","dlc\Modern_Generator\parts\Generator\TVD\Male\TVD_Clothing_p30_c.png"
"99_角色產生器零件","現代風產生器","99_角色產生器零件\現代風產生器\TVD\Male\TVD_Clothing_p31.png","144","48","dlc\Modern_Generator\parts\Generator\TVD\Male\TVD_Clothing_p31.png"
"99_角色產生器零件","現代風產生器","99_角色產生器零件\現代風產生器\TVD\Male\TVD_Clothing_p31_c.png","144","48","dlc\Modern_Generator\parts\Generator\TVD\Male\TVD_Clothing_p31_c.png"
"99_角色產生器零件","現代風產生器","99_角色產生器零件\現代風產生器\TVD\Male\TVD_Clothing_p32.png","144","48","dlc\Modern_Generator\parts\Generator\TVD\Male\TVD_Clothing_p32.png"
"99_角色產生器零件","現代風產生器","99_角色產生器零件\現代風產生器\TVD\Male\TVD_Clothing_p32_c.png","144","48","dlc\Modern_Generator\parts\Generator\TVD\Male\TVD_Clothing_p32_c.png"
"99_角色產生器零件","現代風產生器","99_角色產生器零件\現代風產生器\TVD\Male\TVD_Clothing_p33.png","144","48","dlc\Modern_Generator\parts\Generator\TVD\Male\TVD_Clothing_p33.png"
"99_角色產生器零件","現代風產生器","99_角色產生器零件\現代風產生器\TVD\Male\TVD_Clothing_p33_c.png","144","48","dlc\Modern_Generator\parts\Generator\TVD\Male\TVD_Clothing_p33_c.png"
"99_角色產生器零件","現代風產生器","99_角色產生器零件\現代風產生器\TVD\Male\TVD_Clothing_p34.png","144","48","dlc\Modern_Generator\parts\Generator\TVD\Male\TVD_Clothing_p34.png"
"99_角色產生器零件","現代風產生器","99_角色產生器零件\現代風產生器\TVD\Male\TVD_Clothing_p34_c.png","144","48","dlc\Modern_Generator\parts\Generator\TVD\Male\TVD_Clothing_p34_c.png"
"99_角色產生器零件","現代風產生器","99_角色產生器零件\現代風產生器\TVD\Male\TVD_Clothing_p35.png","144","48","dlc\Modern_Generator\parts\Generator\TVD\Male\TVD_Clothing_p35.png"
"99_角色產生器零件","現代風產生器","99_角色產生器零件\現代風產生器\TVD\Male\TVD_Clothing_p35_c.png","144","48","dlc\Modern_Generator\parts\Generator\TVD\Male\TVD_Clothing_p35_c.png"
"99_角色產生器零件","現代風產生器","99_角色產生器零件\現代風產生器\TVD\Male\TVD_Clothing_p36.png","144","48","dlc\Modern_Generator\parts\Generator\TVD\Male\TVD_Clothing_p36.png"
"99_角色產生器零件","現代風產生器","99_角色產生器零件\現代風產生器\TVD\Male\TVD_Clothing_p36_c.png","144","48","dlc\Modern_Generator\parts\Generator\TVD\Male\TVD_Clothing_p36_c.png"
"99_角色產生器零件","現代風產生器","99_角色產生器零件\現代風產生器\TVD\Male\TVD_Clothing_p37.png","144","48","dlc\Modern_Generator\parts\Generator\TVD\Male\TVD_Clothing_p37.png"
"99_角色產生器零件","現代風產生器","99_角色產生器零件\現代風產生器\TVD\Male\TVD_Clothing_p37_c.png","144","48","dlc\Modern_Generator\parts\Generator\TVD\Male\TVD_Clothing_p37_c.png"
"99_角色產生器零件","現代風產生器","99_角色產生器零件\現代風產生器\TVD\Male\TVD_Clothing_p38.png","144","48","dlc\Modern_Generator\parts\Generator\TVD\Male\TVD_Clothing_p38.png"
"99_角色產生器零件","現代風產生器","99_角色產生器零件\現代風產生器\TVD\Male\TVD_Clothing_p38_c.png","144","48","dlc\Modern_Generator\parts\Generator\TVD\Male\TVD_Clothing_p38_c.png"
"99_角色產生器零件","現代風產生器","99_角色產生器零件\現代風產生器\TVD\Male\TVD_Clothing_p39.png","144","48","dlc\Modern_Generator\parts\Generator\TVD\Male\TVD_Clothing_p39.png"
"99_角色產生器零件","現代風產生器","99_角色產生器零件\現代風產生器\TVD\Male\TVD_Clothing_p39_c.png","144","48","dlc\Modern_Generator\parts\Generator\TVD\Male\TVD_Clothing_p39_c.png"
"99_角色產生器零件","現代風產生器","99_角色產生器零件\現代風產生器\TVD\Male\TVD_Clothing_p40.png","144","48","dlc\Modern_Generator\parts\Generator\TVD\Male\TVD_Clothing_p40.png"
"99_角色產生器零件","現代風產生器","99_角色產生器零件\現代風產生器\TVD\Male\TVD_Clothing_p40_c.png","144","48","dlc\Modern_Generator\parts\Generator\TVD\Male\TVD_Clothing_p40_c.png"
"99_角色產生器零件","現代風產生器","99_角色產生器零件\現代風產生器\TVD\Male\TVD_Clothing_p41.png","144","48","dlc\Modern_Generator\parts\Generator\TVD\Male\TVD_Clothing_p41.png"
"99_角色產生器零件","現代風產生器","99_角色產生器零件\現代風產生器\TVD\Male\TVD_Clothing_p41_c.png","144","48","dlc\Modern_Generator\parts\Generator\TVD\Male\TVD_Clothing_p41_c.png"
"99_角色產生器零件","現代風產生器","99_角色產生器零件\現代風產生器\TVD\Male\TVD_Clothing_p42.png","144","48","dlc\Modern_Generator\parts\Generator\TVD\Male\TVD_Clothing_p42.png"
"99_角色產生器零件","現代風產生器","99_角色產生器零件\現代風產生器\TVD\Male\TVD_Glasses_p06_c.png","144","48","dlc\Modern_Generator\parts\Generator\TVD\Male\TVD_Glasses_p06_c.png"
"99_角色產生器零件","現代風產生器","99_角色產生器零件\現代風產生器\TVD\Male\TVD_Glasses_p07_c.png","144","48","dlc\Modern_Generator\parts\Generator\TVD\Male\TVD_Glasses_p07_c.png"
"99_角色產生器零件","現代風產生器","99_角色產生器零件\現代風產生器\TV\Female\TV_AccA_p08.png","144","192","dlc\Modern_Generator\parts\Generator\TV\Female\TV_AccA_p08.png"
"99_角色產生器零件","現代風產生器","99_角色產生器零件\現代風產生器\TV\Female\TV_AccA_p08_c.png","144","192","dlc\Modern_Generator\parts\Generator\TV\Female\TV_AccA_p08_c.png"
"99_角色產生器零件","現代風產生器","99_角色產生器零件\現代風產生器\TV\Female\TV_AccA_p09.png","144","192","dlc\Modern_Generator\parts\Generator\TV\Female\TV_AccA_p09.png"
"99_角色產生器零件","現代風產生器","99_角色產生器零件\現代風產生器\TV\Female\TV_AccA_p09_c.png","144","192","dlc\Modern_Generator\parts\Generator\TV\Female\TV_AccA_p09_c.png"
"99_角色產生器零件","現代風產生器","99_角色產生器零件\現代風產生器\TV\Female\TV_AccA_p10.png","144","192","dlc\Modern_Generator\parts\Generator\TV\Female\TV_AccA_p10.png"
"99_角色產生器零件","現代風產生器","99_角色產生器零件\現代風產生器\TV\Female\TV_AccA_p10_c.png","144","192","dlc\Modern_Generator\parts\Generator\TV\Female\TV_AccA_p10_c.png"
"99_角色產生器零件","現代風產生器","99_角色產生器零件\現代風產生器\TV\Female\TV_AccA_p11.png","144","192","dlc\Modern_Generator\parts\Generator\TV\Female\TV_AccA_p11.png"
"99_角色產生器零件","現代風產生器","99_角色產生器零件\現代風產生器\TV\Female\TV_AccA_p11_c.png","144","192","dlc\Modern_Generator\parts\Generator\TV\Female\TV_AccA_p11_c.png"
"99_角色產生器零件","現代風產生器","99_角色產生器零件\現代風產生器\TV\Female\TV_AccA_p12.png","144","192","dlc\Modern_Generator\parts\Generator\TV\Female\TV_AccA_p12.png"
"99_角色產生器零件","現代風產生器","99_角色產生器零件\現代風產生器\TV\Female\TV_AccA_p12_c.png","144","192","dlc\Modern_Generator\parts\Generator\TV\Female\TV_AccA_p12_c.png"
"99_角色產生器零件","現代風產生器","99_角色產生器零件\現代風產生器\TV\Female\TV_AccA_p13.png","144","192","dlc\Modern_Generator\parts\Generator\TV\Female\TV_AccA_p13.png"
"99_角色產生器零件","現代風產生器","99_角色產生器零件\現代風產生器\TV\Female\TV_AccA_p13_c.png","144","192","dlc\Modern_Generator\parts\Generator\TV\Female\TV_AccA_p13_c.png"
"99_角色產生器零件","現代風產生器","99_角色產生器零件\現代風產生器\TV\Female\TV_AccA_p14.png","144","192","dlc\Modern_Generator\parts\Generator\TV\Female\TV_AccA_p14.png"
"99_角色產生器零件","現代風產生器","99_角色產生器零件\現代風產生器\TV\Female\TV_AccA_p14_c.png","144","192","dlc\Modern_Generator\parts\Generator\TV\Female\TV_AccA_p14_c.png"
"99_角色產生器零件","現代風產生器","99_角色產生器零件\現代風產生器\TV\Female\TV_AccB_p11.png","144","192","dlc\Modern_Generator\parts\Generator\TV\Female\TV_AccB_p11.png"
"99_角色產生器零件","現代風產生器","99_角色產生器零件\現代風產生器\TV\Female\TV_AccB_p11_c.png","144","192","dlc\Modern_Generator\parts\Generator\TV\Female\TV_AccB_p11_c.png"
"99_角色產生器零件","現代風產生器","99_角色產生器零件\現代風產生器\TV\Female\TV_AccB_p12.png","144","192","dlc\Modern_Generator\parts\Generator\TV\Female\TV_AccB_p12.png"
"99_角色產生器零件","現代風產生器","99_角色產生器零件\現代風產生器\TV\Female\TV_AccB_p12_c.png","144","192","dlc\Modern_Generator\parts\Generator\TV\Female\TV_AccB_p12_c.png"
"99_角色產生器零件","現代風產生器","99_角色產生器零件\現代風產生器\TV\Female\TV_AccB_p13.png","144","192","dlc\Modern_Generator\parts\Generator\TV\Female\TV_AccB_p13.png"
"99_角色產生器零件","現代風產生器","99_角色產生器零件\現代風產生器\TV\Female\TV_AccB_p13_c.png","144","192","dlc\Modern_Generator\parts\Generator\TV\Female\TV_AccB_p13_c.png"
"99_角色產生器零件","現代風產生器","99_角色產生器零件\現代風產生器\TV\Female\TV_AccB_p14.png","144","192","dlc\Modern_Generator\parts\Generator\TV\Female\TV_AccB_p14.png"
"99_角色產生器零件","現代風產生器","99_角色產生器零件\現代風產生器\TV\Female\TV_AccB_p14_c.png","144","192","dlc\Modern_Generator\parts\Generator\TV\Female\TV_AccB_p14_c.png"
"99_角色產生器零件","現代風產生器","99_角色產生器零件\現代風產生器\TV\Female\TV_AccB_p15.png","144","192","dlc\Modern_Generator\parts\Generator\TV\Female\TV_AccB_p15.png"
"99_角色產生器零件","現代風產生器","99_角色產生器零件\現代風產生器\TV\Female\TV_AccB_p15_c.png","144","192","dlc\Modern_Generator\parts\Generator\TV\Female\TV_AccB_p15_c.png"
"99_角色產生器零件","現代風產生器","99_角色產生器零件\現代風產生器\TV\Female\TV_AccB_p16.png","144","192","dlc\Modern_Generator\parts\Generator\TV\Female\TV_AccB_p16.png"
"99_角色產生器零件","現代風產生器","99_角色產生器零件\現代風產生器\TV\Female\TV_AccB_p16_c.png","144","192","dlc\Modern_Generator\parts\Generator\TV\Female\TV_AccB_p16_c.png"
"99_角色產生器零件","現代風產生器","99_角色產生器零件\現代風產生器\TV\Female\TV_Clothing1_p27.png","144","192","dlc\Modern_Generator\parts\Generator\TV\Female\TV_Clothing1_p27.png"
"99_角色產生器零件","現代風產生器","99_角色產生器零件\現代風產生器\TV\Female\TV_Clothing1_p27_c.png","144","192","dlc\Modern_Generator\parts\Generator\TV\Female\TV_Clothing1_p27_c.png"
"99_角色產生器零件","現代風產生器","99_角色產生器零件\現代風產生器\TV\Female\TV_Clothing1_p28.png","144","192","dlc\Modern_Generator\parts\Generator\TV\Female\TV_Clothing1_p28.png"
"99_角色產生器零件","現代風產生器","99_角色產生器零件\現代風產生器\TV\Female\TV_Clothing1_p28_c.png","144","192","dlc\Modern_Generator\parts\Generator\TV\Female\TV_Clothing1_p28_c.png"
"99_角色產生器零件","現代風產生器","99_角色產生器零件\現代風產生器\TV\Female\TV_Clothing1_p29.png","144","192","dlc\Modern_Generator\parts\Generator\TV\Female\TV_Clothing1_p29.png"
"99_角色產生器零件","現代風產生器","99_角色產生器零件\現代風產生器\TV\Female\TV_Clothing1_p29_c.png","144","192","dlc\Modern_Generator\parts\Generator\TV\Female\TV_Clothing1_p29_c.png"
"99_角色產生器零件","現代風產生器","99_角色產生器零件\現代風產生器\TV\Female\TV_Clothing1_p30.png","144","192","dlc\Modern_Generator\parts\Generator\TV\Female\TV_Clothing1_p30.png"
"99_角色產生器零件","現代風產生器","99_角色產生器零件\現代風產生器\TV\Female\TV_Clothing1_p30_c.png","144","192","dlc\Modern_Generator\parts\Generator\TV\Female\TV_Clothing1_p30_c.png"
"99_角色產生器零件","現代風產生器","99_角色產生器零件\現代風產生器\TV\Female\TV_Clothing1_p31.png","144","192","dlc\Modern_Generator\parts\Generator\TV\Female\TV_Clothing1_p31.png"
"99_角色產生器零件","現代風產生器","99_角色產生器零件\現代風產生器\TV\Female\TV_Clothing1_p31_c.png","144","192","dlc\Modern_Generator\parts\Generator\TV\Female\TV_Clothing1_p31_c.png"
"99_角色產生器零件","現代風產生器","99_角色產生器零件\現代風產生器\TV\Female\TV_Clothing1_p32.png","144","192","dlc\Modern_Generator\parts\Generator\TV\Female\TV_Clothing1_p32.png"
"99_角色產生器零件","現代風產生器","99_角色產生器零件\現代風產生器\TV\Female\TV_Clothing1_p32_c.png","144","192","dlc\Modern_Generator\parts\Generator\TV\Female\TV_Clothing1_p32_c.png"
"99_角色產生器零件","現代風產生器","99_角色產生器零件\現代風產生器\TV\Female\TV_Clothing1_p33.png","144","192","dlc\Modern_Generator\parts\Generator\TV\Female\TV_Clothing1_p33.png"
"99_角色產生器零件","現代風產生器","99_角色產生器零件\現代風產生器\TV\Female\TV_Clothing1_p33_c.png","144","192","dlc\Modern_Generator\parts\Generator\TV\Female\TV_Clothing1_p33_c.png"
"99_角色產生器零件","現代風產生器","99_角色產生器零件\現代風產生器\TV\Female\TV_Clothing1_p34.png","144","192","dlc\Modern_Generator\parts\Generator\TV\Female\TV_Clothing1_p34.png"
"99_角色產生器零件","現代風產生器","99_角色產生器零件\現代風產生器\TV\Female\TV_Clothing1_p34_c.png","144","192","dlc\Modern_Generator\parts\Generator\TV\Female\TV_Clothing1_p34_c.png"
"99_角色產生器零件","現代風產生器","99_角色產生器零件\現代風產生器\TV\Female\TV_Clothing1_p35.png","144","192","dlc\Modern_Generator\parts\Generator\TV\Female\TV_Clothing1_p35.png"
"99_角色產生器零件","現代風產生器","99_角色產生器零件\現代風產生器\TV\Female\TV_Clothing1_p35_c.png","144","192","dlc\Modern_Generator\parts\Generator\TV\Female\TV_Clothing1_p35_c.png"
"99_角色產生器零件","現代風產生器","99_角色產生器零件\現代風產生器\TV\Female\TV_Clothing1_p36.png","144","192","dlc\Modern_Generator\parts\Generator\TV\Female\TV_Clothing1_p36.png"
"99_角色產生器零件","現代風產生器","99_角色產生器零件\現代風產生器\TV\Female\TV_Clothing1_p36_c.png","144","192","dlc\Modern_Generator\parts\Generator\TV\Female\TV_Clothing1_p36_c.png"
"99_角色產生器零件","現代風產生器","99_角色產生器零件\現代風產生器\TV\Female\TV_Clothing1_p37.png","144","192","dlc\Modern_Generator\parts\Generator\TV\Female\TV_Clothing1_p37.png"
"99_角色產生器零件","現代風產生器","99_角色產生器零件\現代風產生器\TV\Female\TV_Clothing1_p37_c.png","144","192","dlc\Modern_Generator\parts\Generator\TV\Female\TV_Clothing1_p37_c.png"
"99_角色產生器零件","現代風產生器","99_角色產生器零件\現代風產生器\TV\Female\TV_Clothing1_p38.png","144","192","dlc\Modern_Generator\parts\Generator\TV\Female\TV_Clothing1_p38.png"
"99_角色產生器零件","現代風產生器","99_角色產生器零件\現代風產生器\TV\Female\TV_Clothing1_p38_c.png","144","192","dlc\Modern_Generator\parts\Generator\TV\Female\TV_Clothing1_p38_c.png"
"99_角色產生器零件","現代風產生器","99_角色產生器零件\現代風產生器\TV\Female\TV_Clothing1_p39.png","144","192","dlc\Modern_Generator\parts\Generator\TV\Female\TV_Clothing1_p39.png"
"99_角色產生器零件","現代風產生器","99_角色產生器零件\現代風產生器\TV\Female\TV_Clothing1_p39_c.png","144","192","dlc\Modern_Generator\parts\Generator\TV\Female\TV_Clothing1_p39_c.png"
"99_角色產生器零件","現代風產生器","99_角色產生器零件\現代風產生器\TV\Female\TV_Clothing1_p40.png","144","192","dlc\Modern_Generator\parts\Generator\TV\Female\TV_Clothing1_p40.png"
"99_角色產生器零件","現代風產生器","99_角色產生器零件\現代風產生器\TV\Female\TV_Clothing1_p40_c.png","144","192","dlc\Modern_Generator\parts\Generator\TV\Female\TV_Clothing1_p40_c.png"
"99_角色產生器零件","現代風產生器","99_角色產生器零件\現代風產生器\TV\Female\TV_Clothing1_p41.png","144","192","dlc\Modern_Generator\parts\Generator\TV\Female\TV_Clothing1_p41.png"
"99_角色產生器零件","現代風產生器","99_角色產生器零件\現代風產生器\TV\Female\TV_Clothing1_p41_c.png","144","192","dlc\Modern_Generator\parts\Generator\TV\Female\TV_Clothing1_p41_c.png"
"99_角色產生器零件","現代風產生器","99_角色產生器零件\現代風產生器\TV\Female\TV_Clothing1_p42.png","144","192","dlc\Modern_Generator\parts\Generator\TV\Female\TV_Clothing1_p42.png"
"99_角色產生器零件","現代風產生器","99_角色產生器零件\現代風產生器\TV\Female\TV_Clothing1_p42_c.png","144","192","dlc\Modern_Generator\parts\Generator\TV\Female\TV_Clothing1_p42_c.png"
"99_角色產生器零件","現代風產生器","99_角色產生器零件\現代風產生器\TV\Female\TV_Clothing1_p43.png","144","192","dlc\Modern_Generator\parts\Generator\TV\Female\TV_Clothing1_p43.png"
"99_角色產生器零件","現代風產生器","99_角色產生器零件\現代風產生器\TV\Female\TV_Clothing1_p43_c.png","144","192","dlc\Modern_Generator\parts\Generator\TV\Female\TV_Clothing1_p43_c.png"
"99_角色產生器零件","現代風產生器","99_角色產生器零件\現代風產生器\TV\Female\TV_Clothing1_p44.png","144","192","dlc\Modern_Generator\parts\Generator\TV\Female\TV_Clothing1_p44.png"
"99_角色產生器零件","現代風產生器","99_角色產生器零件\現代風產生器\TV\Female\TV_Clothing1_p44_c.png","144","192","dlc\Modern_Generator\parts\Generator\TV\Female\TV_Clothing1_p44_c.png"
"99_角色產生器零件","現代風產生器","99_角色產生器零件\現代風產生器\TV\Female\TV_Clothing1_p45.png","144","192","dlc\Modern_Generator\parts\Generator\TV\Female\TV_Clothing1_p45.png"
"99_角色產生器零件","現代風產生器","99_角色產生器零件\現代風產生器\TV\Female\TV_Clothing1_p45_c.png","144","192","dlc\Modern_Generator\parts\Generator\TV\Female\TV_Clothing1_p45_c.png"
"99_角色產生器零件","現代風產生器","99_角色產生器零件\現代風產生器\TV\Female\TV_Clothing1_p46.png","144","192","dlc\Modern_Generator\parts\Generator\TV\Female\TV_Clothing1_p46.png"
"99_角色產生器零件","現代風產生器","99_角色產生器零件\現代風產生器\TV\Female\TV_Clothing1_p46_c.png","144","192","dlc\Modern_Generator\parts\Generator\TV\Female\TV_Clothing1_p46_c.png"
"99_角色產生器零件","現代風產生器","99_角色產生器零件\現代風產生器\TV\Female\TV_Clothing1_p47.png","144","192","dlc\Modern_Generator\parts\Generator\TV\Female\TV_Clothing1_p47.png"
"99_角色產生器零件","現代風產生器","99_角色產生器零件\現代風產生器\TV\Female\TV_Clothing1_p47_c.png","144","192","dlc\Modern_Generator\parts\Generator\TV\Female\TV_Clothing1_p47_c.png"
"99_角色產生器零件","現代風產生器","99_角色產生器零件\現代風產生器\TV\Female\TV_Clothing1_p48.png","144","192","dlc\Modern_Generator\parts\Generator\TV\Female\TV_Clothing1_p48.png"
"99_角色產生器零件","現代風產生器","99_角色產生器零件\現代風產生器\TV\Female\TV_Clothing1_p48_c.png","144","192","dlc\Modern_Generator\parts\Generator\TV\Female\TV_Clothing1_p48_c.png"
"99_角色產生器零件","現代風產生器","99_角色產生器零件\現代風產生器\TV\Female\TV_Clothing1_p49.png","144","192","dlc\Modern_Generator\parts\Generator\TV\Female\TV_Clothing1_p49.png"
"99_角色產生器零件","現代風產生器","99_角色產生器零件\現代風產生器\TV\Female\TV_Clothing1_p49_c.png","144","192","dlc\Modern_Generator\parts\Generator\TV\Female\TV_Clothing1_p49_c.png"
"99_角色產生器零件","現代風產生器","99_角色產生器零件\現代風產生器\TV\Female\TV_Glasses_p07.png","144","192","dlc\Modern_Generator\parts\Generator\TV\Female\TV_Glasses_p07.png"
"99_角色產生器零件","現代風產生器","99_角色產生器零件\現代風產生器\TV\Female\TV_Glasses_p07_c.png","144","192","dlc\Modern_Generator\parts\Generator\TV\Female\TV_Glasses_p07_c.png"
"99_角色產生器零件","現代風產生器","99_角色產生器零件\現代風產生器\TV\Male\TV_AccA_p09_c.png","144","192","dlc\Modern_Generator\parts\Generator\TV\Male\TV_AccA_p09_c.png"
"99_角色產生器零件","現代風產生器","99_角色產生器零件\現代風產生器\TV\Male\TV_AccA_p10.png","144","192","dlc\Modern_Generator\parts\Generator\TV\Male\TV_AccA_p10.png"
"99_角色產生器零件","現代風產生器","99_角色產生器零件\現代風產生器\TV\Male\TV_AccA_p10_c.png","144","192","dlc\Modern_Generator\parts\Generator\TV\Male\TV_AccA_p10_c.png"
"99_角色產生器零件","現代風產生器","99_角色產生器零件\現代風產生器\TV\Male\TV_AccA_p11_c.png","144","192","dlc\Modern_Generator\parts\Generator\TV\Male\TV_AccA_p11_c.png"
"99_角色產生器零件","現代風產生器","99_角色產生器零件\現代風產生器\TV\Male\TV_AccA_p12_c.png","144","192","dlc\Modern_Generator\parts\Generator\TV\Male\TV_AccA_p12_c.png"
"99_角色產生器零件","現代風產生器","99_角色產生器零件\現代風產生器\TV\Male\TV_AccA_p13.png","144","192","dlc\Modern_Generator\parts\Generator\TV\Male\TV_AccA_p13.png"
"99_角色產生器零件","現代風產生器","99_角色產生器零件\現代風產生器\TV\Male\TV_AccA_p13_c.png","144","192","dlc\Modern_Generator\parts\Generator\TV\Male\TV_AccA_p13_c.png"
"99_角色產生器零件","現代風產生器","99_角色產生器零件\現代風產生器\TV\Male\TV_AccA_p14.png","144","192","dlc\Modern_Generator\parts\Generator\TV\Male\TV_AccA_p14.png"
"99_角色產生器零件","現代風產生器","99_角色產生器零件\現代風產生器\TV\Male\TV_AccA_p14_c.png","144","192","dlc\Modern_Generator\parts\Generator\TV\Male\TV_AccA_p14_c.png"
"99_角色產生器零件","現代風產生器","99_角色產生器零件\現代風產生器\TV\Male\TV_AccA_p15.png","144","192","dlc\Modern_Generator\parts\Generator\TV\Male\TV_AccA_p15.png"
"99_角色產生器零件","現代風產生器","99_角色產生器零件\現代風產生器\TV\Male\TV_AccA_p15_c.png","144","192","dlc\Modern_Generator\parts\Generator\TV\Male\TV_AccA_p15_c.png"
"99_角色產生器零件","現代風產生器","99_角色產生器零件\現代風產生器\TV\Male\TV_AccB_p09_c.png","144","192","dlc\Modern_Generator\parts\Generator\TV\Male\TV_AccB_p09_c.png"
"99_角色產生器零件","現代風產生器","99_角色產生器零件\現代風產生器\TV\Male\TV_AccB_p10.png","144","192","dlc\Modern_Generator\parts\Generator\TV\Male\TV_AccB_p10.png"
"99_角色產生器零件","現代風產生器","99_角色產生器零件\現代風產生器\TV\Male\TV_AccB_p10_c.png","144","192","dlc\Modern_Generator\parts\Generator\TV\Male\TV_AccB_p10_c.png"
"99_角色產生器零件","現代風產生器","99_角色產生器零件\現代風產生器\TV\Male\TV_AccB_p11.png","144","192","dlc\Modern_Generator\parts\Generator\TV\Male\TV_AccB_p11.png"
"99_角色產生器零件","現代風產生器","99_角色產生器零件\現代風產生器\TV\Male\TV_AccB_p11_c.png","144","192","dlc\Modern_Generator\parts\Generator\TV\Male\TV_AccB_p11_c.png"
"99_角色產生器零件","現代風產生器","99_角色產生器零件\現代風產生器\TV\Male\TV_AccB_p12_c.png","144","192","dlc\Modern_Generator\parts\Generator\TV\Male\TV_AccB_p12_c.png"
"99_角色產生器零件","現代風產生器","99_角色產生器零件\現代風產生器\TV\Male\TV_AccB_p13_c.png","144","192","dlc\Modern_Generator\parts\Generator\TV\Male\TV_AccB_p13_c.png"
"99_角色產生器零件","現代風產生器","99_角色產生器零件\現代風產生器\TV\Male\TV_AccB_p14_c.png","144","192","dlc\Modern_Generator\parts\Generator\TV\Male\TV_AccB_p14_c.png"
"99_角色產生器零件","現代風產生器","99_角色產生器零件\現代風產生器\TV\Male\TV_Clothing1_p24.png","144","192","dlc\Modern_Generator\parts\Generator\TV\Male\TV_Clothing1_p24.png"
"99_角色產生器零件","現代風產生器","99_角色產生器零件\現代風產生器\TV\Male\TV_Clothing1_p24_c.png","144","192","dlc\Modern_Generator\parts\Generator\TV\Male\TV_Clothing1_p24_c.png"
"99_角色產生器零件","現代風產生器","99_角色產生器零件\現代風產生器\TV\Male\TV_Clothing1_p25.png","144","192","dlc\Modern_Generator\parts\Generator\TV\Male\TV_Clothing1_p25.png"
"99_角色產生器零件","現代風產生器","99_角色產生器零件\現代風產生器\TV\Male\TV_Clothing1_p25_c.png","144","192","dlc\Modern_Generator\parts\Generator\TV\Male\TV_Clothing1_p25_c.png"
"99_角色產生器零件","現代風產生器","99_角色產生器零件\現代風產生器\TV\Male\TV_Clothing1_p26.png","144","192","dlc\Modern_Generator\parts\Generator\TV\Male\TV_Clothing1_p26.png"
"99_角色產生器零件","現代風產生器","99_角色產生器零件\現代風產生器\TV\Male\TV_Clothing1_p26_c.png","144","192","dlc\Modern_Generator\parts\Generator\TV\Male\TV_Clothing1_p26_c.png"
"99_角色產生器零件","現代風產生器","99_角色產生器零件\現代風產生器\TV\Male\TV_Clothing1_p27.png","144","192","dlc\Modern_Generator\parts\Generator\TV\Male\TV_Clothing1_p27.png"
"99_角色產生器零件","現代風產生器","99_角色產生器零件\現代風產生器\TV\Male\TV_Clothing1_p27_c.png","144","192","dlc\Modern_Generator\parts\Generator\TV\Male\TV_Clothing1_p27_c.png"
"99_角色產生器零件","現代風產生器","99_角色產生器零件\現代風產生器\TV\Male\TV_Clothing1_p28.png","144","192","dlc\Modern_Generator\parts\Generator\TV\Male\TV_Clothing1_p28.png"
"99_角色產生器零件","現代風產生器","99_角色產生器零件\現代風產生器\TV\Male\TV_Clothing1_p28_c.png","144","192","dlc\Modern_Generator\parts\Generator\TV\Male\TV_Clothing1_p28_c.png"
"99_角色產生器零件","現代風產生器","99_角色產生器零件\現代風產生器\TV\Male\TV_Clothing1_p29.png","144","192","dlc\Modern_Generator\parts\Generator\TV\Male\TV_Clothing1_p29.png"
"99_角色產生器零件","現代風產生器","99_角色產生器零件\現代風產生器\TV\Male\TV_Clothing1_p29_c.png","144","192","dlc\Modern_Generator\parts\Generator\TV\Male\TV_Clothing1_p29_c.png"
"99_角色產生器零件","現代風產生器","99_角色產生器零件\現代風產生器\TV\Male\TV_Clothing1_p30.png","144","192","dlc\Modern_Generator\parts\Generator\TV\Male\TV_Clothing1_p30.png"
"99_角色產生器零件","現代風產生器","99_角色產生器零件\現代風產生器\TV\Male\TV_Clothing1_p30_c.png","144","192","dlc\Modern_Generator\parts\Generator\TV\Male\TV_Clothing1_p30_c.png"
"99_角色產生器零件","現代風產生器","99_角色產生器零件\現代風產生器\TV\Male\TV_Clothing1_p31.png","144","192","dlc\Modern_Generator\parts\Generator\TV\Male\TV_Clothing1_p31.png"
"99_角色產生器零件","現代風產生器","99_角色產生器零件\現代風產生器\TV\Male\TV_Clothing1_p31_c.png","144","192","dlc\Modern_Generator\parts\Generator\TV\Male\TV_Clothing1_p31_c.png"
"99_角色產生器零件","現代風產生器","99_角色產生器零件\現代風產生器\TV\Male\TV_Clothing1_p32.png","144","192","dlc\Modern_Generator\parts\Generator\TV\Male\TV_Clothing1_p32.png"
"99_角色產生器零件","現代風產生器","99_角色產生器零件\現代風產生器\TV\Male\TV_Clothing1_p32_c.png","144","192","dlc\Modern_Generator\parts\Generator\TV\Male\TV_Clothing1_p32_c.png"
"99_角色產生器零件","現代風產生器","99_角色產生器零件\現代風產生器\TV\Male\TV_Clothing1_p33.png","144","192","dlc\Modern_Generator\parts\Generator\TV\Male\TV_Clothing1_p33.png"
"99_角色產生器零件","現代風產生器","99_角色產生器零件\現代風產生器\TV\Male\TV_Clothing1_p33_c.png","144","192","dlc\Modern_Generator\parts\Generator\TV\Male\TV_Clothing1_p33_c.png"
"99_角色產生器零件","現代風產生器","99_角色產生器零件\現代風產生器\TV\Male\TV_Clothing1_p34.png","144","192","dlc\Modern_Generator\parts\Generator\TV\Male\TV_Clothing1_p34.png"
"99_角色產生器零件","現代風產生器","99_角色產生器零件\現代風產生器\TV\Male\TV_Clothing1_p34_c.png","144","192","dlc\Modern_Generator\parts\Generator\TV\Male\TV_Clothing1_p34_c.png"
"99_角色產生器零件","現代風產生器","99_角色產生器零件\現代風產生器\TV\Male\TV_Clothing1_p35.png","144","192","dlc\Modern_Generator\parts\Generator\TV\Male\TV_Clothing1_p35.png"
"99_角色產生器零件","現代風產生器","99_角色產生器零件\現代風產生器\TV\Male\TV_Clothing1_p35_c.png","144","192","dlc\Modern_Generator\parts\Generator\TV\Male\TV_Clothing1_p35_c.png"
"99_角色產生器零件","現代風產生器","99_角色產生器零件\現代風產生器\TV\Male\TV_Clothing1_p36.png","144","192","dlc\Modern_Generator\parts\Generator\TV\Male\TV_Clothing1_p36.png"
"99_角色產生器零件","現代風產生器","99_角色產生器零件\現代風產生器\TV\Male\TV_Clothing1_p36_c.png","144","192","dlc\Modern_Generator\parts\Generator\TV\Male\TV_Clothing1_p36_c.png"
"99_角色產生器零件","現代風產生器","99_角色產生器零件\現代風產生器\TV\Male\TV_Clothing1_p37.png","144","192","dlc\Modern_Generator\parts\Generator\TV\Male\TV_Clothing1_p37.png"
"99_角色產生器零件","現代風產生器","99_角色產生器零件\現代風產生器\TV\Male\TV_Clothing1_p37_c.png","144","192","dlc\Modern_Generator\parts\Generator\TV\Male\TV_Clothing1_p37_c.png"
"99_角色產生器零件","現代風產生器","99_角色產生器零件\現代風產生器\TV\Male\TV_Clothing1_p38.png","144","192","dlc\Modern_Generator\parts\Generator\TV\Male\TV_Clothing1_p38.png"
"99_角色產生器零件","現代風產生器","99_角色產生器零件\現代風產生器\TV\Male\TV_Clothing1_p38_c.png","144","192","dlc\Modern_Generator\parts\Generator\TV\Male\TV_Clothing1_p38_c.png"
"99_角色產生器零件","現代風產生器","99_角色產生器零件\現代風產生器\TV\Male\TV_Clothing1_p39.png","144","192","dlc\Modern_Generator\parts\Generator\TV\Male\TV_Clothing1_p39.png"
"99_角色產生器零件","現代風產生器","99_角色產生器零件\現代風產生器\TV\Male\TV_Clothing1_p39_c.png","144","192","dlc\Modern_Generator\parts\Generator\TV\Male\TV_Clothing1_p39_c.png"
"99_角色產生器零件","現代風產生器","99_角色產生器零件\現代風產生器\TV\Male\TV_Clothing1_p40.png","144","192","dlc\Modern_Generator\parts\Generator\TV\Male\TV_Clothing1_p40.png"
"99_角色產生器零件","現代風產生器","99_角色產生器零件\現代風產生器\TV\Male\TV_Clothing1_p40_c.png","144","192","dlc\Modern_Generator\parts\Generator\TV\Male\TV_Clothing1_p40_c.png"
"99_角色產生器零件","現代風產生器","99_角色產生器零件\現代風產生器\TV\Male\TV_Clothing1_p41.png","144","192","dlc\Modern_Generator\parts\Generator\TV\Male\TV_Clothing1_p41.png"
"99_角色產生器零件","現代風產生器","99_角色產生器零件\現代風產生器\TV\Male\TV_Clothing1_p41_c.png","144","192","dlc\Modern_Generator\parts\Generator\TV\Male\TV_Clothing1_p41_c.png"
"99_角色產生器零件","現代風產生器","99_角色產生器零件\現代風產生器\TV\Male\TV_Clothing1_p42.png","144","192","dlc\Modern_Generator\parts\Generator\TV\Male\TV_Clothing1_p42.png"
"99_角色產生器零件","現代風產生器","99_角色產生器零件\現代風產生器\TV\Male\TV_Clothing1_p42_c.png","144","192","dlc\Modern_Generator\parts\Generator\TV\Male\TV_Clothing1_p42_c.png"
"99_角色產生器零件","現代風產生器","99_角色產生器零件\現代風產生器\TV\Male\TV_Clothing1_p43.png","144","192","dlc\Modern_Generator\parts\Generator\TV\Male\TV_Clothing1_p43.png"
"99_角色產生器零件","現代風產生器","99_角色產生器零件\現代風產生器\TV\Male\TV_Clothing1_p43_c.png","144","192","dlc\Modern_Generator\parts\Generator\TV\Male\TV_Clothing1_p43_c.png"
"99_角色產生器零件","現代風產生器","99_角色產生器零件\現代風產生器\TV\Male\TV_Glasses_p06_c.png","144","192","dlc\Modern_Generator\parts\Generator\TV\Male\TV_Glasses_p06_c.png"
"99_角色產生器零件","現代風產生器","99_角色產生器零件\現代風產生器\Variation\Female\icon_AccA_p08.png","64","64","dlc\Modern_Generator\parts\Generator\Variation\Female\icon_AccA_p08.png"
"99_角色產生器零件","現代風產生器","99_角色產生器零件\現代風產生器\Variation\Female\icon_AccA_p09.png","64","64","dlc\Modern_Generator\parts\Generator\Variation\Female\icon_AccA_p09.png"
"99_角色產生器零件","現代風產生器","99_角色產生器零件\現代風產生器\Variation\Female\icon_AccA_p10.png","64","64","dlc\Modern_Generator\parts\Generator\Variation\Female\icon_AccA_p10.png"
"99_角色產生器零件","現代風產生器","99_角色產生器零件\現代風產生器\Variation\Female\icon_AccA_p11.png","64","64","dlc\Modern_Generator\parts\Generator\Variation\Female\icon_AccA_p11.png"
"99_角色產生器零件","現代風產生器","99_角色產生器零件\現代風產生器\Variation\Female\icon_AccA_p12.png","64","64","dlc\Modern_Generator\parts\Generator\Variation\Female\icon_AccA_p12.png"
"99_角色產生器零件","現代風產生器","99_角色產生器零件\現代風產生器\Variation\Female\icon_AccA_p13.png","64","64","dlc\Modern_Generator\parts\Generator\Variation\Female\icon_AccA_p13.png"
"99_角色產生器零件","現代風產生器","99_角色產生器零件\現代風產生器\Variation\Female\icon_AccA_p14.png","64","64","dlc\Modern_Generator\parts\Generator\Variation\Female\icon_AccA_p14.png"
"99_角色產生器零件","現代風產生器","99_角色產生器零件\現代風產生器\Variation\Female\icon_AccB_p11.png","64","64","dlc\Modern_Generator\parts\Generator\Variation\Female\icon_AccB_p11.png"
"99_角色產生器零件","現代風產生器","99_角色產生器零件\現代風產生器\Variation\Female\icon_AccB_p12.png","64","64","dlc\Modern_Generator\parts\Generator\Variation\Female\icon_AccB_p12.png"
"99_角色產生器零件","現代風產生器","99_角色產生器零件\現代風產生器\Variation\Female\icon_AccB_p13.png","64","64","dlc\Modern_Generator\parts\Generator\Variation\Female\icon_AccB_p13.png"
"99_角色產生器零件","現代風產生器","99_角色產生器零件\現代風產生器\Variation\Female\icon_AccB_p14.png","64","64","dlc\Modern_Generator\parts\Generator\Variation\Female\icon_AccB_p14.png"
"99_角色產生器零件","現代風產生器","99_角色產生器零件\現代風產生器\Variation\Female\icon_AccB_p15.png","64","64","dlc\Modern_Generator\parts\Generator\Variation\Female\icon_AccB_p15.png"
"99_角色產生器零件","現代風產生器","99_角色產生器零件\現代風產生器\Variation\Female\icon_AccB_p16.png","64","64","dlc\Modern_Generator\parts\Generator\Variation\Female\icon_AccB_p16.png"
"99_角色產生器零件","現代風產生器","99_角色產生器零件\現代風產生器\Variation\Female\icon_Clothing_p27.png","64","64","dlc\Modern_Generator\parts\Generator\Variation\Female\icon_Clothing_p27.png"
"99_角色產生器零件","現代風產生器","99_角色產生器零件\現代風產生器\Variation\Female\icon_Clothing_p28.png","64","64","dlc\Modern_Generator\parts\Generator\Variation\Female\icon_Clothing_p28.png"
"99_角色產生器零件","現代風產生器","99_角色產生器零件\現代風產生器\Variation\Female\icon_Clothing_p29.png","64","64","dlc\Modern_Generator\parts\Generator\Variation\Female\icon_Clothing_p29.png"
"99_角色產生器零件","現代風產生器","99_角色產生器零件\現代風產生器\Variation\Female\icon_Clothing_p30.png","64","64","dlc\Modern_Generator\parts\Generator\Variation\Female\icon_Clothing_p30.png"
"99_角色產生器零件","現代風產生器","99_角色產生器零件\現代風產生器\Variation\Female\icon_Clothing_p31.png","64","64","dlc\Modern_Generator\parts\Generator\Variation\Female\icon_Clothing_p31.png"
"99_角色產生器零件","現代風產生器","99_角色產生器零件\現代風產生器\Variation\Female\icon_Clothing_p32.png","64","64","dlc\Modern_Generator\parts\Generator\Variation\Female\icon_Clothing_p32.png"
"99_角色產生器零件","現代風產生器","99_角色產生器零件\現代風產生器\Variation\Female\icon_Clothing_p33.png","64","64","dlc\Modern_Generator\parts\Generator\Variation\Female\icon_Clothing_p33.png"
"99_角色產生器零件","現代風產生器","99_角色產生器零件\現代風產生器\Variation\Female\icon_Clothing_p34.png","64","64","dlc\Modern_Generator\parts\Generator\Variation\Female\icon_Clothing_p34.png"
"99_角色產生器零件","現代風產生器","99_角色產生器零件\現代風產生器\Variation\Female\icon_Clothing_p35.png","64","64","dlc\Modern_Generator\parts\Generator\Variation\Female\icon_Clothing_p35.png"
"99_角色產生器零件","現代風產生器","99_角色產生器零件\現代風產生器\Variation\Female\icon_Clothing_p36.png","64","64","dlc\Modern_Generator\parts\Generator\Variation\Female\icon_Clothing_p36.png"
"99_角色產生器零件","現代風產生器","99_角色產生器零件\現代風產生器\Variation\Female\icon_Clothing_p37.png","64","64","dlc\Modern_Generator\parts\Generator\Variation\Female\icon_Clothing_p37.png"
"99_角色產生器零件","現代風產生器","99_角色產生器零件\現代風產生器\Variation\Female\icon_Clothing_p38.png","64","64","dlc\Modern_Generator\parts\Generator\Variation\Female\icon_Clothing_p38.png"
"99_角色產生器零件","現代風產生器","99_角色產生器零件\現代風產生器\Variation\Female\icon_Clothing_p39.png","64","64","dlc\Modern_Generator\parts\Generator\Variation\Female\icon_Clothing_p39.png"
"99_角色產生器零件","現代風產生器","99_角色產生器零件\現代風產生器\Variation\Female\icon_Clothing_p40.png","64","64","dlc\Modern_Generator\parts\Generator\Variation\Female\icon_Clothing_p40.png"
"99_角色產生器零件","現代風產生器","99_角色產生器零件\現代風產生器\Variation\Female\icon_Clothing_p41.png","64","64","dlc\Modern_Generator\parts\Generator\Variation\Female\icon_Clothing_p41.png"
"99_角色產生器零件","現代風產生器","99_角色產生器零件\現代風產生器\Variation\Female\icon_Clothing_p42.png","64","64","dlc\Modern_Generator\parts\Generator\Variation\Female\icon_Clothing_p42.png"
"99_角色產生器零件","現代風產生器","99_角色產生器零件\現代風產生器\Variation\Female\icon_Clothing_p43.png","64","64","dlc\Modern_Generator\parts\Generator\Variation\Female\icon_Clothing_p43.png"
"99_角色產生器零件","現代風產生器","99_角色產生器零件\現代風產生器\Variation\Female\icon_Clothing_p44.png","64","64","dlc\Modern_Generator\parts\Generator\Variation\Female\icon_Clothing_p44.png"
"99_角色產生器零件","現代風產生器","99_角色產生器零件\現代風產生器\Variation\Female\icon_Clothing_p45.png","64","64","dlc\Modern_Generator\parts\Generator\Variation\Female\icon_Clothing_p45.png"
"99_角色產生器零件","現代風產生器","99_角色產生器零件\現代風產生器\Variation\Female\icon_Clothing_p46.png","64","64","dlc\Modern_Generator\parts\Generator\Variation\Female\icon_Clothing_p46.png"
"99_角色產生器零件","現代風產生器","99_角色產生器零件\現代風產生器\Variation\Female\icon_Clothing_p47.png","64","64","dlc\Modern_Generator\parts\Generator\Variation\Female\icon_Clothing_p47.png"
"99_角色產生器零件","現代風產生器","99_角色產生器零件\現代風產生器\Variation\Female\icon_Clothing_p48.png","64","64","dlc\Modern_Generator\parts\Generator\Variation\Female\icon_Clothing_p48.png"
"99_角色產生器零件","現代風產生器","99_角色產生器零件\現代風產生器\Variation\Female\icon_Clothing_p49.png","64","64","dlc\Modern_Generator\parts\Generator\Variation\Female\icon_Clothing_p49.png"
"99_角色產生器零件","現代風產生器","99_角色產生器零件\現代風產生器\Variation\Female\icon_Glasses_p07.png","64","64","dlc\Modern_Generator\parts\Generator\Variation\Female\icon_Glasses_p07.png"
"99_角色產生器零件","現代風產生器","99_角色產生器零件\現代風產生器\Variation\Male\icon_AccA_p09.png","64","64","dlc\Modern_Generator\parts\Generator\Variation\Male\icon_AccA_p09.png"
"99_角色產生器零件","現代風產生器","99_角色產生器零件\現代風產生器\Variation\Male\icon_AccA_p10.png","64","64","dlc\Modern_Generator\parts\Generator\Variation\Male\icon_AccA_p10.png"
"99_角色產生器零件","現代風產生器","99_角色產生器零件\現代風產生器\Variation\Male\icon_AccA_p11.png","64","64","dlc\Modern_Generator\parts\Generator\Variation\Male\icon_AccA_p11.png"
"99_角色產生器零件","現代風產生器","99_角色產生器零件\現代風產生器\Variation\Male\icon_AccA_p12.png","64","64","dlc\Modern_Generator\parts\Generator\Variation\Male\icon_AccA_p12.png"
"99_角色產生器零件","現代風產生器","99_角色產生器零件\現代風產生器\Variation\Male\icon_AccA_p13.png","64","64","dlc\Modern_Generator\parts\Generator\Variation\Male\icon_AccA_p13.png"
"99_角色產生器零件","現代風產生器","99_角色產生器零件\現代風產生器\Variation\Male\icon_AccA_p14.png","64","64","dlc\Modern_Generator\parts\Generator\Variation\Male\icon_AccA_p14.png"
"99_角色產生器零件","現代風產生器","99_角色產生器零件\現代風產生器\Variation\Male\icon_AccA_p15.png","64","64","dlc\Modern_Generator\parts\Generator\Variation\Male\icon_AccA_p15.png"
"99_角色產生器零件","現代風產生器","99_角色產生器零件\現代風產生器\Variation\Male\icon_AccB_p09.png","64","64","dlc\Modern_Generator\parts\Generator\Variation\Male\icon_AccB_p09.png"
"99_角色產生器零件","現代風產生器","99_角色產生器零件\現代風產生器\Variation\Male\icon_AccB_p10.png","64","64","dlc\Modern_Generator\parts\Generator\Variation\Male\icon_AccB_p10.png"
"99_角色產生器零件","現代風產生器","99_角色產生器零件\現代風產生器\Variation\Male\icon_AccB_p11.png","64","64","dlc\Modern_Generator\parts\Generator\Variation\Male\icon_AccB_p11.png"
"99_角色產生器零件","現代風產生器","99_角色產生器零件\現代風產生器\Variation\Male\icon_AccB_p12.png","64","64","dlc\Modern_Generator\parts\Generator\Variation\Male\icon_AccB_p12.png"
"99_角色產生器零件","現代風產生器","99_角色產生器零件\現代風產生器\Variation\Male\icon_AccB_p13.png","64","64","dlc\Modern_Generator\parts\Generator\Variation\Male\icon_AccB_p13.png"
"99_角色產生器零件","現代風產生器","99_角色產生器零件\現代風產生器\Variation\Male\icon_AccB_p14.png","64","64","dlc\Modern_Generator\parts\Generator\Variation\Male\icon_AccB_p14.png"
"99_角色產生器零件","現代風產生器","99_角色產生器零件\現代風產生器\Variation\Male\icon_Clothing_p24.png","64","64","dlc\Modern_Generator\parts\Generator\Variation\Male\icon_Clothing_p24.png"
"99_角色產生器零件","現代風產生器","99_角色產生器零件\現代風產生器\Variation\Male\icon_Clothing_p25.png","64","64","dlc\Modern_Generator\parts\Generator\Variation\Male\icon_Clothing_p25.png"
"99_角色產生器零件","現代風產生器","99_角色產生器零件\現代風產生器\Variation\Male\icon_Clothing_p26.png","64","64","dlc\Modern_Generator\parts\Generator\Variation\Male\icon_Clothing_p26.png"
"99_角色產生器零件","現代風產生器","99_角色產生器零件\現代風產生器\Variation\Male\icon_Clothing_p27.png","64","64","dlc\Modern_Generator\parts\Generator\Variation\Male\icon_Clothing_p27.png"
"99_角色產生器零件","現代風產生器","99_角色產生器零件\現代風產生器\Variation\Male\icon_Clothing_p28.png","64","64","dlc\Modern_Generator\parts\Generator\Variation\Male\icon_Clothing_p28.png"
"99_角色產生器零件","現代風產生器","99_角色產生器零件\現代風產生器\Variation\Male\icon_Clothing_p29.png","64","64","dlc\Modern_Generator\parts\Generator\Variation\Male\icon_Clothing_p29.png"
"99_角色產生器零件","現代風產生器","99_角色產生器零件\現代風產生器\Variation\Male\icon_Clothing_p30.png","64","64","dlc\Modern_Generator\parts\Generator\Variation\Male\icon_Clothing_p30.png"
"99_角色產生器零件","現代風產生器","99_角色產生器零件\現代風產生器\Variation\Male\icon_Clothing_p31.png","64","64","dlc\Modern_Generator\parts\Generator\Variation\Male\icon_Clothing_p31.png"
"99_角色產生器零件","現代風產生器","99_角色產生器零件\現代風產生器\Variation\Male\icon_Clothing_p32.png","64","64","dlc\Modern_Generator\parts\Generator\Variation\Male\icon_Clothing_p32.png"
"99_角色產生器零件","現代風產生器","99_角色產生器零件\現代風產生器\Variation\Male\icon_Clothing_p33.png","64","64","dlc\Modern_Generator\parts\Generator\Variation\Male\icon_Clothing_p33.png"
"99_角色產生器零件","現代風產生器","99_角色產生器零件\現代風產生器\Variation\Male\icon_Clothing_p34.png","64","64","dlc\Modern_Generator\parts\Generator\Variation\Male\icon_Clothing_p34.png"
"99_角色產生器零件","現代風產生器","99_角色產生器零件\現代風產生器\Variation\Male\icon_Clothing_p35.png","64","64","dlc\Modern_Generator\parts\Generator\Variation\Male\icon_Clothing_p35.png"
"99_角色產生器零件","現代風產生器","99_角色產生器零件\現代風產生器\Variation\Male\icon_Clothing_p36.png","64","64","dlc\Modern_Generator\parts\Generator\Variation\Male\icon_Clothing_p36.png"
"99_角色產生器零件","現代風產生器","99_角色產生器零件\現代風產生器\Variation\Male\icon_Clothing_p37.png","64","64","dlc\Modern_Generator\parts\Generator\Variation\Male\icon_Clothing_p37.png"
"99_角色產生器零件","現代風產生器","99_角色產生器零件\現代風產生器\Variation\Male\icon_Clothing_p38.png","64","64","dlc\Modern_Generator\parts\Generator\Variation\Male\icon_Clothing_p38.png"
"99_角色產生器零件","現代風產生器","99_角色產生器零件\現代風產生器\Variation\Male\icon_Clothing_p39.png","64","64","dlc\Modern_Generator\parts\Generator\Variation\Male\icon_Clothing_p39.png"
"99_角色產生器零件","現代風產生器","99_角色產生器零件\現代風產生器\Variation\Male\icon_Clothing_p40.png","64","64","dlc\Modern_Generator\parts\Generator\Variation\Male\icon_Clothing_p40.png"
"99_角色產生器零件","現代風產生器","99_角色產生器零件\現代風產生器\Variation\Male\icon_Clothing_p41.png","64","64","dlc\Modern_Generator\parts\Generator\Variation\Male\icon_Clothing_p41.png"
"99_角色產生器零件","現代風產生器","99_角色產生器零件\現代風產生器\Variation\Male\icon_Clothing_p42.png","64","64","dlc\Modern_Generator\parts\Generator\Variation\Male\icon_Clothing_p42.png"
"99_角色產生器零件","現代風產生器","99_角色產生器零件\現代風產生器\Variation\Male\icon_Clothing_p43.png","64","64","dlc\Modern_Generator\parts\Generator\Variation\Male\icon_Clothing_p43.png"
"99_角色產生器零件","現代風產生器","99_角色產生器零件\現代風產生器\Variation\Male\icon_Glasses_p06.png","64","64","dlc\Modern_Generator\parts\Generator\Variation\Male\icon_Glasses_p06.png"